Train_No,Total_Distance,Total_Stops,Start_Station,End_Station,Departure_Hour,Journey_Duration_Minutes,Time_of_Day_Evening,Time_of_Day_Morning,Time_of_Day_Night
107,78,4,KARMALI,THIVIM,11,1416,False,True,False
108,83,4,KARMALI,THIVIM,21,20,False,False,True
128,978,22,CHIPLUN,VAIBHAVWADI,1,1288,False,False,True
290,2694,14,AGRA CANTT,UDAIPUR CITY,19,750,True,False,False
401,1618,12,AURANGABAD,SHAHGANJ JN.,21,580,False,False,True
421,1276,5,BAREILLY JN.,SHRI MATA VA,9,1333,False,True,False
422,1277,5,BAREILLY JN.,SHRI MATA VA,3,495,False,False,True
477,2616,14,BHIWANI JN.,SIRSA,16,1380,False,False,False
502,1206,9,KANPUR CENTR,AMBALA CANTT,20,775,True,False,False
504,1313,3,BATHINDA JN,PATNA JN.,10,1380,False,True,False
506,1161,3,MUGHAL SARAI,PATIALA,18,1290,True,False,False
557,1301,2,PANJIPARA,URKURA,11,750,False,True,False
604,1429,3,AMRITSAR JN.,PATNA JN.,16,1230,False,False,False
1011,841,18,AKOLA JN.,WARDHA JN.,9,184,False,True,False
1037,513,10,CHIPLUN,THANE,5,1193,False,True,False
1038,503,10,CHIPLUN,THANE,18,290,True,False,False
1045,563,11,CHIPLUN,THANE,5,1193,False,True,False
1119,1329,24,AJNI,WARDHA JN.,19,60,True,False,False
1120,1319,24,AJNI,WARDHA JN.,22,1260,False,False,True
1122,569,14,CHIPLUN,THANE,3,372,False,False,True
1196,1332,26,AKOLA JN.,WARDHA JN.,23,1265,False,False,True
1301,976,17,CHIPLUN,UDUPI,1,564,False,False,True
1302,973,17,CHIPLUN,UDUPI,4,766,False,True,False
1442,1581,13,AGRA CANTT,PUNE JN.,14,650,False,False,False
1655,1050,13,AHMADNAGAR,PUNE JN.,14,1245,False,False,False
1656,1050,13,AHMADNAGAR,PUNE JN.,10,245,False,True,False
1705,1261,14,BANDRA TERMI,VAPI,0,145,False,False,True
1706,1262,14,BANDRA TERMI,VAPI,11,1247,False,True,False
1707,1360,17,AGRA CANTT,AMBALA CANTT,19,490,True,False,False
1708,1362,17,AGRA CANTT,AMBALA CANTT,5,935,False,True,False
2025,579,7,CST-MUMBAI,THANE,5,33,False,True,False
2026,569,7,CST-MUMBAI,THANE,23,1397,False,False,True
2191,1123,16,ANUPPUR JN.,UMARIA,1,1324,False,False,True
2192,1123,16,ANUPPUR JN.,UMARIA,10,133,False,True,False
2195,551,10,VIDISHA,SATNA,21,988,False,False,True
2196,549,10,VIDISHA,SATNA,0,483,False,False,True
2515,3939,58,ARAKKONAM JN,VIZIANAGARAM,17,976,True,False,False
2651,62,3,PALANI,UDUMALAIPPET,7,33,False,True,False
2652,62,3,PALANI,UDUMALAIPPET,18,1380,True,False,False
2731,1854,29,AJMER JN.,WASHIM,3,1420,False,False,True
2732,1853,29,AJMER JN.,WASHIM,17,1375,True,False,False
2821,2066,14,BHUSAVAL JN.,TATANAGAR JN,19,1115,True,False,False
2822,2073,14,BHUSAVAL JN.,TATANAGAR JN,16,320,False,False,False
2833,2332,29,AHMEDABAD,WARDHA JN.,3,994,False,False,True
2834,2351,29,AHMEDABAD,WARDHA JN.,8,463,False,True,False
2841,1656,12,BHUBANESWAR,VISAKHAPATNA,19,400,True,False,False
2842,1656,12,BHUBANESWAR,VISAKHAPATNA,15,985,False,False,False
2845,1770,17,AKOLA JN.,WARDHA JN.,21,162,False,False,True
2846,1791,17,AKOLA JN.,WARDHA JN.,14,1292,False,False,False
3101,523,9,BHUBANESWAR,PURI,10,95,False,True,False
3102,522,9,BHUBANESWAR,PURI,0,1355,False,False,True
3301,58,13,ASANSOL MAIN,KULTI,10,18,False,True,False
3302,58,13,ASANSOL MAIN,KULTI,13,1411,False,False,False
3305,3,2,DHANBAD JN.,KUSUNDA,11,20,False,True,False
3306,3,2,DHANBAD JN.,KUSUNDA,12,1420,False,False,False
3307,4,4,BUDORA,TUNDU,14,1433,False,False,False
3308,4,4,BUDORA,TUNDU,13,4,False,False,False
3501,1193,5,ANAND VIHAR,PATNA JN.,14,495,False,False,False
3502,1193,5,ANAND VIHAR,PATNA JN.,19,980,True,False,False
4401,710,13,ANAND VIHAR,YAMUNANAGER,22,235,False,False,True
4402,710,13,ANAND VIHAR,YAMUNANAGER,14,1200,False,False,False
4409,653,7,DELHI JN.,AMBALA CANTT,21,220,False,False,True
4410,653,7,DELHI JN.,AMBALA CANTT,3,1230,False,False,True
4419,1916,13,VADODARA JN.,THIVIM,2,547,False,False,True
4420,1924,13,VADODARA JN.,THIVIM,3,857,False,False,True
4735,691,17,BIKANER JN.,TAPRI JN.,19,741,True,False,False
4736,691,17,BIKANER JN.,TAPRI JN.,9,733,False,True,False
4767,67,10,BUDHSINGHWAL,SHRI GANGANA,15,61,False,False,False
4768,67,10,BUDHSINGHWAL,SHRI GANGANA,11,1396,False,True,False
4769,67,10,BUDHSINGHWAL,SHRI GANGANA,18,59,True,False,False
4770,67,10,BUDHSINGHWAL,SHRI GANGANA,16,1396,False,False,False
4771,232,24,ANUP SHAHR,TAHSIL BHADR,3,17,False,False,True
4772,232,24,ANUP SHAHR,TAHSIL BHADR,23,1418,False,False,True
4773,125,16,BHAGWANSAR,ZORAWARPURA,22,1332,False,False,True
4774,125,10,GAJSINGHPUR,SARDARGARH,2,1377,False,False,True
4801,21,3,BIDIYAD,PARVATSAR CI,7,1402,False,True,False
4802,21,3,BIDIYAD,PARVATSAR CI,19,38,True,False,False
4831,882,22,CHHOTI KHATU,AMBALA CANTT,16,758,False,False,False
4832,881,22,CHHOTI KHATU,AMBALA CANTT,7,785,False,True,False
4851,197,21,BALSAMAND,TALCHHAPAR,10,39,False,True,False
4852,197,21,BALSAMAND,TALCHHAPAR,18,1402,True,False,False
4853,42,6,CHURU,SHRI MAKRI N,13,1399,False,False,False
4854,42,6,CHURU,SHRI MAKRI N,15,25,False,False,False
4921,81,13,DUKHERI,YAMUNANAGER,6,1390,False,True,False
4922,81,13,DUKHERI,YAMUNANAGER,20,59,True,False,False
4991,99,14,BARI BRAHMAN,VIJAYPUR JAM,16,1424,False,False,False
4992,99,14,BARI BRAHMAN,VIJAYPUR JAM,10,12,False,True,False
5061,112,5,ANAND NAGAR,SHOHRATGARH,8,55,False,True,False
5062,112,5,ANAND NAGAR,SHOHRATGARH,19,1358,True,False,False
5065,503,15,BARA BANKI J,TAMKUHI ROAD,6,933,False,True,False
5066,505,15,BARA BANKI J,TAMKUHI ROAD,21,470,False,False,True
5105,64,4,BASTI,SAHJANWA,13,1358,False,False,False
5106,64,4,BASTI,SAHJANWA,14,48,False,False,False
5305,136,11,ARAUL MAKANP,RAWATPUR,16,1374,False,False,False
5306,136,11,ARAUL MAKANP,RAWATPUR,12,74,False,False,False
5309,81,6,BAREILLY CIT,LALKUA JN.,20,110,True,False,False
5310,81,6,BAREILLY CIT,LALKUA JN.,19,1325,True,False,False
5521,81,12,BADLA GHAT,UMESHNAGAR,22,1372,False,False,True
5522,81,12,BADLA GHAT,UMESHNAGAR,6,45,False,True,False
5613,85,11,ALNIYA,RAMGANJ MAND,7,1383,False,True,False
5614,85,9,ALNIYA,RAMGANJ MAND,19,48,True,False,False
5619,153,20,ARCHIPATHAR,TELAM,15,39,False,False,False
5620,153,20,ARCHIPATHAR,TELAM,9,1402,False,True,False
5631,380,10,BADARPUR JN.,SILCHAR,4,70,False,True,False
5632,379,10,BADARPUR JN.,SILCHAR,20,1345,True,False,False
5715,87,2,KISHANGANJ,NEW JALPAIGU,0,0,False,False,True
5716,87,2,KISHANGANJ,NEW JALPAIGU,4,150,False,True,False
5719,204,11,ALUABARI ROA,THAKURGANJ,1,23,False,False,True
5720,205,11,ALUABARI ROA,THAKURGANJ,19,1403,True,False,False
5863,89,15,BELSIRI,UDALGURI,20,1380,True,False,False
5864,88,15,BELSIRI,UDALGURI,5,55,False,True,False
5865,426,53,ARCHIPATHAR,VISHWANATH C,18,1074,True,False,False
5866,425,53,ARCHIPATHAR,VISHWANATH C,7,371,False,True,False
6001,649,14,CHENGALPATTU,VRIDHA CHALA,22,150,False,False,True
6002,649,15,CHENGALPATTU,VRIDHA CHALA,2,1233,False,False,True
6006,699,14,ARAKKONAM JN,TIRUPPUR,7,1062,False,True,False
6009,1844,27,BERHAMPUR,VIZIANAGARAM,23,173,False,False,True
6010,1843,27,BERHAMPUR,VIZIANAGARAM,18,1228,True,False,False
6041,849,19,ARAKKONAM JN,TIRUPPUR,19,348,True,False,False
6042,851,20,ARAKKONAM JN,TIRUPPUR,7,1149,False,True,False
6043,849,18,ARAKKONAM JN,TIRUPPUR,23,336,False,False,True
6044,852,19,ARAKKONAM JN,TIRUPPUR,5,1100,False,True,False
6046,852,19,ARAKKONAM JN,TIRUPPUR,7,1024,False,True,False
6047,849,19,ARAKKONAM JN,TIRUPPUR,19,348,True,False,False
6048,852,20,ARAKKONAM JN,TIRUPPUR,5,1050,False,True,False
6049,855,19,ARAKKONAM JN,TIRUPPUR,16,322,False,False,False
6050,857,20,ARAKKONAM JN,TIRUPPUR,3,1092,False,False,True
6053,626,14,ALWAYE,TIRUVALLA,22,1314,False,False,True
6054,627,14,ALWAYE,TIRUVALLA,0,113,False,False,True
6057,1656,19,ANAKAPALLE,VIZIANAGARAM,15,1278,False,False,False
6058,1655,19,ANAKAPALLE,VIZIANAGARAM,3,163,False,False,True
6065,500,13,CHENGALPATTU,VILLUPURAM J,17,100,True,False,False
6066,501,13,CHENGALPATTU,VILLUPURAM J,2,1320,False,False,True
6067,522,9,COIMBATORE,VRIDHA CHALA,5,994,False,True,False
6068,522,9,COIMBATORE,VRIDHA CHALA,17,470,True,False,False
6081,45,4,COIMBATORE,PODANUR JN.,13,9,False,False,False
6082,45,4,COIMBATORE,PODANUR JN.,0,949,False,False,True
6412,2462,21,AGRA CANTT,UDUPI,14,1319,False,False,False
6512,77,14,BANASWADI,WHITE FIELD,0,565,False,False,True
6513,17,6,BEML NAGAR,OORGAUM,7,6,False,True,False
6541,881,14,ARSIKERE JN.,YESVANTPUR J,21,1260,False,False,True
6542,878,14,ARSIKERE JN.,YESVANTPUR J,3,195,False,False,True
6547,632,14,ALWAYE,YESVANTPUR J,9,865,False,True,False
6548,634,13,ALWAYE,YESVANTPUR J,15,797,False,False,False
6579,1089,21,ANAKAPALLE,YESVANTPUR J,12,338,False,False,False
6580,1086,21,ANAKAPALLE,YESVANTPUR J,14,1113,False,False,False
6581,607,85,ARABAGATTA,YESVANTPUR B,1,1156,False,False,True
6582,604,85,ARABAGATTA,YESVANTPUR B,3,301,False,False,True
6591,62,9,ANEKAL ROAD,YESVANTPUR J,7,974,False,True,False
6592,61,9,ANEKAL ROAD,YESVANTPUR J,8,81,False,True,False
6593,10,4,BAIYYAPPANAH,WHITE FIELD,0,0,False,False,True
6594,10,4,BAIYYAPPANAH,WHITE FIELD,8,25,False,True,False
6595,33,7,DEVANHALLI,YESVANTPUR J,0,0,False,False,True
6596,33,7,DEVANHALLI,YESVANTPUR J,13,70,False,False,False
6647,89,8,AKALTARA,SARAGBUNDIA,6,1379,False,True,False
6648,89,8,AKALTARA,SARAGBUNDIA,16,73,False,False,False
6769,116,11,GOMANGALAM,UDUMALAIPPET,6,14,False,True,False
6770,116,11,GOMANGALAM,UDUMALAIPPET,20,1423,True,False,False
6851,10,3,KARAIKAL,TIRUMALAIRAY,6,6,False,True,False
6852,10,3,KARAIKAL,TIRUMALAIRAY,0,1272,False,False,True
6853,10,3,KARAIKAL,TIRUMALAIRAY,14,7,False,False,False
6854,10,3,KARAIKAL,TIRUMALAIRAY,0,862,False,False,True
6919,247,36,ANGADGERI H,YARAGOPPA H,12,1294,False,False,False
6920,248,36,ANGADGERI H,YARAGOPPA H,14,142,False,False,False
7005,2276,34,BEGU SARAI,SAMASTIPUR J,11,98,False,True,False
7006,2297,34,BEGU SARAI,SAMASTIPUR J,7,1338,False,True,False
7007,2023,27,BEGU SARAI,SAMASTIPUR J,11,98,False,True,False
7008,2033,28,BEGU SARAI,SAMASTIPUR J,7,1338,False,True,False
7016,670,18,ANAKAPALLE,VISAKHAPATNA,6,53,False,True,False
7044,735,11,ANAKAPALLE,VISAKHAPATNA,6,108,False,True,False
7061,217,8,VIJAYWADA JN,TADEPALLI GU,13,1290,False,False,False
7062,437,14,ARAKKONAM JN,VILLUPURAM J,0,1250,False,False,True
7075,554,17,AKIVIDU,TANUKU,2,48,False,False,True
7076,553,17,AKIVIDU,TANUKU,21,1383,False,False,True
7109,1589,40,ALWAYE,JANGAON,19,1365,True,False,False
7110,1593,40,ALWAYE,JANGAON,6,102,False,True,False
7113,1543,37,ALWAYE,WARANGAL,19,1425,True,False,False
7133,1508,39,ALWAYE,VISHNUPURAM,19,1415,True,False,False
7134,1511,39,ALWAYE,VISHNUPURAM,6,1365,False,True,False
7141,1560,39,ADONI,YADGIR,23,1314,False,False,True
7142,1563,39,ADONI,YADGIR,0,126,False,False,True
7146,763,16,VIJAYWADA JN,JANGAON,23,229,False,False,True
7149,2563,37,ANDUL,VIZIANAGARAM,10,690,False,True,False
7211,1433,36,ALWAYE,VANIYAMBADI,1,888,False,False,True
7212,1436,36,ALWAYE,VANIYAMBADI,13,558,False,False,False
7213,1221,29,ALWAYE,VANIYAMBADI,1,888,False,False,True
7214,1226,30,ALWAYE,VANIYAMBADI,13,558,False,False,False
7217,1360,37,AKIVIDU,VIRAVASARAM,1,1370,False,False,True
7218,1363,37,AKIVIDU,VIRAVASARAM,12,61,False,False,False
7410,1147,29,AURANGABAD,YERRA GUNTLA,9,180,False,True,False
7417,1330,33,AURANGABAD,ZAHIRABAD,9,785,False,True,False
7418,1331,33,AURANGABAD,ZAHIRABAD,23,577,False,False,True
7425,537,15,VIJAYWADA JN,TADEPALLI GU,2,75,False,False,True
7426,537,15,VIJAYWADA JN,TADEPALLI GU,22,1315,False,False,True
7429,742,11,VIJAYWADA JN,WARANGAL,0,1198,False,False,True
7430,744,11,VIJAYWADA JN,WARANGAL,20,180,True,False,False
7431,597,13,VIJAYWADA JN,TIRUPATI,0,390,False,False,True
7432,597,14,VIJAYWADA JN,TIRUPATI,23,1025,False,False,True
7435,555,14,BHIMAVARAM T,TANUKU,20,1403,True,False,False
7436,554,15,AKIVIDU,TANUKU,3,45,False,False,True
7438,1533,28,ANAKAPALLE,VIZIANAGARAM,23,172,False,False,True
7439,1533,28,ANAKAPALLE,VIZIANAGARAM,16,1288,False,False,False
7487,735,11,VIJAYWADA JN,VISAKHAPATNA,4,355,False,True,False
7505,1973,49,AURANGABAD,YERRA GUNTLA,11,1190,False,True,False
7509,1886,47,ADILABAD,YERRA GUNTLA,13,1045,False,False,False
7517,350,9,BHALKI,USMANABAD,23,296,False,False,True
7525,322,33,AMBARI FALAK,TIPKAI,12,389,False,False,False
7526,322,33,AMBARI FALAK,TIPKAI,13,1007,False,False,False
7603,624,14,ANANTAPUR,YELAHANKA JN,0,260,False,False,True
7604,624,14,ANANTAPUR,YELAHANKA JN,19,1200,True,False,False
7607,1014,19,BASAR,WARANGAL,20,413,True,False,False
7608,1016,19,BASAR,WARANGAL,9,991,False,True,False
7613,1636,38,ALWAYE,YERRA GUNTLA,19,348,True,False,False
7614,1641,39,ALWAYE,YERRA GUNTLA,6,933,False,True,False
7644,597,11,VIJAYWADA JN,TIRUPATI,23,475,False,False,True
7645,587,10,VIJAYWADA JN,TADEPALLI GU,5,78,False,True,False
7757,314,6,VIJAYWADA JN,SECUNDERABAD,10,1125,False,True,False
7758,314,6,VIJAYWADA JN,SECUNDERABAD,17,320,True,False,False
7941,587,12,VIJAYWADA JN,TENALI JN.,23,58,False,False,True
7942,597,13,VIJAYWADA JN,TIRUPATI,1,1045,False,False,True
8001,39,2,JHARGRAM,KHARAGPUR,10,1405,False,True,False
8002,39,2,JHARGRAM,KHARAGPUR,18,45,True,False,False
8014,12,4,GOKULPUR,MIDNAPORE,8,1430,False,True,False
8017,39,6,JHARGRAM,SARDIHA,6,1420,False,True,False
8018,39,6,JHARGRAM,SARDIHA,21,14,False,False,True
8035,120,19,ANGUA PH,BAKHRABAD,13,1411,False,False,False
8036,120,19,ANGUA PH,BAKHRABAD,16,29,False,False,False
8051,39,3,JHARGRAM,SARDIHA,6,1433,False,True,False
8052,39,5,JHARGRAM,SARDIHA,18,13,True,False,False
8061,1847,24,ANUPPUR JN.,TATANAGAR JN,10,815,False,True,False
8062,1838,24,ANUPPUR JN.,TATANAGAR JN,8,655,False,True,False
8063,115,17,BOGRI ROAD,BISHNUPUR,20,27,True,False,False
8064,2039,16,BERHAMPUR,YESVANTPUR J,1,1375,False,False,True
8065,115,17,BOGRI ROAD,BISHNUPUR,16,26,False,False,False
8082,30,6,BANKURA,BISHNUPUR,22,30,False,False,True
8087,30,6,BANKURA,BISHNUPUR,7,1412,False,True,False
8101,40,5,BARABAMBO,RAJKHARSAWAN,22,1410,False,False,True
8102,40,5,BARABAMBO,RAJKHARSAWAN,20,8,True,False,False
8301,1567,15,BANASWADI,VIZIANAGARAM,16,70,False,False,False
8302,1567,15,BANASWADI,VIZIANAGARAM,0,1280,False,False,True
8403,495,9,BHUBANESWAR,SANTRAGACHI,23,460,False,False,True
8404,497,9,BHUBANESWAR,SANTRAGACHI,1,1075,False,False,True
8501,700,13,ANAKAPALLE,WARANGAL,23,488,False,False,True
8502,698,13,ANAKAPALLE,WARANGAL,4,881,False,True,False
8511,471,12,ARAKU,VISAKHAPATNA,23,200,False,False,True
8512,471,12,ARAKU,VISAKHAPATNA,1,1240,False,False,True
8567,1571,29,ALWAYE,VISAKHAPATNA,23,1385,False,False,True
8568,1578,29,ALWAYE,VISAKHAPATNA,9,164,False,True,False
8573,760,15,ANAKAPALLE,VISAKHAPATNA,23,1388,False,False,True
8574,759,15,ANAKAPALLE,VISAKHAPATNA,5,85,False,True,False
8581,11,2,BALHARSHAH,CHANDAFORT,23,20,False,False,True
8582,11,2,BALHARSHAH,CHANDAFORT,5,1425,False,True,False
8617,1365,15,ALLAHABAD JN,TUNDLA JN,4,330,False,True,False
8618,1356,15,ALLAHABAD JN,TUNDLA JN,8,1100,False,True,False
8627,484,13,ADRA,BISHNUPUR,17,1367,True,False,False
8628,481,14,ADRA,BISHNUPUR,10,68,False,True,False
8872,133,17,AMGAON,SALEKASA,23,1423,False,False,True
9003,1355,5,BANDRA TERMI,SURAT,16,170,False,False,False
9004,1358,5,BANDRA TERMI,SURAT,6,1215,False,True,False
9005,1373,4,MUMBAI CENTR,NEW DELHI,16,955,False,False,False
9006,1376,4,MUMBAI CENTR,NEW DELHI,6,475,False,True,False
9011,1209,20,ABU ROAD,VAPI,23,883,False,False,True
9012,1211,20,ABU ROAD,VAPI,0,573,False,False,True
9433,780,14,AHMEDABAD,VIRAMGAM JN,8,65,False,True,False
9434,780,14,AHMEDABAD,VIRAMGAM JN,21,1346,False,False,True
9621,1281,12,AJMER JN.,SAWAI MADHOP,6,295,False,True,False
9622,1281,12,AJMER JN.,SAWAI MADHOP,3,1160,False,False,True
9721,429,12,AJMER JN.,UDAIPUR CITY,8,305,False,True,False
9722,429,12,AJMER JN.,UDAIPUR CITY,20,1140,True,False,False
9761,125,13,BHAGWANSAR,SARDARGARH,6,1426,False,True,False
9809,447,11,BHARATPUR JN,SAWAI MADHOP,0,1296,False,False,True
9810,450,11,BHARATPUR JN,SAWAI MADHOP,8,161,False,True,False
10103,590,20,ADAVALI,VAIBHAVWADI,13,51,False,False,False
10104,594,20,ADAVALI,VAIBHAVWADI,12,1396,False,False,False
10111,590,20,CHIPLUN,VILAVADE,4,124,False,True,False
10112,594,20,CHIPLUN,VILAVADE,0,1298,False,False,True
10215,726,13,ALWAYE,UDUPI,10,934,False,True,False
10216,727,13,ALWAYE,UDUPI,14,499,False,False,False
11001,348,12,AHMADNAGAR,SAI NAGAR SH,6,1330,False,True,False
11002,348,12,AHMADNAGAR,SAI NAGAR SH,17,172,True,False,False
11003,502,21,ADAVALI,VILAVADE,6,14,False,True,False
11004,504,21,ADAVALI,VILAVADE,21,1422,False,False,True
11005,1636,39,ARNI ROAD,YESVANTPUR J,3,1085,False,False,True
11006,1639,38,ARNI ROAD,YESVANTPUR J,23,400,False,False,True
11007,191,12,CST-MUMBAI,THANE,7,33,False,True,False
11008,191,11,CST-MUMBAI,THANE,19,1391,True,False,False
11009,191,12,CHINCHVAD,THANE,17,1276,True,False,False
11010,191,11,CHINCHVAD,SHIVAJINAGAR,6,1415,False,True,False
11011,723,16,BARSHI,USMANABAD,19,39,True,False,False
11012,723,16,BARSHI,USMANABAD,14,1397,False,False,False
11013,1515,34,ADONI,YADGIR,12,1298,False,False,False
11014,1515,34,ADONI,YADGIR,23,139,False,False,True
11015,1678,47,AIT JN,THANE,20,147,True,False,False
11016,1677,46,AIT JN,THANE,4,1373,False,True,False
11017,1631,30,ARAKKONAM JN,YADGIR,9,840,False,True,False
11018,1634,30,ARAKKONAM JN,YADGIR,23,638,False,False,True
11019,1941,39,ANAKAPALLE,WARANGAL,19,911,True,False,False
11020,1941,40,ANAKAPALLE,WARANGAL,23,515,False,False,True
11021,1843,40,ARSIKERE JN.,YESVANTPUR J,18,205,True,False,False
11022,1845,39,ARSIKERE JN.,YESVANTPUR J,9,1140,False,True,False
11023,517,28,BHILAVDI,WATHAR,3,1270,False,False,True
11024,517,31,BHILAVDI,WATHAR,0,139,False,False,True
11025,545,19,BHUSAVAL JN.,PUNE JN.,0,700,False,False,True
11026,545,19,BHUSAVAL JN.,PUNE JN.,21,835,False,False,True
11027,1281,52,ADONI,YADGIR,16,1274,False,False,False
11028,1283,52,ADONI,YADGIR,9,164,False,True,False
11029,517,35,BHILAVDI,WATHAR,18,1248,True,False,False
11030,517,34,BHILAVDI,WATHAR,9,164,False,True,False
11031,108,5,BIJAPUR JN,SOLAPUR,12,1310,False,False,False
11032,108,5,BIJAPUR JN,SOLAPUR,14,170,False,False,False
11033,1955,30,ALLAHABAD JN,SATNA,16,1170,False,False,False
11034,1953,30,ALLAHABAD JN,SATNA,7,190,False,True,False
11035,1210,27,ARSIKERE JN.,HUBLI JN.,18,1103,True,False,False
11036,1213,26,ARSIKERE JN.,HUBLI JN.,9,355,False,True,False
11037,1777,17,ALLAHABAD JN,SATNA,16,1170,False,False,False
11038,1777,17,ALLAHABAD JN,SATNA,1,178,False,False,True
11039,1352,62,AMBLE,YEOLA,21,448,False,False,True
11040,1353,60,AJNI,YEOLA,11,634,False,True,False
11041,1281,36,ADONI,YADGIR,5,1308,False,True,False
11042,1283,34,ADONI,YADGIR,21,138,False,False,True
11043,1696,27,ADONI,WADI JN.,14,1270,False,False,False
11044,1700,26,ADONI,WADI JN.,13,315,False,False,False
11045,2894,39,ADILABAD,SATARA,2,72,False,False,True
11046,2892,39,ADILABAD,SATARA,23,1422,False,False,True
11047,278,12,BELGAUM,UGAR KHURD,2,1325,False,False,True
11048,279,12,BELGAUM,UGAR KHURD,2,119,False,False,True
11049,949,18,AHMEDABAD,VAPI,19,345,True,False,False
11050,949,18,AHMEDABAD,VAPI,7,1078,False,True,False
11051,314,9,DHALGAON,SOLAPUR,3,1215,False,False,True
11052,314,9,DHALGAON,SOLAPUR,2,305,False,False,True
11053,1552,17,ALLAHABAD JN,THANE,18,1343,True,False,False
11054,1551,17,ALLAHABAD JN,THANE,12,1388,False,False,False
11055,1732,23,ALLAHABAD JN,ZAFARABAD JN,10,152,False,True,False
11056,1732,23,ALLAHABAD JN,ZAFARABAD JN,17,1211,True,False,False
11057,2026,90,AGRA CANTT,AMBALA CANTT,0,550,False,False,True
11058,2029,91,AGRA CANTT,AMBALA CANTT,0,880,False,False,True
11059,1772,24,ALLAHABAD JN,ZAFARABAD JN,10,152,False,True,False
11060,1770,24,ALLAHABAD JN,ZAFARABAD JN,17,1211,True,False,False
11061,1885,41,ALLAHABAD JN,YUSUFPUR,11,293,False,True,False
11062,1883,39,ALLAHABAD JN,YUSUFPUR,3,1071,False,False,True
11063,352,14,AYODHYAPATTI,VRIDHA CHALA,4,1300,False,True,False
11064,352,14,AYODHYAPATTI,VRIDHA CHALA,21,129,False,False,True
11067,1510,20,ALLAHABAD JN,THANE,4,83,False,True,False
11068,1509,20,ALLAHABAD JN,THANE,21,1427,False,False,True
11071,1645,43,ALLAHABAD JN,THANE,16,1253,False,False,False
11072,1647,41,ALLAHABAD JN,THANE,19,150,True,False,False
11073,1265,18,ADONI,YADGIR,3,1298,False,False,True
11074,1267,17,ADONI,YADGIR,23,125,False,False,True
11075,651,13,BHALKI,USMANABAD,23,1192,False,False,True
11076,651,13,BHALKI,USMANABAD,8,291,False,True,False
11077,2155,67,AGRA CANTT,VIJAYPUR JAM,17,929,True,False,False
11078,2157,65,AGRA CANTT,VIJAYPUR JAM,13,508,False,False,False
11079,1745,25,ANAND NAGAR,TULSIPUR,0,1308,False,False,True
11080,1745,24,ANAND NAGAR,TULSIPUR,6,130,False,True,False
11081,1731,20,CHHEOKI,SATNA,16,1217,False,False,False
11082,1731,19,CHHEOKI,SATNA,21,190,False,False,True
11083,1153,29,ADILABAD,WANI,5,176,False,True,False
11084,1153,28,ADILABAD,WANI,2,1239,False,False,True
11085,574,11,CHIPLUN,THANE,10,1175,False,True,False
11086,578,11,CHIPLUN,THANE,11,285,False,True,False
11087,1053,26,AHMEDABAD,WANKANER,17,1208,True,False,False
11088,1053,25,AHMEDABAD,WANKANER,8,180,False,True,False
11089,1074,26,ABU ROAD,VAPI,10,683,False,True,False
11090,1072,26,ABU ROAD,VAPI,12,786,False,False,False
11091,981,24,AHMEDABAD,VIRAMGAM JN,16,1317,False,False,False
11092,981,24,AHMEDABAD,VIRAMGAM JN,8,67,False,True,False
11093,1516,27,CHHEOKI,THANE,0,15,False,False,True
11094,1515,26,CHHEOKI,THANE,15,1327,False,False,False
11095,623,17,AHMEDABAD,VAPI,16,331,False,False,False
11096,622,16,AHMEDABAD,VAPI,7,1078,False,True,False
11097,1278,33,ALWAYE,UDUPI,7,874,False,True,False
11098,1279,32,ALWAYE,UDUPI,23,507,False,False,True
11101,1373,23,BHARUCH JN.,VAPI,9,1277,False,True,False
11102,1373,23,BHARUCH JN.,VAPI,9,160,False,True,False
11103,1321,21,BANDRA TERMI,VAPI,16,1291,False,False,False
11104,1321,21,BANDRA TERMI,VAPI,5,137,False,True,False
11107,629,31,ALLAHABAD JN,UGRASENPUR,7,67,False,True,False
11108,629,37,ALLAHABAD JN,UGRASENPUR,22,1293,False,False,True
11109,291,11,AIT JN,POKHRAYAN,7,70,False,True,False
11110,291,11,AIT JN,POKHRAYAN,20,1363,True,False,False
11111,939,12,AGRA CANTT,HAZRAT NIZAM,15,210,False,False,False
11112,941,12,AGRA CANTT,HAZRAT NIZAM,3,1250,False,False,True
11123,1051,49,AIT JN,SAHJANWA,16,795,False,False,False
11124,1054,49,AIT JN,SIWAN JN.,15,845,False,False,False
11125,561,11,BADARWAS,UJJAIN JN,3,1070,False,False,True
11126,561,11,BADARWAS,UJJAIN JN,22,410,False,False,True
11201,1015,26,AJNI,WARDHA JN.,14,1337,False,False,False
11202,1015,26,AJNI,WARDHA JN.,16,55,False,False,False
11203,1340,28,AJMER JN.,UJJAIN JN,11,670,False,True,False
11204,1340,28,AJMER JN.,UJJAIN JN,19,745,True,False,False
11205,699,20,AURANGABAD,UMRI,0,389,False,False,True
11206,699,20,AURANGABAD,UMRI,6,1079,False,True,False
11265,432,14,AMBIKAPUR,UMARIA,23,1069,False,False,True
11266,434,14,AMBIKAPUR,UMARIA,6,312,False,True,False
11272,737,47,GANJ BASODA,SALAIA,19,327,True,False,False
11301,1154,35,ADONI,YELAHANKA JN,22,514,False,False,True
11302,1154,34,ADONI,YELAHANKA JN,3,1058,False,False,True
11303,989,38,ADONI,YADGIR,6,1288,False,True,False
11304,987,38,ADONI,YADGIR,22,126,False,False,True
11307,221,7,GULBARGA,WADI JN.,10,40,False,True,False
11308,223,7,GULBARGA,WADI JN.,21,1380,False,False,True
11309,267,14,ARAG,SOLAPUR,11,1129,False,True,False
11310,267,14,ARAG,SOLAPUR,15,310,False,False,False
11401,1053,34,ADILABAD,WARORA,9,253,False,True,False
11402,1052,34,ADILABAD,WARORA,12,1159,False,False,False
11403,1026,22,AKOLA JN.,WARDHA JN.,20,1206,True,False,False
11404,1026,22,AKOLA JN.,WARDHA JN.,7,174,False,True,False
11405,811,18,AKOLA JN.,WASHIM,13,1304,False,False,False
11406,812,18,AKOLA JN.,WASHIM,20,74,True,False,False
11407,1478,17,AHMADNAGAR,PUNE JN.,0,1277,False,False,True
11408,1478,17,AHMADNAGAR,PUNE JN.,7,215,False,True,False
11423,357,14,BADAMI,HUBLI JN.,11,210,False,True,False
11424,356,14,BADAMI,HUBLI JN.,17,1282,True,False,False
11447,1156,45,ASANSOL MAIN,WYNDHAMGANJ,0,665,False,False,True
11448,1155,46,ASANSOL MAIN,WYNDHAMGANJ,15,653,False,False,False
11449,1561,34,AGRA CANTT,UDHAMPUR,18,1180,True,False,False
11450,1564,31,AGRA CANTT,UDHAMPUR,18,246,True,False,False
11463,1416,50,AHMEDABAD,WANKANER,18,1190,True,False,False
11464,1417,50,AHMEDABAD,WANKANER,8,203,False,True,False
11465,1572,49,AHMEDABAD,WANKANER,18,1190,True,False,False
11466,1575,50,AHMEDABAD,WANKANER,8,203,False,True,False
11651,344,14,BEOHARI,VIJAYSOTA,18,1403,True,False,False
11652,345,14,BEOHARI,VIJAYSOTA,7,33,False,True,False
11701,751,16,ASHOK NAGAR,SIHORAROAD,12,1051,False,False,False
11702,751,16,ASHOK NAGAR,SIHORAROAD,10,466,False,True,False
11703,823,20,BERCHHA,UJJAIN JN,11,62,False,True,False
11704,821,20,BERCHHA,UJJAIN JN,23,1362,False,False,True
11801,215,6,BHIND,JHANSI JN,21,1215,False,False,True
11802,215,6,BHIND,JHANSI JN,5,253,False,True,False
11901,292,13,CHATA,SUBZI MANDI,6,178,False,True,False
11902,294,13,CHATA,SUBZI MANDI,20,1232,True,False,False
12001,688,10,AGRA CANTT,NEW DELHI,21,135,False,False,True
12002,690,10,AGRA CANTT,NEW DELHI,8,1318,False,True,False
12003,504,7,ALIGARH JN.,TUNDLA JN,20,1390,True,False,False
12004,504,7,ALIGARH JN.,TUNDLA JN,7,57,False,True,False
12005,268,5,CHANDIGARH,AMBALA CANTT,20,1387,True,False,False
12006,268,5,CHANDIGARH,AMBALA CANTT,6,40,False,True,False
12007,498,4,KATPADI JN,KRANTIVIRA S,7,190,False,True,False
12008,499,4,KATPADI JN,KRANTIVIRA S,19,1250,True,False,False
12009,490,9,AHMEDABAD,VAPI,12,1178,False,False,False
12010,490,9,AHMEDABAD,VAPI,14,253,False,False,False
12011,268,6,CHANDIGARH,AMBALA CANTT,11,1395,False,True,False
12012,268,6,CHANDIGARH,AMBALA CANTT,18,40,True,False,False
12013,447,8,AMRITSAR JN.,AMBALA CANTT,22,1220,False,False,True
12014,447,8,AMRITSAR JN.,AMBALA CANTT,5,210,False,True,False
12015,442,10,AJMER JN.,REWARI JN.,12,1140,False,False,False
12016,442,10,AJMER JN.,REWARI JN.,15,315,False,False,False
12017,314,8,DEHRA DUN,SAHARANPUR J,12,1270,False,False,False
12018,314,8,DEHRA DUN,SAHARANPUR J,17,150,True,False,False
12019,436,10,ASANSOL MAIN,RANI GANJ,8,1421,False,True,False
12020,434,10,ASANSOL MAIN,RANI GANJ,18,14,True,False,False
12021,402,10,BARBIL,TATANAGAR JN,13,1250,False,False,False
12022,401,11,BARBIL,TATANAGAR JN,13,180,False,False,False
12023,530,14,ASANSOL MAIN,PATNA SAHEB,16,301,False,False,False
12024,531,14,ASANSOL MAIN,PATNA SAHEB,10,1143,False,True,False
12025,598,8,BEGAMPET,WADI JN.,13,1307,False,False,False
12026,598,8,BEGAMPET,WADI JN.,14,144,False,False,False
12027,360,4,BANGALORE CA,KRANTIVIRA S,22,20,False,False,True
12028,361,4,BANGALORE CA,KRANTIVIRA S,6,1431,False,True,False
12029,447,8,AMRITSAR JN.,AMBALA CANTT,13,1210,False,False,False
12030,447,8,AMRITSAR JN.,AMBALA CANTT,16,220,False,False,False
12031,447,8,AMRITSAR JN.,AMBALA CANTT,13,1210,False,False,False
12032,447,8,AMRITSAR JN.,AMBALA CANTT,16,220,False,False,False
12033,430,5,ALIGARH JN.,NEW DELHI,9,133,False,True,False
12034,430,4,KANPUR CENTR,NEW DELHI,20,1145,True,False,False
12035,240,4,AGRA  FORT,JAIPUR JN.,10,1230,False,True,False
12036,240,4,AGRA  FORT,JAIPUR JN.,17,220,True,False,False
12037,328,7,DHURI JN.,TOHANA,11,1349,False,True,False
12038,328,7,DHURI JN.,TOHANA,17,81,True,False,False
12039,283,8,GHAZIABAD JN,RUDRAPUR CIT,20,1222,True,False,False
12040,283,8,GHAZIABAD JN,RUDRAPUR CIT,6,197,False,True,False
12041,560,7,BOLPUR,NEW JALPAIGU,16,384,False,False,False
12042,560,7,BOLPUR,NEW JALPAIGU,11,1076,False,True,False
12043,397,8,JAGRAON,TOHANA,13,1221,False,False,False
12044,397,8,JAGRAON,TOHANA,15,210,False,False,False
12045,243,4,CHANDIGARH,AMBALA CANTT,22,1393,False,False,True
12046,243,4,CHANDIGARH,AMBALA CANTT,12,40,False,False,False
12047,385,10,BATHINDA JN,TOHANA,21,1322,False,False,True
12048,385,10,BATHINDA JN,TOHANA,5,90,False,True,False
12049,181,2,AGRA CANTT,HAZRAT NIZAM,17,100,True,False,False
12050,183,2,AGRA CANTT,HAZRAT NIZAM,9,1340,False,True,False
12051,581,9,CHIPLUN,THANE,9,1220,False,True,False
12052,585,9,CHIPLUN,THANE,18,228,True,False,False
12053,406,11,AMRITSAR JN.,YAMUNANAGER,22,1126,False,False,True
12054,406,11,AMRITSAR JN.,YAMUNANAGER,6,291,False,True,False
12055,304,9,DEOBAND,TAPRI JN.,17,29,True,False,False
12056,304,10,DEOBAND,TAPRI JN.,8,1416,False,True,False
12057,386,14,ANANDPUR SAH,AMBALA CANTT,21,1257,False,False,True
12058,386,14,ANANDPUR SAH,AMBALA CANTT,5,164,False,True,False
12059,447,10,BHARATPUR JN,SAWAI MADHOP,9,1298,False,True,False
12060,450,10,BHARATPUR JN,SAWAI MADHOP,15,132,False,False,False
12061,330,10,ITARSI,SRIDHAM,19,153,True,False,False
12062,330,10,ITARSI,SRIDHAM,9,1244,False,True,False
12065,389,10,AJMER JN.,RINGUS JN.,5,127,False,True,False
12066,389,10,AJMER JN.,RINGUS JN.,22,1288,False,False,True
12067,376,11,BOKAJAN,MARIANI JN.,11,91,False,True,False
12068,375,11,BOKAJAN,MARIANI JN.,16,1344,False,False,False
12069,419,15,AKALTARA,TILDA,8,105,False,True,False
12070,411,15,AKALTARA,TILDA,20,1332,True,False,False
12071,422,7,AURANGABAD,THANE,20,1088,True,False,False
12072,422,7,AURANGABAD,THANE,6,347,False,True,False
12073,442,9,BHUBANESWAR,SORO,20,1249,True,False,False
12074,441,9,BHUBANESWAR,SORO,6,155,False,True,False
12075,399,12,ALLEPPEY,VARKALA,18,109,True,False,False
12076,398,12,ALLEPPEY,VARKALA,8,1337,False,True,False
12077,453,10,VIJAYWADA JN,TENALI JN.,14,1354,False,False,False
12078,453,10,VIJAYWADA JN,TENALI JN.,15,79,False,False,False
12079,470,11,ARSIKERE JN.,YESVANTPUR J,8,1293,False,True,False
12080,468,11,ARSIKERE JN.,YESVANTPUR J,18,138,True,False,False
12081,500,15,VADAKARA,TRIVANDRUM C,5,510,False,True,False
12082,499,15,VADAKARA,TRIVANDRUM C,22,950,False,False,True
12083,361,10,COIMBATORE,TIRUPPUR,21,1368,False,False,True
12084,361,10,COIMBATORE,TIRUPPUR,7,38,False,True,False
12085,506,10,CHAPARMUKH J,SIBSAGAR TOW,13,359,False,False,False
12086,505,10,CHAPARMUKH J,SIBSAGAR TOW,11,1089,False,True,False
12087,332,8,GUWAHATI,VISHWANATH C,11,1187,False,True,False
12088,332,8,GUWAHATI,VISHWANATH C,15,250,False,False,False
12101,1956,16,AKOLA JN.,TATANAGAR JN,4,1108,False,True,False
12102,1963,17,AKOLA JN.,TATANAGAR JN,20,380,True,False,False
12103,1478,13,BINA,PUNE JN.,9,435,False,True,False
12104,1478,13,BINA,PUNE JN.,14,1075,False,False,False
12105,971,26,AJNI,WARDHA JN.,8,1381,False,True,False
12106,972,27,AJNI,WARDHA JN.,17,54,True,False,False
12107,1408,11,BHOPAL,THANE,5,698,False,True,False
12108,1408,11,BHOPAL,THANE,8,845,False,True,False
12109,260,10,CST-MUMBAI,NIPHAD,18,230,True,False,False
12110,260,10,CST-MUMBAI,NIPHAD,10,1183,False,True,False
12111,676,14,AKOLA JN.,SHEGAON,5,1403,False,True,False
12112,676,14,AKOLA JN.,SHEGAON,20,28,True,False,False
12113,895,9,AKOLA JN.,WARDHA JN.,4,209,False,True,False
12114,895,9,AKOLA JN.,WARDHA JN.,22,1272,False,False,True
12115,456,14,BHIGVAN,THANE,4,1157,False,True,False
12116,457,15,BHIGVAN,THANE,1,284,False,False,True
12117,244,10,DEVLALI,THANE,18,1268,True,False,False
12118,244,10,DEVLALI,THANE,9,153,False,True,False
12119,180,5,AJNI,WARDHA JN.,8,1372,False,True,False
12120,180,5,AJNI,WARDHA JN.,18,61,True,False,False
12121,883,7,DAMOH,SAUGOR,22,65,False,False,True
12122,886,7,DAMOH,SAUGOR,3,1365,False,False,True
12123,191,5,CST-MUMBAI,SHIVAJINAGAR,17,179,True,False,False
12124,191,4,CST-MUMBAI,PUNE JN.,10,1250,False,True,False
12125,190,8,CST-MUMBAI,THANE,16,29,False,False,False
12126,190,7,CST-MUMBAI,THANE,11,1393,False,True,False
12127,191,6,CST-MUMBAI,THANE,6,32,False,True,False
12128,191,5,CST-MUMBAI,THANE,21,1393,False,False,True
12129,2026,30,AKOLA JN.,WARDHA JN.,5,192,False,True,False
12130,2033,30,AKOLA JN.,WARDHA JN.,19,1278,True,False,False
12131,330,8,DADAR,THANE,21,18,False,False,True
12132,330,8,DADAR,THANE,4,1398,False,True,False
12133,903,14,BHATKAL,UDUPI,9,72,False,True,False
12134,909,14,BHATKAL,UDUPI,16,1366,False,False,False
12135,895,18,AJNI,WARDHA JN.,9,1374,False,True,False
12136,895,18,AJNI,WARDHA JN.,18,57,True,False,False
12137,1910,56,AGRA CANTT,TOHANA,17,427,True,False,False
12138,1913,54,AGRA CANTT,TOHANA,8,1000,False,True,False
12139,841,33,AJNI,WARDHA JN.,5,1358,False,True,False
12140,841,33,AJNI,WARDHA JN.,21,62,False,False,True
12141,1693,14,ARA,THANE,2,1270,False,False,True
12142,1692,13,ARA,THANE,11,167,False,True,False
12143,1540,14,BINA,SULTANPUR JN,9,620,False,True,False
12144,1541,14,BINA,SULTANPUR JN,12,665,False,False,False
12145,1888,27,AKOLA JN.,TALCHER,5,1300,False,True,False
12146,1895,27,AKOLA JN.,TALCHER,21,205,False,False,True
12147,1897,22,AGRA CANTT,SATARA,14,1352,False,False,False
12148,1900,22,AGRA CANTT,SATARA,8,197,False,True,False
12149,1757,19,CHHEOKI,SATNA,20,1180,True,False,False
12150,1756,19,CHHEOKI,SATNA,5,160,False,True,False
12151,2089,24,ADRA,SANTRAGACHI,3,276,False,False,True
12152,2095,23,ADRA,ROURKELA,1,245,False,False,True
12153,820,10,BHUSAVAL JN.,THANE,23,1063,False,False,True
12154,820,10,BHUSAVAL JN.,THANE,0,392,False,False,True
12155,681,10,AGRA CANTT,HAZRAT NIZAM,4,190,False,True,False
12156,683,10,AGRA CANTT,HAZRAT NIZAM,23,1292,False,False,True
12157,265,4,DAUND JN.,SOLAPUR,19,178,True,False,False
12158,265,4,DAUND JN.,SOLAPUR,9,1270,False,True,False
12159,725,20,AMRAVATI,WARDHA JN.,17,108,True,False,False
12160,725,20,AMRAVATI,WARDHA JN.,9,1310,False,True,False
12161,1320,21,AGRA CANTT,THANE,13,223,False,False,False
12162,1320,21,AGRA CANTT,THANE,23,1365,False,False,True
12163,1278,24,ADONI,YADGIR,9,1308,False,True,False
12164,1281,22,ADONI,YADGIR,15,159,False,False,False
12165,1488,16,ALLAHABAD JN,THANE,4,83,False,True,False
12166,1487,16,ALLAHABAD JN,THANE,23,1277,False,False,True
12167,1500,13,CHHEOKI,SATNA,23,1193,False,False,True
12168,1500,13,CHHEOKI,SATNA,12,165,False,False,False
12169,265,5,DAUND JN.,SOLAPUR,10,178,False,True,False
12170,265,5,DAUND JN.,SOLAPUR,16,1275,False,False,False
12171,1756,12,AGRA CANTT,TAPRI JN.,4,434,False,True,False
12172,1759,12,AGRA CANTT,TAPRI JN.,3,1039,False,False,True
12173,1581,13,AMETHI,THANE,17,1387,True,False,False
12174,1581,13,AMETHI,THANE,2,168,False,False,True
12175,1291,31,CHHEOKI,SASARAM,7,1168,False,True,False
12176,1292,31,CHHEOKI,SASARAM,17,254,True,False,False
12177,1451,34,CHHEOKI,SASARAM,7,1167,False,True,False
12178,1453,34,CHHEOKI,SASARAM,17,254,True,False,False
12179,323,14,AGRA CANTT,TUNDLA JN,21,1373,False,False,True
12180,323,14,AGRA CANTT,TUNDLA JN,5,63,False,True,False
12181,1024,22,AJMER JN.,SAWAI MADHOP,14,1140,False,False,False
12182,1024,22,AJMER JN.,SAWAI MADHOP,15,255,False,False,False
12183,754,11,AMETHI,RAE BARELI J,8,1388,False,True,False
12184,754,11,AMETHI,RAE BARELI J,19,58,True,False,False
12185,555,15,GANJ BASODA,UNCHEHARA,23,394,False,False,True
12186,557,15,GANJ BASODA,UNCHEHARA,4,1017,False,True,False
12187,996,15,BHUSAVAL JN.,PIPARIYA,4,1053,False,True,False
12188,996,15,BHUSAVAL JN.,PIPARIYA,20,413,True,False,False
12189,937,29,AGRA CANTT,SATNA,8,755,False,True,False
12190,938,28,AGRA CANTT,SATNA,19,677,True,False,False
12191,1021,24,AGRA CANTT,SRIDHAM,17,776,True,False,False
12192,1019,24,AGRA CANTT,SRIDHAM,7,633,False,True,False
12193,1747,20,ANANTAPUR,YESVANTPUR J,19,1202,True,False,False
12194,1734,20,ANANTAPUR,YESVANTPUR J,9,255,False,True,False
12195,375,14,AGRA  FORT,NADBAI,5,83,False,True,False
12196,375,14,AGRA  FORT,NADBAI,21,1319,False,False,True
12197,484,11,ASHOK NAGAR,SHIVPURI,18,172,True,False,False
12198,484,11,ASHOK NAGAR,SHIVPURI,11,1243,False,True,False
12201,1513,25,ANKOLA,UDUPI,3,146,False,False,True
12202,1517,25,ANKOLA,UDUPI,0,1300,False,False,True
12203,1711,23,AMRITSAR JN.,AMBALA CANTT,21,1182,False,False,True
12204,1714,23,AMRITSAR JN.,AMBALA CANTT,4,235,False,True,False
12205,304,7,DEHRA DUN,ROORKEE,5,1290,False,True,False
12206,304,7,DEHRA DUN,ROORKEE,23,126,False,False,True
12207,768,16,BILASPUR ROA,YAMUNANAGER,20,330,True,False,False
12208,768,16,BILASPUR ROA,YAMUNANAGER,12,1109,False,False,False
12209,415,12,BAREILLY CIT,SHAHJAHANPUR,12,1351,False,False,False
12210,415,12,BAREILLY CIT,SHAHJAHANPUR,22,86,False,False,True
12211,1057,14,ANAND VIHAR,SHAHJAHANPUR,12,1100,False,False,False
12212,1059,14,ANAND VIHAR,SHAHJAHANPUR,20,332,True,False,False
12213,2350,7,BALHARSHAH,YESVANTPUR J,13,595,False,False,False
12214,2351,6,BALHARSHAH,YESVANTPUR J,17,895,True,False,False
12215,1431,18,ABU ROAD,SURAT,21,444,False,False,True
12216,1429,18,ABU ROAD,SURAT,23,970,False,False,True
12217,3086,22,ALLEPPEY,AMBALA CANTT,11,187,False,True,False
12218,3084,22,ALLEPPEY,AMBALA CANTT,11,1350,False,True,False
12219,774,4,LOKMANYA TIL,SOLAPUR,23,412,False,False,True
12220,774,4,LOKMANYA TIL,SOLAPUR,11,1012,False,True,False
12221,2026,8,BHUSAVAL JN.,TATANAGAR JN,22,1025,False,False,True
12222,2033,8,BHUSAVAL JN.,TATANAGAR JN,3,471,False,False,True
12223,1301,6,CALICUT,RATNAGIRI,13,725,False,False,False
12224,1306,6,CALICUT,RATNAGIRI,0,705,False,False,True
12225,795,15,AKBARPUR JN.,SHAHGANJ JN.,18,1373,True,False,False
12226,796,15,AKBARPUR JN.,SHAHGANJ JN.,6,74,False,True,False
12227,831,5,MUMBAI CENTR,UJJAIN JN,23,610,False,False,True
12228,831,5,MUMBAI CENTR,UJJAIN JN,11,755,False,True,False
12229,492,9,BAREILLY JN.,SHAHJAHANPUR,1,1372,False,False,True
12230,492,9,BAREILLY JN.,SHAHJAHANPUR,2,65,False,False,True
12231,644,16,BAREILLY JN.,YAMUNANAGER,2,361,False,False,True
12232,644,16,BAREILLY JN.,YAMUNANAGER,4,1068,False,True,False
12235,2446,26,BAREILLY JN.,SAMASTIPUR J,9,547,False,True,False
12236,2448,26,BAREILLY JN.,SAMASTIPUR J,13,915,False,False,False
12237,1253,13,VARANASI JN.,AMBALA CANTT,12,920,False,False,False
12238,1253,13,VARANASI JN.,AMBALA CANTT,12,490,False,False,False
12239,1157,5,MUMBAI CENTR,SAWAI MADHOP,23,780,False,False,True
12240,1158,5,MUMBAI CENTR,SAWAI MADHOP,11,555,False,True,False
12241,247,6,AMRITSAR JN.,SAHIBZADA AJ,21,1195,False,False,True
12242,247,6,AMRITSAR JN.,SAHIBZADA AJ,5,225,False,True,False
12243,491,6,COIMBATORE,TIRUPPUR,14,1373,False,False,False
12244,493,6,COIMBATORE,TIRUPPUR,15,38,False,False,False
12245,1957,6,BHUBANESWAR,YESVANTPUR J,17,1380,True,False,False
12246,1959,6,BHUBANESWAR,YESVANTPUR J,9,70,False,True,False
12247,1355,7,BANDRA TERMI,SURAT,16,210,False,False,False
12248,1358,7,BANDRA TERMI,SURAT,9,1195,False,True,False
12249,1425,7,ALLAHABAD JN,MUGHAL SARAI,4,1320,False,True,False
12250,1426,7,ALLAHABAD JN,MUGHAL SARAI,2,112,False,False,True
12251,1611,25,AKALTARA,YESVANTPUR J,3,1237,False,False,True
12252,1605,26,AKALTARA,YESVANTPUR J,9,266,False,True,False
12253,2478,29,ABHAIPUR,YESVANTPUR J,6,421,False,True,False
12254,2477,29,ABHAIPUR,YESVANTPUR J,15,1085,False,False,False
12257,798,19,ALWAYE,YESVANTPUR J,7,790,False,True,False
12258,797,19,ALWAYE,YESVANTPUR J,21,700,False,False,True
12259,1448,5,KANPUR CENTR,SEALDAH,6,722,False,True,False
12260,1449,5,KANPUR CENTR,SEALDAH,0,721,False,False,True
12261,1972,7,BHUSAVAL JN.,TATANAGAR JN,23,1005,False,False,True
12262,1979,7,BHUSAVAL JN.,TATANAGAR JN,3,471,False,False,True
12263,1498,7,VADODARA JN.,RATLAM JN,18,206,True,False,False
12264,1501,7,VADODARA JN.,RATLAM JN,22,1202,False,False,True
12265,577,3,DELHI-SARAI,LUDHIANA JN.,22,275,False,False,True
12266,577,3,DELHI-SARAI,LUDHIANA JN.,4,1135,False,True,False
12267,490,2,AHMEDABAD,MUMBAI CENTR,5,1050,False,True,False
12268,490,2,AHMEDABAD,MUMBAI CENTR,23,380,False,False,True
12269,2156,7,BALHARSHAH,HAZRAT NIZAM,18,980,True,False,False
12270,2155,7,BALHARSHAH,HAZRAT NIZAM,8,450,False,True,False
12273,1516,6,KANPUR CENTR,PATNA JN.,0,935,False,False,True
12274,1517,6,KANPUR CENTR,PATNA JN.,17,417,True,False,False
12275,629,2,ALLAHABAD JN,NEW DELHI,22,465,False,False,True
12276,629,2,ALLAHABAD JN,NEW DELHI,5,985,False,True,False
12277,504,8,BHUBANESWAR,PURI,20,73,True,False,False
12278,503,8,BHUBANESWAR,PURI,6,1383,False,True,False
12279,385,11,AGRA CANTT,RAJA-KI-MAND,18,8,True,False,False
12280,388,11,AGRA CANTT,RAJA-KI-MAND,9,1419,False,True,False
12281,1714,6,ADRA,NEW DELHI,15,925,False,False,False
12282,1717,6,ADRA,NEW DELHI,3,539,False,False,True
12283,2636,11,VADODARA JN.,RATLAM JN,5,224,False,True,False
12284,2634,11,VADODARA JN.,RATLAM JN,11,1190,False,True,False
12285,1651,6,BALHARSHAH,SECUNDERABAD,18,1135,True,False,False
12286,1652,6,BALHARSHAH,SECUNDERABAD,8,345,False,True,False
12289,841,4,BHUSAVAL JN.,NAGPUR JN.(C,2,315,False,False,True
12290,841,4,BHUSAVAL JN.,NAGPUR JN.(C,1,1155,False,False,True
12291,364,7,ARAKKONAM JN,YESVANTPUR J,3,1145,False,False,True
12292,363,7,ARAKKONAM JN,YESVANTPUR J,0,340,False,False,True
12293,1353,5,ALLAHABAD JN,SATNA,12,1205,False,False,False
12294,1352,5,ALLAHABAD JN,SATNA,19,140,True,False,False
12295,2703,36,CHHEOKI,WARANGAL,1,1435,False,False,True
12296,2697,37,CHHEOKI,WARANGAL,2,1415,False,False,True
12297,623,4,AHMEDABAD,PUNE JN.,22,520,False,False,True
12298,622,4,AHMEDABAD,PUNE JN.,6,915,False,True,False
12301,1438,8,ALLAHABAD JN,PARASNATH,2,1071,False,False,True
12302,1439,8,ALLAHABAD JN,PARASNATH,23,362,False,False,True
12303,1516,25,ALLAHABAD JN,TUNDLA JN,21,300,False,False,True
12304,1517,25,ALLAHABAD JN,TUNDLA JN,1,1132,False,False,True
12305,1516,9,ALLAHABAD JN,PATNA JN.,2,1094,False,False,True
12306,1517,9,ALLAHABAD JN,PATNA JN.,23,287,False,False,True
12307,1803,28,AGRA  FORT,TUNDLA JN,20,1365,True,False,False
12308,1805,28,AGRA  FORT,TUNDLA JN,6,75,False,True,False
12309,987,6,ALLAHABAD JN,RAJENDRANAGA,0,1112,False,False,True
12310,987,6,ALLAHABAD JN,RAJENDRANAGA,0,324,False,False,True
12311,1699,39,ALLAHABAD JN,AMBALA CANTT,9,1020,False,True,False
12312,1700,40,ALLAHABAD JN,AMBALA CANTT,17,520,True,False,False
12313,1448,8,ASANSOL MAIN,SEALDAH,19,1290,True,False,False
12314,1449,8,ASANSOL MAIN,SEALDAH,7,177,False,True,False
12315,2119,23,AGRA  FORT,UDAIPUR CITY,10,975,False,True,False
12316,2120,23,AGRA  FORT,UDAIPUR CITY,15,520,False,False,False
12317,1884,23,ASANSOL MAIN,AMBALA CANTT,10,130,False,True,False
12318,1885,23,ASANSOL MAIN,AMBALA CANTT,12,1322,False,False,False
12319,1416,12,AGRA CANTT,MATHURA JN.,12,1370,False,False,False
12320,1417,11,AGRA CANTT,MATHURA JN.,17,55,True,False,False
12321,2165,48,CHHEOKI,SATNA,11,210,False,True,False
12322,2167,49,CHHEOKI,SATNA,19,1220,True,False,False
12323,1425,9,ALLAHABAD JN,MUGHAL SARAI,7,1280,False,True,False
12324,1426,9,ALLAHABAD JN,MUGHAL SARAI,16,160,False,False,False
12325,1792,18,ANANDPUR SAH,AMBALA CANTT,15,1277,False,False,False
12326,1793,18,ANANDPUR SAH,AMBALA CANTT,7,170,False,True,False
12327,1577,20,ASANSOL MAIN,SULTANPUR JN,15,744,False,False,False
12328,1577,20,ASANSOL MAIN,SULTANPUR JN,0,634,False,False,True
12329,1435,8,ANAND VIHAR,SEALDAH,11,80,False,True,False
12330,1436,8,ANAND VIHAR,SEALDAH,19,1335,True,False,False
12331,2010,32,ARA,YAMUNANAGER,10,1079,False,True,False
12332,2011,32,ARA,YAMUNANAGER,0,359,False,False,True
12333,878,31,ALLAHABAD CI,ZAMANIA,12,1119,False,False,False
12334,879,31,ALLAHABAD CI,ZAMANIA,15,246,False,False,False
12335,1917,39,CHHEOKI,THANE,20,1397,True,False,False
12336,1918,38,CHHEOKI,SATNA,5,1220,False,True,False
12337,146,4,BOLPUR,HOWRAH JN.,12,1305,False,False,False
12338,146,4,BOLPUR,HOWRAH JN.,13,150,False,False,False
12339,258,13,ASANSOL MAIN,KULTI,20,21,True,False,False
12340,259,13,ASANSOL MAIN,KULTI,7,1415,False,True,False
12341,199,7,ASANSOL MAIN,ANDAL JN.,21,1385,False,False,True
12342,200,7,ASANSOL MAIN,ANDAL JN.,5,26,False,True,False
12343,571,6,BOLPUR,SEALDAH,0,1409,False,False,True
12344,571,6,BOLPUR,SEALDAH,2,182,False,False,True
12345,1023,13,BOLPUR,RAMPUR HAT,17,58,True,False,False
12346,1023,13,BOLPUR,RAMPUR HAT,2,1387,False,False,True
12347,206,9,AHMADPUR JN.,SAINTHIA JN.,14,13,False,False,False
12348,206,9,AHMADPUR JN.,SAINTHIA JN.,17,1427,True,False,False
12349,1206,13,ABHAIPUR,SULTANGANJ,18,1377,True,False,False
12350,1206,13,ABHAIPUR,SULTANGANJ,18,56,True,False,False
12351,528,23,ASANSOL MAIN,RANI GANJ,23,1416,False,False,True
12352,529,23,ASANSOL MAIN,RANI GANJ,3,16,False,False,True
12353,1299,18,AMETHI,RAE BARELI J,22,69,False,False,True
12354,1300,18,AMETHI,RAE BARELI J,3,1373,False,False,True
12355,1506,19,AMETHI,AMBALA CANTT,14,772,False,False,False
12356,1506,19,AMETHI,AMBALA CANTT,14,694,False,False,False
12357,1807,15,ASANSOL MAIN,AMBALA CANTT,14,1318,False,False,False
12358,1807,15,ASANSOL MAIN,AMBALA CANTT,8,100,False,True,False
12359,534,13,ASANSOL MAIN,RAJENDRANAGA,22,359,False,False,True
12360,534,13,ASANSOL MAIN,RAJENDRANAGA,2,1088,False,False,True
12361,2043,21,ASANSOL MAIN,SATNA,19,905,True,False,False
12362,2044,21,ASANSOL MAIN,SATNA,23,355,False,False,True
12363,621,11,BOLPUR,RAMPUR HAT,11,60,False,True,False
12364,620,11,BOLPUR,RAMPUR HAT,16,1388,False,False,False
12365,410,12,BOKARO STEEL,TAREGNA,11,1124,False,True,False
12366,407,12,BOKARO STEEL,TAREGNA,16,270,False,False,False
12367,1193,21,ABHAIPUR,SULTANGANJ,13,1352,False,False,False
12368,1193,21,ABHAIPUR,SULTANGANJ,10,81,False,True,False
12369,1525,20,ASANSOL MAIN,SULTANPUR JN,15,744,False,False,False
12370,1526,20,ASANSOL MAIN,SULTANPUR JN,0,634,False,False,True
12371,2245,29,AMETHI,SADULPUR JN,22,979,False,False,True
12372,2246,29,AMETHI,SADULPUR JN,1,492,False,False,True
12373,217,7,BOLPUR,SAINTHIA JN.,11,34,False,True,False
12374,216,7,BOLPUR,SAINTHIA JN.,11,1407,False,True,False
12375,1729,27,ASANSOL MAIN,VIZIANAGARAM,0,325,False,False,True
12376,1727,27,ASANSOL MAIN,VIZIANAGARAM,16,975,False,False,False
12377,718,10,BOLPUR,SEALDAH,1,1288,False,False,True
12378,718,10,BOLPUR,SEALDAH,3,173,False,False,True
12379,1889,15,ASANSOL MAIN,AMBALA CANTT,16,1390,False,False,False
12380,1890,15,ASANSOL MAIN,AMBALA CANTT,13,68,False,False,False
12381,1438,22,ALLAHABAD JN,TUNDLA JN,21,300,False,False,True
12382,1439,22,ALLAHABAD JN,TUNDLA JN,2,1062,False,False,True
12383,221,9,ASANSOL MAIN,ANDAL JN.,20,1409,True,False,False
12384,222,9,ASANSOL MAIN,ANDAL JN.,6,25,False,True,False
12389,2348,17,BHABUA ROAD,WARANGAL,7,78,False,True,False
12390,2353,17,BHABUA ROAD,WARANGAL,19,1328,True,False,False
12391,1092,33,ARA,WENA,11,1276,False,True,False
12392,1092,33,ARA,WENA,6,162,False,True,False
12393,987,5,KANPUR CENTR,RAJENDRANAGA,1,973,False,False,True
12394,987,5,KANPUR CENTR,RAJENDRANAGA,22,542,False,False,True
12395,1287,15,AGRA  FORT,TUNDLA JN,7,1390,False,True,False
12396,1287,15,AGRA  FORT,TUNDLA JN,8,70,False,True,False
12397,981,15,ALLAHABAD JN,SASARAM,20,1187,True,False,False
12398,981,15,ALLAHABAD JN,SASARAM,20,285,True,False,False
12401,1049,28,ALLAHABAD JN,ZAMANIA,0,1193,False,False,True
12402,1049,28,ALLAHABAD JN,ZAMANIA,5,200,False,True,False
12405,1461,29,AGRA CANTT,WARDHA JN.,4,367,False,True,False
12406,1464,29,AGRA CANTT,WARDHA JN.,18,960,True,False,False
12407,1821,19,AMRITSAR JN.,AMBALA CANTT,17,1185,True,False,False
12408,1824,19,AMRITSAR JN.,AMBALA CANTT,9,250,False,True,False
12409,1613,35,AGRA CANTT,TUMSAR RD,4,413,False,True,False
12410,1608,35,AGRA CANTT,TUMSAR RD,18,970,True,False,False
12411,247,9,AMRITSAR JN.,SAMARALA,11,1238,False,True,False
12412,247,9,AMRITSAR JN.,SAMARALA,17,183,True,False,False
12413,1016,21,AJMER JN.,AMBALA CANTT,14,680,False,False,False
12414,1017,22,AJMER JN.,AMBALA CANTT,12,755,False,False,False
12415,815,23,BHARATPUR JN,VIKRAMGARH A,2,1037,False,False,True
12416,817,22,BHARATPUR JN,VIKRAMGARH A,1,384,False,False,True
12417,624,6,ALLAHABAD JN,NEW DELHI,21,570,False,False,True
12418,624,7,ALLAHABAD JN,TUNDLA JN,6,1060,False,True,False
12419,504,16,ALIGARH JN.,TUNDLA JN,12,1375,False,False,False
12420,504,16,ALIGARH JN.,TUNDLA JN,14,72,False,False,False
12421,1927,23,AGRA CANTT,WASHIM,9,274,False,True,False
12422,1929,23,AGRA CANTT,WASHIM,2,1084,False,False,True
12423,2422,22,ALLAHABAD JN,PATLIPUTRA,2,1124,False,False,True
12424,2423,22,ALLAHABAD JN,PATLIPUTRA,23,305,False,False,True
12425,576,5,JAMMU TAWI,PATHANKOT CA,5,1310,False,True,False
12426,576,5,JAMMU TAWI,PATHANKOT CA,19,100,True,False,False
12427,844,12,ALLAHABAD JN,SATNA,20,1217,True,False,False
12428,844,13,ALLAHABAD JN,SATNA,6,180,False,True,False
12431,2841,19,ALLEPPEY,UDUPI,21,558,False,False,True
12432,2840,19,ALLEPPEY,UDUPI,2,858,False,False,True
12433,2156,10,AGRA CANTT,WARANGAL,7,402,False,True,False
12434,2155,10,AGRA CANTT,WARANGAL,18,1043,True,False,False
12435,2452,26,BAREILLY JN.,RANGIYA JN.,9,1200,False,True,False
12436,2454,26,BAREILLY JN.,RANGIYA JN.,13,250,False,False,False
12437,1651,7,BHOPAL,SECUNDERABAD,2,635,False,False,True
12438,1652,7,BHOPAL,SECUNDERABAD,0,835,False,False,True
12439,1297,8,BOKARO STEEL,RANCHI,20,1315,True,False,False
12440,1300,8,BOKARO STEEL,RANCHI,6,135,False,True,False
12441,1487,10,BHOPAL,RAJNANDGAON,2,881,False,False,True
12442,1483,10,BHOPAL,RAJNANDGAON,0,515,False,False,True
12443,1572,14,ALLAHABAD JN,TAMLUK,1,466,False,False,True
12444,1572,14,ALLAHABAD JN,TAMLUK,4,919,False,True,False
12445,654,11,JAMMU TAWI,AMBALA CANTT,6,1045,False,True,False
12446,654,11,JAMMU TAWI,AMBALA CANTT,20,412,True,False,False
12447,676,12,AGRA CANTT,HAZRAT NIZAM,2,180,False,False,True
12448,679,12,AGRA CANTT,HAZRAT NIZAM,23,1260,False,False,True
12449,2159,14,VADODARA JN.,AMBALA CANTT,2,1199,False,False,True
12450,2157,14,VADODARA JN.,AMBALA CANTT,21,314,False,False,True
12451,430,3,KANPUR CENTR,PANKI,23,16,False,False,True
12452,430,3,KANPUR CENTR,PANKI,6,1390,False,True,False
12453,1333,7,BARKAKANA,RANCHI,19,1300,True,False,False
12454,1336,7,BARKAKANA,RANCHI,8,145,False,True,False
12455,790,21,ABOHAR,SHRI KARANPU,5,162,False,True,False
12456,790,21,ABOHAR,SHRI KARANPU,23,1304,False,False,True
12457,455,14,BIKANER JN.,SADULPUR JN,7,1185,False,True,False
12458,455,14,BIKANER JN.,SADULPUR JN,22,215,False,False,True
12459,447,15,AMRITSAR JN.,AMBALA CANTT,21,1170,False,False,True
12460,447,17,AMRITSAR JN.,AMBALA CANTT,6,270,False,True,False
12461,618,18,ALWAR JN.,REWARI JN.,0,1383,False,False,True
12462,619,16,ALWAR JN.,REWARI JN.,3,103,False,False,True
12463,614,8,ALWAR JN.,MERTA ROAD J,0,338,False,False,True
12464,615,8,ALWAR JN.,MERTA ROAD J,2,1063,False,False,True
12465,905,29,BANASTHALI N,VIKRAMGARH A,15,1096,False,False,False
12466,906,29,BANASTHALI N,VIKRAMGARH A,11,365,False,True,False
12467,700,22,ASHAPURA GOM,SAMBHAR LAKE,1,594,False,False,True
12468,699,22,ASHAPURA GOM,SAMBHAR LAKE,2,874,False,False,True
12469,1025,14,BAREILLY JN.,AMBALA CANTT,23,355,False,False,True
12470,1025,14,BAREILLY JN.,AMBALA CANTT,8,1072,False,True,False
12471,2017,26,BANDRA TERMI,VAPI,7,148,False,True,False
12472,2019,26,BANDRA TERMI,VAPI,18,1274,True,False,False
12473,1736,24,AHMEDABAD,AMBALA CANTT,11,1225,False,True,False
12474,1739,25,AHMEDABAD,AMBALA CANTT,14,215,False,False,False
12475,2055,31,AHMEDABAD,WANKANER,11,1198,False,True,False
12476,2058,31,AHMEDABAD,WANKANER,14,214,False,False,False
12477,2064,31,AHMEDABAD,WANKANER,11,1198,False,True,False
12478,2066,31,AHMEDABAD,WANKANER,14,214,False,False,False
12479,934,17,ABU ROAD,SURAT,23,460,False,False,True
12480,932,17,ABU ROAD,SURAT,1,950,False,False,True
12481,409,15,ABOHAR,SHAKUR BASTI,19,1069,True,False,False
12482,409,15,ABOHAR,SHAKUR BASTI,6,378,False,True,False
12483,3290,27,ALLEPPEY,AMBALA CANTT,11,187,False,True,False
12484,3288,27,ALLEPPEY,AMBALA CANTT,12,1307,False,False,False
12485,1937,27,ABOHAR,WASHIM,21,984,False,False,True
12486,1940,27,ABOHAR,WASHIM,15,301,False,False,False
12487,1364,19,ALLAHABAD JN,TUNDLA JN,11,312,False,True,False
12488,1364,19,ALLAHABAD JN,TUNDLA JN,16,1055,False,False,False
12489,1244,22,AHMEDABAD,VAPI,4,304,False,True,False
12490,1244,22,AHMEDABAD,VAPI,22,1104,False,False,True
12491,1609,22,BAREILLY JN.,AMBALA CANTT,23,355,False,False,True
12492,1612,22,BAREILLY JN.,AMBALA CANTT,8,1072,False,True,False
12493,1498,10,VADODARA JN.,VAPI,14,1228,False,False,False
12494,1501,10,VADODARA JN.,VAPI,11,203,False,True,False
12495,1878,20,AGRA  FORT,TUNDLA JN,15,65,False,False,False
12496,1876,20,AGRA  FORT,TUNDLA JN,18,1360,True,False,False
12497,447,14,AMRITSAR JN.,AMBALA CANTT,14,1190,False,False,False
12498,447,15,AMRITSAR JN.,AMBALA CANTT,15,250,False,False,False
12501,1914,10,ALLAHABAD JN,PATLIPUTRA,4,1077,False,True,False
12502,1914,10,ALLAHABAD JN,PATLIPUTRA,8,350,False,True,False
12503,3032,23,BERHAMPUR,WHITE FIELD,9,77,False,True,False
12504,3032,23,BERHAMPUR,WHITE FIELD,22,1318,False,False,True
12505,1850,30,ALLAHABAD JN,TUNDLA JN,9,365,False,True,False
12506,1850,29,ALLAHABAD JN,TUNDLA JN,15,1075,False,False,False
12507,3932,58,ARAKKONAM JN,VIZIANAGARAM,8,958,False,True,False
12508,3930,56,ARAKKONAM JN,VIZIANAGARAM,5,490,False,True,False
12509,2992,42,ARAKKONAM JN,VIZIANAGARAM,4,980,False,True,False
12510,2993,41,ARAKKONAM JN,VIZIANAGARAM,5,490,False,True,False
12511,3239,61,ANGAMALI (FO,WARANGAL,11,18,False,True,False
12512,3245,60,ANGAMALI (FO,WARANGAL,10,1337,False,True,False
12513,2564,31,BALUGAN,VIZIANAGARAM,0,1191,False,False,True
12514,2567,30,BALUGAN,VIZIANAGARAM,9,280,False,True,False
12515,3932,57,ARAKKONAM JN,VIZIANAGARAM,4,980,False,True,False
12516,3930,56,ARAKKONAM JN,VIZIANAGARAM,5,490,False,True,False
12517,1027,14,AZIMGANJ JN.,NEW ALIPURDU,2,498,False,False,True
12518,1027,14,AZIMGANJ JN.,NEW ALIPURDU,10,897,False,True,False
12519,2568,28,BEGU SARAI,THANE,14,1060,False,False,False
12520,2567,28,BEGU SARAI,THANE,9,417,False,True,False
12521,3427,63,ANGAMALI (FO,WARANGAL,11,18,False,True,False
12522,3435,62,ANGAMALI (FO,WARANGAL,10,1337,False,True,False
12523,1496,18,CHHAPRA JN.,SIWAN JN.,18,45,True,False,False
12524,1499,18,CHHAPRA JN.,SIWAN JN.,8,1355,False,True,False
12525,1584,23,AZIMGANJ JN.,SIMALUGURI J,2,1298,False,False,True
12526,1583,23,AZIMGANJ JN.,SIMALUGURI J,10,130,False,True,False
12527,395,11,CHANDIGARH,YAMUNANAGER,0,696,False,False,True
12529,518,10,BADSHAHNAGAR,SIWAN JN.,2,973,False,False,True
12530,522,10,BADSHAHNAGAR,SIWAN JN.,5,380,False,True,False
12531,277,12,BARA BANKI J,SAHJANWA,9,1242,False,True,False
12532,278,12,BARA BANKI J,SAHJANWA,17,205,True,False,False
12533,1424,16,BHOPAL,ORAI,6,1016,False,True,False
12534,1423,15,BHOPAL,ORAI,21,415,False,False,True
12535,903,13,ANUPPUR JN.,USALAPUR,2,155,False,False,True
12536,905,12,ANUPPUR JN.,USALAPUR,16,1285,False,False,False
12537,543,15,BAPUDHAM MOT,SAGAULI JN.,21,16,False,False,True
12538,543,15,BAPUDHAM MOT,SAGAULI JN.,16,1417,False,False,False
12539,2548,18,ALLAHABAD JN,YESVANTPUR J,2,1280,False,False,True
12540,2541,18,ALLAHABAD JN,YESVANTPUR J,1,900,False,False,True
12541,1685,16,BHOPAL,POKHRAYAN,13,1010,False,False,False
12542,1686,16,BHOPAL,POKHRAYAN,1,388,False,False,True
12545,2045,21,CHHEOKI,SATNA,8,170,False,True,False
12546,2045,21,CHHEOKI,SATNA,9,1198,False,True,False
12547,866,12,ABU ROAD,PALANPUR JN,9,88,False,True,False
12548,864,12,ABU ROAD,PALANPUR JN,21,1343,False,False,True
12549,1847,18,AGRA CANTT,UMARIA,5,808,False,True,False
12550,1858,18,AGRA CANTT,UMARIA,18,719,True,False,False
12551,3024,29,ADRA,YESVANTPUR J,16,935,False,False,False
12552,3024,29,ADRA,YESVANTPUR J,10,500,False,True,False
12553,1167,21,ALIGARH JN.,TUNDLA JN,4,1370,False,True,False
12554,1170,21,ALIGARH JN.,TUNDLA JN,22,62,False,False,True
12555,952,15,BARA BANKI J,SHAKUR BASTI,20,579,True,False,False
12556,953,15,BARA BANKI J,SHAKUR BASTI,5,815,False,True,False
12557,1057,16,ANAND VIHAR,SAGAULI JN.,7,382,False,True,False
12558,1059,16,ANAND VIHAR,SAGAULI JN.,14,1012,False,False,False
12559,745,4,ALLAHABAD JN,NEW DELHI,22,580,False,False,True
12560,745,4,ALLAHABAD JN,NEW DELHI,4,880,False,True,False
12561,1223,22,ALLAHABAD JN,YUSUFPUR,3,1110,False,False,True
12562,1224,21,ALLAHABAD JN,YUSUFPUR,5,255,False,True,False
12565,1153,11,KANPUR CENTR,SIWAN JN.,22,882,False,False,True
12566,1156,11,KANPUR CENTR,SIWAN JN.,20,490,True,False,False
12567,219,9,BEGU SARAI,SAHARSA JN.,8,1351,False,True,False
12568,219,9,BEGU SARAI,SAHARSA JN.,15,94,False,False,False
12569,1238,23,ALLAHABAD JN,SAMASTIPUR J,0,860,False,False,True
12570,1238,23,ALLAHABAD JN,SAMASTIPUR J,0,591,False,False,True
12572,829,9,ANAND NAGAR,NAUGARH,8,1410,False,True,False
12577,3045,41,CHHEOKI,WARANGAL,2,45,False,False,True
12578,3051,40,CHHEOKI,WARANGAL,3,1338,False,False,True
12581,745,6,ALLAHABAD JN,NEW DELHI,1,635,False,False,True
12582,745,6,ALLAHABAD JN,NEW DELHI,8,860,False,True,False
12587,1246,18,BAREILLY JN.,YAMUNANAGER,23,326,False,False,True
12588,1247,18,BAREILLY JN.,YAMUNANAGER,11,1107,False,True,False
12589,1833,31,AMLA JN.,SIRPURKAGHAZ,1,516,False,False,True
12590,1836,31,AMLA JN.,SIRPURKAGHAZ,19,993,True,False,False
12591,2513,40,ADONI,YESVANTPUR J,21,420,False,False,True
12592,2504,40,ADONI,YESVANTPUR J,23,1085,False,False,True
12593,581,6,VIDISHA,LUCKNOW JN.,8,875,False,True,False
12594,581,6,VIDISHA,LUCKNOW JN.,23,621,False,False,True
12595,760,6,ANAND VIHAR,LUCKNOW JN.,8,975,False,True,False
12596,761,6,ANAND VIHAR,LUCKNOW JN.,20,375,True,False,False
12597,1693,13,BHOPAL,ORAI,23,1063,False,False,True
12598,1694,13,BHOPAL,ORAI,3,323,False,False,True
12601,883,31,ARAKKONAM JN,WALAJAH ROAD,21,29,False,False,True
12602,885,33,ARAKKONAM JN,WALAJAH ROAD,4,1408,False,True,False
12603,715,22,BAPATIA,VISHNUPURAM,22,222,False,False,True
12604,716,21,BAPATIA,VISHNUPURAM,23,1199,False,False,True
12605,425,13,ARIYALUR,VRIDHA CHALA,19,1398,True,False,False
12606,425,13,ARIYALUR,VRIDHA CHALA,7,40,False,True,False
12607,360,12,AMBUR,WALAJAH ROAD,18,1374,True,False,False
12608,361,13,AMBUR,WALAJAH ROAD,9,58,False,True,False
12609,360,19,AMBUR,WALAJAH ROAD,16,1358,False,False,False
12610,361,19,AMBUR,WALAJAH ROAD,11,78,False,True,False
12611,2156,11,AGRA CANTT,ONGOLE,7,112,False,True,False
12612,2155,11,AGRA CANTT,ONGOLE,18,1335,True,False,False
12613,138,4,KENGERI,KRANTIVIRA S,13,25,False,False,False
12614,138,4,KENGERI,KRANTIVIRA S,15,1422,False,False,False
12615,2169,41,AGRA CANTT,WARANGAL,2,128,False,False,True
12616,2168,40,AGRA CANTT,WARANGAL,21,1310,False,False,True
12617,2751,48,AGRA CANTT,UDUPI,10,769,False,True,False
12618,2748,48,AGRA CANTT,UDUPI,12,688,False,False,False
12619,893,24,ANKOLA,UDUPI,2,162,False,False,True
12620,899,22,ANKOLA,UDUPI,18,1266,True,False,False
12621,2163,12,AGRA CANTT,WARANGAL,3,190,False,False,True
12622,2163,11,AGRA CANTT,WARANGAL,1,1185,False,False,True
12623,913,21,ANGAMALI (FO,VARKALA,6,288,False,True,False
12624,916,22,ANGAMALI (FO,VARKALA,19,1168,True,False,False
12625,3013,43,AGRA CANTT,WARANGAL,10,155,False,True,False
12626,3010,42,AGRA CANTT,WARANGAL,14,1252,False,False,False
12627,2386,36,ADONI,YELAHANKA JN,1,1098,False,False,True
12628,2389,35,ADONI,YELAHANKA JN,5,403,False,True,False
12629,2595,14,ARSIKERE JN.,YESVANTPUR J,16,1285,False,False,False
12630,2595,14,ARSIKERE JN.,YESVANTPUR J,3,200,False,False,True
12631,649,15,CHENGALPATTU,VRIDHA CHALA,21,140,False,False,True
12632,649,16,CHENGALPATTU,VRIDHA CHALA,5,1278,False,True,False
12633,738,17,KANNIYAKUMAR,VRIDHA CHALA,0,1235,False,False,True
12634,737,18,KANNIYAKUMAR,VRIDHA CHALA,17,530,True,False,False
12635,492,10,ARIYALUR,VRIDHA CHALA,17,1403,True,False,False
12636,492,11,ARIYALUR,VRIDHA CHALA,10,33,False,True,False
12637,492,11,AMBATURAI,VRIDHA CHALA,4,1207,False,True,False
12638,492,12,AMBATURAI,VRIDHA CHALA,21,194,False,False,True
12639,360,12,AMBUR,WALAJAH ROAD,10,1378,False,True,False
12640,361,13,AMBUR,WALAJAH ROAD,17,63,True,False,False
12641,2899,25,AGRA CANTT,VRIDHA CHALA,15,810,False,False,False
12642,2898,26,AGRA CANTT,VRIDHA CHALA,10,678,False,True,False
12643,2991,32,AGRA CANTT,WARANGAL,14,205,False,False,False
12644,2988,31,AGRA CANTT,WARANGAL,8,1297,False,True,False
12645,2786,29,AGRA CANTT,WARANGAL,14,205,False,False,False
12646,2782,28,AGRA CANTT,WARANGAL,8,1297,False,True,False
12647,2650,28,AGRA CANTT,YESVANTPUR J,11,686,False,True,False
12648,2651,28,AGRA CANTT,YESVANTPUR J,11,795,False,True,False
12649,2257,9,BHOPAL,YESVANTPUR J,23,1372,False,False,True
12650,2258,9,BHOPAL,YESVANTPUR J,16,200,False,False,False
12651,2653,15,ARIYALUR,VRIDHA CHALA,3,46,False,False,True
12652,2652,15,ARIYALUR,VRIDHA CHALA,22,1400,False,False,True
12653,336,14,ARIYALUR,VRIDHA CHALA,3,1408,False,False,True
12654,335,15,ARIYALUR,VRIDHA CHALA,23,33,False,False,True
12655,1893,41,AHMEDABAD,WARORA,7,964,False,True,False
12656,1895,42,AHMEDABAD,WARORA,18,413,True,False,False
12657,360,8,ARAKKONAM JN,KRANTIVIRA S,0,305,False,False,True
12658,361,8,ARAKKONAM JN,KRANTIVIRA S,3,1180,False,False,True
12659,2579,44,ALWAYE,VIZIANAGARAM,20,186,True,False,False
12660,2579,44,ALWAYE,VIZIANAGARAM,14,1328,False,False,False
12661,665,18,CHENGALPATTU,VRIDHA CHALA,22,118,False,False,True
12662,665,18,CHENGALPATTU,VRIDHA CHALA,4,1290,False,True,False
12663,2005,24,ARIYALUR,VIZIANAGARAM,0,240,False,False,True
12664,2004,24,ARIYALUR,VIZIANAGARAM,17,1190,True,False,False
12665,2407,32,ARIYALUR,VISAKHAPATNA,0,305,False,False,True
12666,2406,32,ARIYALUR,VISAKHAPATNA,17,1100,True,False,False
12667,722,11,CHENGALPATTU,VRIDHA CHALA,19,123,True,False,False
12668,722,11,CHENGALPATTU,VRIDHA CHALA,4,1278,False,True,False
12669,2348,25,ALLAHABAD JN,WARANGAL,4,1374,False,True,False
12670,2343,24,ALLAHABAD JN,WARANGAL,4,1340,False,True,False
12671,526,9,ARAKKONAM JN,TIRUPPUR,22,328,False,False,True
12672,529,9,ARAKKONAM JN,TIRUPPUR,3,1098,False,False,True
12673,491,8,ARAKKONAM JN,TIRUPPUR,23,343,False,False,True
12674,493,9,ARAKKONAM JN,TIRUPPUR,5,1093,False,True,False
12675,491,11,AMBUR,WALAJAH ROAD,8,1368,False,True,False
12676,493,12,AMBUR,WALAJAH ROAD,19,58,True,False,False
12677,581,14,ALWAYE,TIRUPPUR,16,1193,False,False,False
12678,582,14,ALWAYE,TIRUPPUR,9,235,False,True,False
12679,491,12,AMBUR,TIRUPPUR,16,258,False,False,False
12680,493,12,AMBUR,TIRUPPUR,10,1208,False,True,False
12681,491,7,ARAKKONAM JN,TIRUPPUR,23,338,False,False,True
12682,493,8,ARAKKONAM JN,TIRUPPUR,5,1098,False,True,False
12683,617,14,ALWAYE,TIRUPPUR,17,258,True,False,False
12684,616,14,ALWAYE,TIRUPPUR,5,1183,False,True,False
12685,883,18,VADAKARA,TIRUPPUR,5,1098,False,True,False
12686,885,18,VADAKARA,TIRUPPUR,19,343,True,False,False
12687,3067,30,AMBUR,WARANGAL,6,835,False,True,False
12688,3064,31,AMBUR,WARANGAL,5,628,False,True,False
12689,918,19,ARAKKONAM JN,VIRUDUNAGAR,19,698,True,False,False
12690,920,20,ARAKKONAM JN,VIRUDUNAGAR,10,731,False,True,False
12691,528,11,AMBUR,SRI SATYA SA,1,470,False,False,True
12692,528,14,AMBUR,WHITE FIELD,1,1296,False,False,True
12693,652,22,ARIYALUR,VRIDHA CHALA,23,1398,False,False,True
12694,651,22,ARIYALUR,VRIDHA CHALA,2,39,False,False,True
12695,914,21,ARAKKONAM JN,VANIYAMBADI,16,93,False,False,False
12696,916,21,ARAKKONAM JN,VANIYAMBADI,8,1333,False,True,False
12697,901,14,ERODE JN.,TRIVANDRUM C,20,585,True,False,False
12698,903,14,ERODE JN.,TRIVANDRUM C,6,860,False,True,False
12701,791,16,BEGAMPET,WADI JN.,11,1268,False,True,False
12702,793,17,BEGAMPET,WADI JN.,14,183,False,False,False
12703,1549,26,BALUGAN,VIZIANAGARAM,15,258,False,False,False
12704,1548,27,BALUGAN,VIZIANAGARAM,8,1198,False,True,False
12705,391,14,ALER,JANGAON,20,1420,True,False,False
12706,390,14,ALER,JANGAON,8,16,False,True,False
12707,2292,20,BELLAMPALLI,YERRA GUNTLA,21,684,False,False,True
12708,2294,20,BELLAMPALLI,YERRA GUNTLA,4,774,False,True,False
12709,651,17,BAPATIA,WARANGAL,21,285,False,False,True
12710,650,17,BAPATIA,WARANGAL,5,1179,False,True,False
12711,430,14,BAPATIA,TENALI JN.,7,1399,False,True,False
12712,429,14,BAPATIA,TENALI JN.,19,30,True,False,False
12713,358,9,VIJAYWADA JN,WARANGAL,6,173,False,True,False
12714,358,9,VIJAYWADA JN,WARANGAL,22,1210,False,False,True
12715,2056,37,AGRA CANTT,AMBALA CANTT,8,425,False,True,False
12716,2059,36,AGRA CANTT,AMBALA CANTT,16,1050,False,False,False
12717,350,13,ANAKAPALLE,VISAKHAPATNA,13,1396,False,False,False
12718,350,13,ANAKAPALLE,VISAKHAPATNA,10,100,False,True,False
12719,1718,21,AJMER JN.,WASHIM,17,1374,True,False,False
12720,1720,21,AJMER JN.,WASHIM,3,59,False,False,True
12721,1662,46,AGRA CANTT,JANGAON,0,1399,False,False,True
12722,1662,46,AGRA CANTT,JANGAON,2,8,False,False,True
12723,1669,18,AGRA CANTT,SIRPURKAGHAZ,5,336,False,True,False
12724,1669,16,AGRA CANTT,SIRPURKAGHAZ,20,1085,True,False,False
12725,491,17,AJAMPUR,YESVANTPUR J,16,1220,False,False,False
12726,488,17,AJAMPUR,YESVANTPUR J,9,225,False,True,False
12727,718,21,ANAKAPALLE,ELAMANCHILI,18,19,True,False,False
12728,719,21,ANAKAPALLE,ELAMANCHILI,4,1421,False,True,False
12729,658,13,AHMADNAGAR,SELU,0,391,False,False,True
12730,658,13,AHMADNAGAR,SELU,5,1049,False,True,False
12731,790,16,ADONI,VIKRABAD JN.,0,275,False,False,True
12732,790,16,ADONI,VIKRABAD JN.,1,1178,False,False,True
12733,661,23,BIBINAGAR,VISHNUPURAM,5,1279,False,True,False
12734,661,23,BIBINAGAR,VISHNUPURAM,18,117,True,False,False
12735,686,11,ANANTAPUR,YESVANTPUR J,4,248,False,True,False
12736,686,11,ANANTAPUR,YESVANTPUR J,20,1215,True,False,False
12737,575,21,ALER,JANGAON,4,1419,False,True,False
12738,575,21,ALER,JANGAON,22,9,False,False,True
12739,708,12,ANAKAPALLE,WARANGAL,21,480,False,False,True
12740,708,12,ANAKAPALLE,WARANGAL,6,963,False,True,False
12741,2243,21,ARA,VASCO-DA-GAM,10,523,False,True,False
12742,2238,20,ARA,VASCO-DA-GAM,14,1098,False,False,False
12747,353,15,BEGAMPET,VISHNUPURAM,10,1239,False,True,False
12748,353,15,BEGAMPET,VISHNUPURAM,14,177,False,False,False
12749,441,19,VIJAYWADA JN,JANGAON,22,238,False,False,True
12750,438,19,VIJAYWADA JN,JANGAON,4,1135,False,True,False
12757,305,14,ALER,JANGAON,9,9,False,True,False
12758,305,14,ALER,JANGAON,18,1425,True,False,False
12759,797,17,VIJAYWADA JN,WARANGAL,1,173,False,False,True
12760,798,17,VIJAYWADA JN,WARANGAL,1,1198,False,False,True
12761,712,12,VIJAYWADA JN,WARANGAL,4,176,False,True,False
12762,710,12,VIJAYWADA JN,WARANGAL,1,1194,False,False,True
12763,744,19,VIJAYWADA JN,JANGAON,23,239,False,False,True
12764,743,19,VIJAYWADA JN,JANGAON,0,1129,False,False,True
12765,1305,24,AKOLA JN.,WASHIM,13,1319,False,False,False
12766,1305,24,AKOLA JN.,WASHIM,8,59,False,True,False
12767,1572,19,ADILABAD,WANI,19,160,True,False,False
12768,1578,19,ADILABAD,WANI,14,1258,False,False,False
12769,711,17,ANANTAPUR,TIRUPATI,20,1125,True,False,False
12770,711,17,ANANTAPUR,TIRUPATI,0,365,False,False,True
12771,587,14,BELLAMPALLI,JANGAON,1,1270,False,False,True
12772,586,14,BELLAMPALLI,JANGAON,3,154,False,False,True
12773,1590,16,BERHAMPUR,WARANGAL,1,794,False,False,True
12774,1589,16,BERHAMPUR,WARANGAL,22,584,False,False,True
12775,598,11,AKIVIDU,WARANGAL,22,300,False,False,True
12776,598,11,AKIVIDU,WARANGAL,3,1136,False,False,True
12777,1295,22,ARSIKERE JN.,YESVANTPUR J,11,200,False,True,False
12778,1297,22,ARSIKERE JN.,YESVANTPUR J,7,1270,False,True,False
12779,2148,29,AGRA CANTT,VASCO-DA-GAM,3,725,False,False,True
12780,2151,29,AGRA CANTT,VASCO-DA-GAM,17,775,True,False,False
12781,2602,32,AGRA CANTT,HUBLI JN.,14,865,False,False,False
12782,2602,32,AGRA CANTT,HUBLI JN.,8,690,False,True,False
12783,710,15,ANAKAPALLE,WARANGAL,19,531,True,False,False
12784,708,15,ANAKAPALLE,WARANGAL,5,876,False,True,False
12785,623,17,ANANTAPUR,YELAHANKA JN,1,214,False,False,True
12786,623,16,ANANTAPUR,YELAHANKA JN,22,1222,False,False,True
12791,1843,29,ALLAHABAD JN,SATNA,11,1180,False,True,False
12792,1840,28,ALLAHABAD JN,SATNA,20,180,True,False,False
12795,314,4,VIJAYWADA JN,SECUNDERABAD,17,320,True,False,False
12796,314,4,VIJAYWADA JN,SECUNDERABAD,10,1125,False,True,False
12797,707,22,CHITTOOR,YERRA GUNTLA,8,1129,False,True,False
12798,707,24,CHITTOOR,YERRA GUNTLA,17,259,True,False,False
12801,1860,32,ALLAHABAD JN,TATANAGAR JN,19,640,True,False,False
12802,1860,31,ALLAHABAD JN,TATANAGAR JN,7,767,False,True,False
12803,2076,21,AGRA CANTT,WARANGAL,14,205,False,False,False
12804,2076,21,AGRA CANTT,WARANGAL,8,1297,False,True,False
12805,688,21,ANAKAPALLE,ELAMANCHILI,6,15,False,True,False
12806,689,21,ANAKAPALLE,ELAMANCHILI,18,1398,True,False,False
12807,1900,41,AGRA CANTT,VIZIANAGARAM,13,1061,False,False,False
12808,1895,40,AGRA CANTT,VIZIANAGARAM,11,325,False,True,False
12809,1972,44,AKOLA JN.,WARDHA JN.,6,189,False,True,False
12810,1979,42,AKOLA JN.,WARDHA JN.,18,1245,True,False,False
12811,1701,18,AKOLA JN.,WARDHA JN.,8,177,False,True,False
12812,1709,18,AKOLA JN.,WARDHA JN.,4,1297,False,True,False
12813,254,8,CHAKULIA,TATANAGAR JN,20,70,True,False,False
12814,253,9,CHAKULIA,TATANAGAR JN,7,1382,False,True,False
12815,1794,29,ADRA,BISHNUPUR,20,1354,True,False,False
12816,1788,29,ADRA,BISHNUPUR,2,64,False,False,True
12817,1291,19,ALLAHABAD JN,SASARAM,4,1103,False,True,False
12818,1294,19,ALLAHABAD JN,SASARAM,4,219,False,True,False
12819,1774,13,ANAND VIHAR,TATANAGAR JN,20,120,True,False,False
12820,1774,13,ANAND VIHAR,TATANAGAR JN,7,1280,False,True,False
12821,504,15,BHUBANESWAR,SORO,12,1278,False,False,False
12822,503,16,BHUBANESWAR,SANTRAGACHI,13,395,False,False,False
12823,1255,12,ANUPPUR JN.,UMARIA,17,104,True,False,False
12824,1266,12,ANUPPUR JN.,UMARIA,9,1332,False,True,False
12825,1297,9,BOKARO STEEL,RANCHI,2,1285,False,False,True
12826,1300,9,BOKARO STEEL,RANCHI,2,150,False,False,True
12827,323,14,ADRA,BISHNUPUR,21,1354,False,False,True
12828,323,15,ADRA,BISHNUPUR,6,66,False,True,False
12829,1222,21,ANAKAPALLE,VIZIANAGARAM,8,171,False,True,False
12830,1222,21,ANAKAPALLE,VIZIANAGARAM,19,1300,True,False,False
12831,725,12,ANGUL,TALCHER ROAD,5,13,False,True,False
12832,722,12,ANGUL,TALCHER ROAD,22,1416,False,False,True
12833,2097,63,AHMEDABAD,WARDHA JN.,0,960,False,False,True
12834,2098,64,AHMEDABAD,WARDHA JN.,13,419,False,False,False
12835,1891,24,BALANGIR,YESVANTPUR J,1,220,False,False,True
12836,1891,25,BALANGIR,YESVANTPUR J,11,1280,False,True,False
12837,504,14,BHUBANESWAR,SAKHIGOPAL,5,71,False,True,False
12838,503,14,BHUBANESWAR,SAKHIGOPAL,21,1366,False,False,True
12839,1664,35,ANAKAPALLE,VIZIANAGARAM,15,1297,False,False,False
12840,1663,36,ANAKAPALLE,VIZIANAGARAM,11,173,False,True,False
12841,1664,15,BERHAMPUR,VISAKHAPATNA,23,248,False,False,True
12842,1663,17,BERHAMPUR,VISAKHAPATNA,1,1193,False,False,True
12843,2148,43,AHMEDABAD,WARDHA JN.,7,506,False,True,False
12844,2141,43,AHMEDABAD,WARDHA JN.,18,895,True,False,False
12845,1510,21,BALUGAN,WHITE FIELD,8,29,False,True,False
12846,1510,21,BALUGAN,WHITE FIELD,9,1410,False,True,False
12847,185,5,DIGHA FS,TAMLUK,14,1340,False,False,False
12848,186,5,DIGHA FS,TAMLUK,15,88,False,False,False
12849,1312,18,AKOLA JN.,WARDHA JN.,22,1272,False,False,True
12850,1305,18,AKOLA JN.,WARDHA JN.,4,209,False,True,False
12851,1412,17,ARJUNI,WADSA,14,23,False,False,False
12852,1409,17,ARJUNI,WADSA,14,1418,False,False,False
12853,889,31,AMLAI,UMARIA,23,104,False,False,True
12854,897,31,AMLAI,UMARIA,2,1330,False,False,True
12855,416,16,AMGAON,TIRORA,20,46,True,False,False
12856,405,17,AMGAON,TIRORA,8,1388,False,True,False
12857,185,8,DIGHA FS,ULUBARIA,9,1280,False,True,False
12858,186,8,DIGHA FS,ULUBARIA,10,153,False,True,False
12859,1972,27,AKOLA JN.,WARDHA JN.,14,154,False,False,False
12860,1979,26,AKOLA JN.,WARDHA JN.,11,1277,False,True,False
12861,578,18,ANAKAPALLE,WARANGAL,15,509,False,False,False
12862,576,19,ANAKAPALLE,WARANGAL,12,883,False,False,False
12863,1959,35,BALUGAN,YESVANTPUR J,5,135,False,True,False
12864,1959,36,BALUGAN,YESVANTPUR J,21,1353,False,False,True
12865,344,9,BARABHUM,TATANAGAR JN,13,1365,False,False,False
12866,343,9,BARABHUM,TATANAGAR JN,15,75,False,False,False
12867,1922,17,BHUBANESWAR,VIZIANAGARAM,5,338,False,True,False
12868,1922,16,BHUBANESWAR,VIZIANAGARAM,15,1090,False,False,False
12869,1972,20,AKOLA JN.,TATANAGAR JN,20,1120,True,False,False
12870,1979,19,AKOLA JN.,TATANAGAR JN,12,346,False,False,False
12871,745,31,BAGDIHI,TITLA GARH J,15,314,False,False,False
12872,746,31,BAGDIHI,TITLA GARH J,10,1151,False,True,False
12873,1322,21,ALLAHABAD JN,TORI,4,794,False,True,False
12874,1325,21,ALLAHABAD JN,TORI,4,611,False,True,False
12875,1911,42,ALIGARH JN.,TATANAGAR JN,19,13,True,False,False
12876,1912,41,ALIGARH JN.,TATANAGAR JN,8,1396,False,True,False
12877,1333,15,ALLAHABAD JN,TORI,3,975,False,False,True
12878,1336,15,ALLAHABAD JN,TORI,23,438,False,False,True
12879,1790,20,AKOLA JN.,THANE,8,937,False,True,False
12880,1798,20,AKOLA JN.,THANE,4,527,False,True,False
12881,504,9,BHUBANESWAR,PURI,3,105,False,False,True
12882,503,9,BHUBANESWAR,PURI,23,1360,False,False,True
12883,322,12,ADRA,BISHNUPUR,10,1361,False,True,False
12884,330,13,ADRA,BISHNUPUR,16,62,False,False,False
12885,318,13,ADRA,BISHNUPUR,12,1363,False,False,False
12886,317,13,ADRA,BISHNUPUR,14,57,False,False,False
12887,504,10,BHUBANESWAR,SAKHIGOPAL,3,63,False,False,True
12888,503,11,BHUBANESWAR,SANTRAGACHI,23,401,False,False,True
12889,1890,26,BALANGIR,YESVANTPUR J,1,220,False,False,True
12890,1893,24,BALANGIR,YESVANTPUR J,11,1280,False,True,False
12891,311,16,BHUBANESWAR,THAKURTOLA P,10,1212,False,True,False
12892,311,16,BHUBANESWAR,THAKURTOLA P,17,221,True,False,False
12893,395,16,ANGUL,TALCHER ROAD,9,1426,False,True,False
12894,395,16,ANGUL,TALCHER ROAD,19,10,True,False,False
12895,504,10,BHUBANESWAR,SAKHIGOPAL,3,63,False,False,True
12896,503,11,BHUBANESWAR,SANTRAGACHI,23,401,False,False,True
12897,1423,19,BALUGAN,VIZIANAGARAM,16,1208,False,False,False
12898,1423,19,BALUGAN,VIZIANAGARAM,13,260,False,False,False
12901,490,14,AHMEDABAD,SURAT,6,1175,False,True,False
12902,490,14,AHMEDABAD,SURAT,22,245,False,False,True
12903,1885,34,AMRITSAR JN.,YAMUNANAGER,5,1102,False,True,False
12904,1888,35,AMRITSAR JN.,YAMUNANAGER,21,313,False,False,True
12905,2559,30,AHMEDABAD,VIRAMGAM JN,17,1346,True,False,False
12906,2566,30,AHMEDABAD,VIRAMGAM JN,9,58,False,True,False
12907,1355,5,BANDRA TERMI,HAZRAT NIZAM,16,1270,False,False,False
12908,1358,5,BANDRA TERMI,HAZRAT NIZAM,16,300,False,False,False
12909,1355,9,BANDRA TERMI,SURAT,16,210,False,False,False
12910,1358,9,BANDRA TERMI,SURAT,8,1235,False,True,False
12911,1427,16,ANKLESHWAR J,SAWAI MADHOP,17,632,True,False,False
12912,1430,16,ANKLESHWAR J,SAWAI MADHOP,16,744,False,False,False
12913,650,14,AMLA JN.,UJJAIN JN,5,992,False,True,False
12914,650,14,AMLA JN.,UJJAIN JN,21,411,False,False,True
12915,930,20,ABU ROAD,UNJHA,22,1318,False,False,True
12916,933,20,ABU ROAD,UNJHA,3,104,False,False,True
12917,1075,10,AHMEDABAD,RATLAM JN,17,390,True,False,False
12918,1077,10,AHMEDABAD,RATLAM JN,6,1055,False,True,False
12919,1598,52,AGRA CANTT,AMBALA CANTT,1,450,False,False,True
12920,1601,51,AGRA CANTT,AMBALA CANTT,22,1025,False,False,True
12921,262,14,ANDHERI,VAPI,18,131,True,False,False
12922,262,14,ANDHERI,VAPI,9,1299,False,True,False
12923,606,12,AMLA JN.,SHUJALPUR,5,1101,False,True,False
12924,606,12,AMLA JN.,SHUJALPUR,21,330,False,False,True
12925,1810,42,ANDHERI,VAPI,12,126,False,False,False
12926,1813,41,ANDHERI,VAPI,14,1291,False,False,False
12927,391,7,MUMBAI CENTR,VISHWAMITRI,23,361,False,False,True
12928,391,7,MUMBAI CENTR,SURAT,0,23,False,False,True
12929,344,19,ANKLESHWAR J,SURAT,9,1391,False,True,False
12930,344,19,ANKLESHWAR J,SURAT,18,55,True,False,False
12931,490,11,AHMEDABAD,VAPI,21,1126,False,False,True
12932,490,11,AHMEDABAD,VAPI,6,272,False,True,False
12933,490,11,AHMEDABAD,VAPI,21,1125,False,False,True
12934,490,10,AHMEDABAD,VAPI,4,296,False,True,False
12935,251,10,ANDHERI,VIRAR,7,50,False,True,False
12936,251,10,ANDHERI,VIRAR,19,1389,True,False,False
12937,2509,17,AHMEDABAD,TUNDLA JN,23,1040,False,False,True
12938,2508,17,AHMEDABAD,TUNDLA JN,11,355,False,True,False
12939,1289,13,BANASTHALI N,SAWAI MADHOP,12,1374,False,False,False
12940,1290,12,BANASTHALI N,SAWAI MADHOP,10,79,False,True,False
12941,2308,32,AHMEDABAD,VIRAMGAM JN,23,1338,False,False,True
12942,2308,32,AHMEDABAD,VIRAMGAM JN,5,66,False,True,False
12943,1301,12,BINA,UDHNA JN.,12,495,False,False,False
12944,1301,12,BINA,UDHNA JN.,14,900,False,False,False
12946,632,14,AHMEDABAD,WADHWAN CITY,3,1230,False,False,True
12947,1754,19,AHMEDABAD,TUNDLA JN,21,1010,False,False,True
12948,1754,19,AHMEDABAD,TUNDLA JN,5,375,False,True,False
12949,2664,37,AHMEDABAD,WANSJALIYA J,17,926,True,False,False
12950,2670,37,AHMEDABAD,WANSJALIYA J,11,485,False,True,False
12951,1373,8,MUMBAI CENTR,SURAT,17,173,True,False,False
12952,1376,8,MUMBAI CENTR,SURAT,8,1243,False,True,False
12953,1366,13,ANDHERI,VAPI,18,97,True,False,False
12954,1369,13,ANDHERI,VAPI,9,1311,False,True,False
12955,1157,19,ANKLESHWAR J,VIKRAMGARH A,23,404,False,False,True
12956,1158,19,ANKLESHWAR J,VIKRAMGARH A,2,1043,False,False,True
12957,931,10,ABU ROAD,SABARMATI JN,20,1265,True,False,False
12958,934,10,ABU ROAD,SABARMATI JN,6,175,False,True,False
12959,972,20,ADESAR,SURAT,13,868,False,False,False
12960,972,20,ADESAR,SURAT,21,647,False,False,True
12961,831,19,ANKLESHWAR J,UJJAIN JN,23,449,False,False,True
12962,831,19,ANKLESHWAR J,UJJAIN JN,1,993,False,False,True
12963,735,18,BHARATPUR JN,UDAIPUR CITY,21,578,False,False,True
12964,733,18,BHARATPUR JN,UDAIPUR CITY,3,895,False,False,True
12967,2179,32,BERCHHA,WARANGAL,20,415,True,False,False
12968,2174,32,BERCHHA,WARANGAL,4,998,False,True,False
12969,2673,39,ARAKKONAM JN,WARANGAL,15,684,False,False,False
12970,2667,39,ARAKKONAM JN,WARANGAL,11,618,False,True,False
12971,778,20,ANDHERI,VIRAMGAM JN,21,512,False,False,True
12972,778,20,ANDHERI,VIRAMGAM JN,8,850,False,True,False
12973,593,8,DURGAPURA,UJJAIN JN,7,962,False,True,False
12974,593,8,DURGAPURA,UJJAIN JN,21,476,False,False,True
12975,2483,42,ANANTAPUR,VIKRAMGARH A,17,367,True,False,False
12976,2483,43,ANANTAPUR,VIKRAMGARH A,8,1047,False,True,False
12977,778,17,ALWAYE,UDUPI,20,573,True,False,False
12978,2560,7,ALWAYE,TIRUR,2,1258,False,False,True
12979,1146,17,ANDHERI,VAPI,16,136,False,False,False
12980,1147,17,ANDHERI,VAPI,13,1304,False,False,False
12981,672,21,ATELI,UDAIPUR CITY,21,611,False,False,True
12982,672,21,ATELI,UDAIPUR CITY,2,881,False,False,True
12983,715,15,AJMER JN.,AMBALA CANTT,17,715,True,False,False
12984,715,15,AJMER JN.,AMBALA CANTT,9,710,False,True,False
12985,302,6,ALWAR JN.,JAIPUR JN.,7,1330,False,True,False
12986,302,6,ALWAR JN.,JAIPUR JN.,19,126,True,False,False
12987,1637,22,AGRA  FORT,TUNDLA JN,19,1370,True,False,False
12988,1638,22,AGRA  FORT,TUNDLA JN,19,70,True,False,False
12989,974,23,ABU ROAD,UNJHA,2,1273,False,False,True
12990,976,23,ABU ROAD,UNJHA,0,119,False,False,True
12991,434,15,AJMER JN.,UDAIPUR CITY,11,1110,False,True,False
12992,434,15,AJMER JN.,UDAIPUR CITY,16,320,False,False,False
12993,2288,27,AHMEDABAD,TALCHER ROAD,4,490,False,True,False
12994,2295,27,AHMEDABAD,TALCHER ROAD,7,893,False,True,False
12995,944,19,BANDRA TERMI,VAPI,15,154,False,False,False
12996,945,19,BANDRA TERMI,VAPI,0,696,False,False,True
13005,1906,57,AMETHI,ZAMANIA,12,1096,False,False,False
13006,1907,56,AMETHI,ZAMANIA,13,338,False,False,False
13007,1949,112,ABOHAR,ZAMANIA,5,1129,False,True,False
13008,1952,108,ABOHAR,ZAMANIA,21,240,False,False,True
13009,1558,77,AKBARPUR JN.,ZAFARABAD JN,13,1336,False,False,False
13010,1559,78,AKBARPUR JN.,ZAFARABAD JN,12,106,False,False,False
13011,340,18,AHMADPUR JN.,TILDANGA,18,178,True,False,False
13012,340,18,AHMADPUR JN.,TILDANGA,7,1286,False,True,False
13013,111,6,AHMADPUR JN.,SAINTHIA JN.,8,12,False,True,False
13014,111,6,AHMADPUR JN.,SAINTHIA JN.,19,1426,True,False,False
13015,158,5,BANDEL JN.,HOWRAH JN.,11,1383,False,True,False
13016,158,5,BANDEL JN.,HOWRAH JN.,16,59,False,False,False
13017,275,15,AHMADPUR JN.,SAINTHIA JN.,9,13,False,True,False
13018,275,15,AHMADPUR JN.,SAINTHIA JN.,17,1426,True,False,False
13019,1517,66,ASANSOL MAIN,JIRADEI,1,815,False,False,True
13020,1521,64,ASANSOL MAIN,JIRADEI,8,368,False,True,False
13021,691,42,ASANSOL MAIN,VIDYASAGAR,20,71,True,False,False
13022,692,42,ASANSOL MAIN,UJIARPUR,23,933,False,False,True
13023,658,33,ABHAIPUR,WAZERGANJ,6,190,False,True,False
13024,658,33,ABHAIPUR,WAZERGANJ,16,1220,False,False,False
13027,275,11,AHMADPUR JN.,SAINTHIA JN.,1,14,False,False,True
13028,275,11,AHMADPUR JN.,SAINTHIA JN.,9,1425,False,True,False
13033,419,49,AMBIKA KALNA,TRIBENI,23,1406,False,False,True
13034,419,45,AMBIKA KALNA,TRIBENI,1,45,False,False,True
13043,697,19,ASANSOL MAIN,SAMASTIPUR J,2,420,False,False,True
13044,698,19,ASANSOL MAIN,SAMASTIPUR J,8,1040,False,True,False
13049,1908,111,ANJI SHAHABA,ZAMANIA,18,641,True,False,False
13050,1909,106,ANJI SHAHABA,ZAMANIA,9,736,False,True,False
13053,210,6,BOLPUR,SIURI,11,124,False,True,False
13054,210,6,BOLPUR,SIURI,18,1361,True,False,False
13063,403,12,AZIMGANJ JN.,NEW FARAKKA,12,117,False,False,False
13064,424,12,AZIMGANJ JN.,NEW FARAKKA,2,1313,False,False,True
13071,472,21,AKBARNAGAR,TINPAHAR JN.,6,1240,False,True,False
13072,472,21,AKBARNAGAR,TINPAHAR JN.,20,178,True,False,False
13103,229,14,BELDANGA,SEALDAH,21,1251,False,False,True
13104,229,14,BELDANGA,SEALDAH,6,216,False,True,False
13105,680,30,ASANSOL MAIN,VIDYAPATINAG,17,426,True,False,False
13106,681,30,ASANSOL MAIN,VIDYAPATINAG,22,929,False,False,True
13109,112,2,GEDE,KOLKATA,9,1305,False,True,False
13110,112,2,GEDE,KOLKATA,13,135,False,False,False
13113,222,12,BELDANGA,RANAGHAT JN.,9,1348,False,True,False
13114,222,12,BELDANGA,RANAGHAT JN.,17,126,True,False,False
13117,222,11,BELDANGA,RANAGHAT JN.,19,1345,True,False,False
13118,222,11,BELDANGA,RANAGHAT JN.,7,123,False,True,False
13119,1627,89,ABHAIPUR,ZAMANIA,9,549,False,True,False
13120,1627,91,ABHAIPUR,ZAMANIA,21,788,False,False,True
13121,740,16,ASANSOL MAIN,PATLIPUTRA,22,431,False,False,True
13122,741,16,ASANSOL MAIN,PATLIPUTRA,2,1035,False,False,True
13129,78,2,KOLKATA,PETRAPOLE,7,105,False,True,False
13130,78,2,KOLKATA,PETRAPOLE,18,1330,True,False,False
13131,545,44,ASANSOL MAIN,TEKA BIGHA,23,481,False,False,True
13132,546,45,ASANSOL MAIN,ANDAL JN.,2,28,False,False,True
13133,871,82,ABHAIPUR,ZAMANIA,9,549,False,True,False
13134,871,84,ABHAIPUR,ZAMANIA,21,788,False,False,True
13135,618,17,ASANSOL MAIN,SAMASTIPUR J,1,388,False,False,True
13136,619,17,ASANSOL MAIN,SAMASTIPUR J,22,998,False,False,True
13137,785,22,AZAMGARH,SHAHPUR PATO,6,973,False,True,False
13138,786,22,AZAMGARH,SHAHPUR PATO,8,388,False,True,False
13141,716,34,AMBIKA KALNA,SAMSI,15,422,False,False,False
13142,716,34,AMBIKA KALNA,SAMSI,2,1021,False,False,True
13145,473,20,AMBIKA KALNA,SAMSI,21,402,False,False,True
13146,473,20,AMBIKA KALNA,SAMSI,2,1024,False,False,True
13147,692,24,AHMADPUR JN.,SAINTHIA JN.,22,12,False,False,True
13148,692,24,AHMADPUR JN.,SAINTHIA JN.,1,1426,False,False,True
13149,734,25,AHMADPUR JN.,SAINTHIA JN.,23,12,False,False,True
13150,734,25,AHMADPUR JN.,SAINTHIA JN.,4,1423,False,True,False
13151,1978,96,AKBARPUR JN.,YAMUNANAGER,4,1024,False,True,False
13152,1979,97,AKBARPUR JN.,YAMUNANAGER,22,415,False,False,True
13153,350,14,AHMADPUR JN.,SAINTHIA JN.,2,12,False,False,True
13154,350,15,AHMADPUR JN.,SAINTHIA JN.,1,1426,False,False,True
13155,618,19,ASANSOL MAIN,SAMASTIPUR J,1,388,False,False,True
13156,618,19,ASANSOL MAIN,SAMASTIPUR J,22,998,False,False,True
13157,564,14,ASANSOL MAIN,SAMASTIPUR J,1,388,False,False,True
13158,565,14,ASANSOL MAIN,SAMASTIPUR J,22,998,False,False,True
13159,542,16,ARARIYA COUR,SAMSI,10,1185,False,True,False
13160,542,16,ARARIYA COUR,SAMSI,15,203,False,False,False
13161,427,12,BOLPUR,RAMPUR HAT,15,58,False,False,False
13162,426,12,BOLPUR,RAMPUR HAT,11,1384,False,True,False
13163,589,33,AMBIKA KALNA,THANA BIHPUR,22,690,False,False,True
13164,589,33,AMBIKA KALNA,THANA BIHPUR,4,754,False,True,False
13165,606,15,ASANSOL MAIN,SAMASTIPUR J,1,494,False,False,True
13166,618,15,ASANSOL MAIN,SAMASTIPUR J,8,1040,False,True,False
13167,1462,22,AGRA CANTT,SASARAM,16,222,False,False,False
13168,1463,22,AGRA CANTT,SASARAM,4,1064,False,True,False
13169,569,27,AMBIKA KALNA,SAMSI,22,439,False,False,True
13170,568,27,AMBIKA KALNA,SAMSI,4,1022,False,True,False
13185,625,22,ASANSOL MAIN,SAMASTIPUR J,22,391,False,False,True
13186,626,21,ASANSOL MAIN,SAMASTIPUR J,1,1072,False,False,True
13187,228,10,BANDEL JN.,TARAPITH ROA,8,180,False,True,False
13188,228,10,BANDEL JN.,TARAPITH ROA,17,1245,True,False,False
13201,1698,67,CHHEOKI,ZAMANIA,8,1105,False,True,False
13202,1699,63,CHHEOKI,ZAMANIA,23,322,False,False,True
13205,223,9,BEGU SARAI,SAHARSA JN.,1,1319,False,False,True
13206,223,9,BEGU SARAI,SAHARSA JN.,12,132,False,False,False
13225,264,20,BARH,SAMASTIPUR J,17,1259,True,False,False
13226,264,20,BARH,SAMASTIPUR J,8,205,False,True,False
13233,108,15,BIHAR SHARIF,WENA,17,12,True,False,False
13234,108,15,BIHAR SHARIF,WENA,10,1425,False,True,False
13235,305,29,ABHAIPUR,SULTANGANJ,17,1369,True,False,False
13236,305,29,ABHAIPUR,SULTANGANJ,9,70,False,True,False
13237,1245,28,AKBARPUR JN.,ZAMANIA,19,1132,True,False,False
13238,1246,28,AKBARPUR JN.,ZAMANIA,9,255,False,True,False
13239,1198,24,AGRA CANTT,ZAMANIA,6,475,False,True,False
13240,1199,24,AGRA CANTT,ZAMANIA,22,925,False,False,True
13241,271,21,ABHAIPUR,TELIA,11,1231,False,True,False
13242,271,21,ABHAIPUR,TELIA,2,205,False,False,True
13243,242,24,ANUGRAH NARA,TEHTA,21,1265,False,False,True
13244,242,24,ANUGRAH NARA,TEHTA,5,158,False,True,False
13245,487,32,AZAMNAGAR RO,THANA BIHPUR,17,233,True,False,False
13246,485,35,AZAMNAGAR RO,THANA BIHPUR,8,1217,False,True,False
13247,969,41,ALIPUR DUAR,THANA BIHPUR,10,665,False,True,False
13248,967,44,ALIPUR DUAR,THANA BIHPUR,16,707,False,False,False
13249,193,12,ARA,BIKRAM GANJ,6,83,False,True,False
13250,193,12,ARA,BIKRAM GANJ,15,1295,False,False,False
13257,971,8,ANAND VIHAR,MUGHAL SARAI,10,497,False,True,False
13258,971,8,ANAND VIHAR,MUGHAL SARAI,13,862,False,False,False
13287,1112,51,ADITYAPUR,TILDA,19,785,True,False,False
13288,1113,52,ADITYAPUR,TILDA,7,660,False,True,False
13301,198,12,ADRA,TATANAGAR JN,8,180,False,True,False
13302,197,12,ADRA,TATANAGAR JN,16,1270,False,False,False
13303,295,10,ASANSOL MAIN,RANCHI,6,325,False,True,False
13304,292,10,ASANSOL MAIN,RANCHI,21,1100,False,False,True
13305,198,17,CHAUBE,TANKUPPA,7,104,False,True,False
13306,198,17,CHAUBE,TANKUPPA,19,1331,True,False,False
13307,1600,74,AKBARPUR JN.,ZAFARABAD JN,8,1303,False,True,False
13308,1600,71,AKBARPUR JN.,ZAFARABAD JN,16,136,False,False,False
13319,331,20,BOKARO STEEL,VIDYASAGAR,10,1184,False,True,False
13320,328,20,BOKARO STEEL,VIDYASAGAR,15,249,False,False,False
13329,290,11,DHANBAD JN.,TETULMARI,23,9,False,False,True
13330,290,11,DHANBAD JN.,TETULMARI,5,1412,False,True,False
13331,367,22,BARH,VIDYASAGAR,15,1154,False,False,False
13332,367,22,BARH,VIDYASAGAR,9,284,False,True,False
13345,208,9,VARANASI JN.,SAKTESGARH,14,144,False,False,False
13346,208,9,VARANASI JN.,SAKTESGARH,13,1256,False,False,False
13347,493,32,ANKORAH (AKO,UNTARI ROAD,0,1375,False,False,True
13348,493,32,ANKORAH (AKO,UNTARI ROAD,1,69,False,False,True
13351,2535,96,ARAKKONAM JN,ELAMANCHILI,3,441,False,False,True
13352,2534,97,ARAKKONAM JN,ELAMANCHILI,19,1011,True,False,False
13401,230,28,ABHAIPUR,UREN,7,17,False,True,False
13402,230,28,ABHAIPUR,UREN,20,1421,True,False,False
13403,572,26,ASANSOL MAIN,ANDAL JN.,1,29,False,False,True
13404,575,26,ASANSOL MAIN,ANDAL JN.,3,1370,False,False,True
13409,231,17,AKBARNAGAR,TINPAHAR JN.,10,1264,False,True,False
13410,231,17,AKBARNAGAR,TINPAHAR JN.,16,176,False,False,False
13413,1399,63,ABHAIPUR,ZAMANIA,1,423,False,False,True
13414,1399,61,ABHAIPUR,ZAMANIA,0,986,False,False,True
13415,399,18,ABHAIPUR,SULTANGANJ,1,1370,False,False,True
13416,399,18,ABHAIPUR,SULTANGANJ,1,64,False,False,True
13417,659,16,ADRA,BISHNUPUR,6,1338,False,True,False
13418,660,16,ADRA,BISHNUPUR,16,58,False,False,False
13419,239,18,ABHAIPUR,SAMASTIPUR J,15,206,False,False,False
13420,239,18,ABHAIPUR,SAMASTIPUR J,3,1213,False,False,True
13421,224,11,AZIMGANJ JN.,SALAR,7,1352,False,True,False
13422,224,11,AZIMGANJ JN.,SALAR,18,81,True,False,False
13423,1748,18,CHHEOKI,SATNA,1,163,False,False,True
13424,1749,18,CHHEOKI,SATNA,5,1238,False,True,False
13425,2141,30,AKOLA JN.,WARDHA JN.,19,1282,True,False,False
13426,2130,30,AKOLA JN.,WARDHA JN.,21,169,False,False,True
13429,1405,24,ABHAIPUR,SAHIBGANJ,14,1256,False,False,False
13430,1405,24,ABHAIPUR,SAHIBGANJ,16,221,False,False,False
13465,329,15,AMBIKA KALNA,SALAR,16,108,False,False,False
13466,329,15,AMBIKA KALNA,SALAR,11,1342,False,True,False
13483,1447,65,AKBARPUR JN.,ZAMANIA,14,1082,False,False,False
13484,1447,63,AKBARPUR JN.,ZAMANIA,11,349,False,True,False
13501,330,18,ADRA,BISHNUPUR,19,1351,True,False,False
13502,323,18,ADRA,BISHNUPUR,6,64,False,True,False
13505,379,14,ADRA,BISHNUPUR,21,1334,False,False,True
13506,372,14,ADRA,BISHNUPUR,6,64,False,True,False
13507,641,15,ASANSOL MAIN,SIWAN JN.,16,640,False,False,False
13508,643,15,ASANSOL MAIN,SIWAN JN.,11,710,False,True,False
13509,859,24,AKBARPUR JN.,SAMASTIPUR J,9,771,False,True,False
13510,861,22,AKBARPUR JN.,SAMASTIPUR J,18,606,True,False,False
13511,166,9,ANARA,TATANAGAR JN,15,1307,False,False,False
13512,166,9,ANARA,TATANAGAR JN,10,140,False,True,False
14001,471,2,ATARI JN,DELHI JN.,7,955,False,True,False
14002,471,2,ATARI JN,DELHI JN.,20,440,True,False,False
14003,1418,23,ABHAIPUR,SAHIBGANJ,14,1256,False,False,False
14004,1418,23,ABHAIPUR,SAHIBGANJ,17,233,True,False,False
14005,1182,41,ALLAHABAD JN,JIRADEI,19,885,True,False,False
14006,1183,43,ALLAHABAD JN,JIRADEI,2,492,False,False,True
14007,1235,34,ALAM NAGAR,YUSUFPUR,19,790,True,False,False
14008,1236,34,ALAM NAGAR,YUSUFPUR,3,493,False,False,True
14011,410,9,DELHI JN.,AMBALA CANTT,21,215,False,False,True
14012,410,9,DELHI JN.,AMBALA CANTT,7,1190,False,True,False
14013,627,15,ALAM NAGAR,SHAHJAHANPUR,19,142,True,False,False
14014,627,15,ALAM NAGAR,SHAHJAHANPUR,3,1227,False,False,True
14015,1218,35,ALAM NAGAR,YUSUFPUR,19,791,True,False,False
14016,1219,36,ALAM NAGAR,YUSUFPUR,3,492,False,False,True
14017,1282,36,AKBARPUR JN.,YUSUFPUR,14,1094,False,False,False
14018,1283,36,AKBARPUR JN.,YUSUFPUR,7,285,False,True,False
14019,2478,18,AMBASSA,PATLIPUTRA,15,435,False,False,False
14020,2479,18,AMBASSA,PATLIPUTRA,22,977,False,False,True
14021,291,18,CHIRAWA,SATNALI,3,1295,False,False,True
14022,291,18,CHIRAWA,SATNALI,23,99,False,False,True
14033,653,32,BARI BRAHMAN,VIJAYPUR JAM,7,1417,False,True,False
14034,653,30,ADARSH NAGAR,VIJAYPUR JAM,5,715,False,True,False
14035,495,19,BAHADURGARH,TANDA-URMAR,23,426,False,False,True
14036,495,20,BAHADURGARH,TANDA-URMAR,9,930,False,True,False
14041,338,20,BIJNOR,RAIWALA JN.,3,228,False,False,True
14042,338,20,BIJNOR,RAIWALA JN.,2,1221,False,False,True
14043,237,13,BIJNOR,PILKHUA,17,221,True,False,False
14044,237,13,BIJNOR,PILKHUA,12,1213,False,False,False
14055,2578,62,ABHAIPUR,TUNDLA JN,9,975,False,True,False
14056,2579,61,ABHAIPUR,TUNDLA JN,17,534,True,False,False
14085,263,20,MANDI ADAMPU,TILAK BRIDGE,23,1126,False,False,True
14086,263,20,MANDI ADAMPU,TILAK BRIDGE,4,337,False,True,False
14095,269,14,CHANDIGARH,AMBALA CANTT,10,1392,False,True,False
14096,269,15,CHANDIGARH,AMBALA CANTT,17,45,True,False,False
14101,208,13,BIGHAPUR,UNCHAHAR JN.,19,1335,True,False,False
14102,208,13,BIGHAPUR,UNCHAHAR JN.,10,110,False,True,False
14109,213,12,ATARRA,RAGAUL,15,79,False,False,False
14110,213,12,ATARRA,RAGAUL,13,1350,False,False,False
14113,360,15,ALIGARH JN.,SEOHARA,3,259,False,False,True
14114,360,16,ALIGARH JN.,SEOHARA,22,1139,False,False,True
14115,724,15,ALLAHABAD JN,SHAHJAHANPUR,23,492,False,False,True
14116,724,15,ALLAHABAD JN,SHAHJAHANPUR,7,925,False,True,False
14117,263,10,ALLAHABAD JN,TINICH,4,381,False,True,False
14118,263,10,ALLAHABAD JN,TINICH,20,1035,True,False,False
14119,335,11,BILASPUR ROA,RUDRAPUR CIT,21,1416,False,False,True
14120,335,11,BILASPUR ROA,RUDRAPUR CIT,4,17,False,True,False
14123,246,15,AMETHI,RAE BARELI J,5,66,False,True,False
14124,246,15,AMETHI,RAE BARELI J,21,1373,False,False,True
14125,202,15,ALLAHABAD JN,SULTANPUR JN,18,180,True,False,False
14126,202,15,ALLAHABAD JN,SULTANPUR JN,8,1256,False,True,False
14151,429,13,ALIGARH JN.,TUNDLA JN,16,1379,False,False,False
14152,478,13,ALIGARH JN.,TUNDLA JN,22,65,False,False,True
14163,629,30,ALLAHABAD JN,TUNDLA JN,17,475,True,False,False
14164,629,24,ALLAHABAD JN,TUNDLA JN,8,965,False,True,False
14201,197,11,AMETHI,ZAFARABAD JN,20,1227,True,False,False
14202,197,11,AMETHI,ZAFARABAD JN,7,230,False,True,False
14203,301,14,AMETHI,SURIAWAN,19,1333,True,False,False
14204,301,14,AMETHI,SURIAWAN,9,144,False,True,False
14205,614,11,BARA BANKI J,SHAHJAHANPUR,19,231,True,False,False
14206,614,11,BARA BANKI J,SHAHJAHANPUR,4,1213,False,True,False
14207,659,16,AMETHI,SHAHJAHANPUR,17,394,True,False,False
14208,659,16,AMETHI,SHAHJAHANPUR,7,1104,False,True,False
14209,194,8,BACHHRAWN,UNCHAHAR JN.,17,1371,True,False,False
14210,194,8,BACHHRAWN,UNCHAHAR JN.,8,82,False,True,False
14211,188,18,AGRA CANTT,TILAK BRIDGE,6,235,False,True,False
14212,191,18,AGRA CANTT,TILAK BRIDGE,22,1180,False,False,True
14213,254,12,AKBARPUR JN.,SHAHGANJ JN.,16,1389,False,False,False
14214,255,12,AKBARPUR JN.,SHAHGANJ JN.,10,47,False,True,False
14215,200,11,ALLAHABAD JN,UNCHAHAR JN.,6,98,False,True,False
14216,200,11,ALLAHABAD JN,UNCHAHAR JN.,22,1294,False,False,True
14217,875,41,ALIGARH JN.,AMBALA CANTT,1,434,False,False,True
14218,875,40,ALIGARH JN.,AMBALA CANTT,23,1060,False,False,True
14219,301,12,AMETHI,SEWAPURI,8,1271,False,True,False
14220,301,12,AMETHI,SEWAPURI,15,198,False,False,False
14221,203,9,BARA BANKI J,SOHWAL,7,1321,False,True,False
14222,203,9,BARA BANKI J,SOHWAL,15,110,False,False,False
14227,276,13,AKBAR GANJ,SULTANPUR JN,8,1378,False,True,False
14228,276,12,AKBAR GANJ,SULTANPUR JN,19,65,True,False,False
14235,558,48,AKBARPUR JN.,ZAFARABAD JN,2,1342,False,False,True
14236,558,45,AKBARPUR JN.,ZAFARABAD JN,3,90,False,False,True
14257,793,32,ANJI SHAHABA,TILHAR,22,64,False,False,True
14258,793,34,ANJI SHAHABA,TILHAR,18,1374,True,False,False
14260,319,8,AMETHI,RAE BARELI J,1,1387,False,False,True
14265,845,49,ANJI SHAHABA,SEWAPURI,19,830,True,False,False
14266,845,51,AMETHI,SEWAPURI,10,213,False,True,False
14307,460,41,ANJI SHAHABA,BHUPIA MAU,8,886,False,True,False
14308,460,40,ANJI SHAHABA,BHUPIA MAU,19,496,True,False,False
14309,1226,30,AGRA CANTT,UJJAIN JN,7,475,False,True,False
14310,1228,30,AGRA CANTT,UJJAIN JN,16,980,False,False,False
14311,1543,46,ABU ROAD,VIRAMGAM JN,1,376,False,False,True
14312,1540,45,ABU ROAD,VIRAMGAM JN,0,1059,False,False,True
14313,1592,26,AGRA CANTT,TUNDLA JN,7,95,False,True,False
14314,1591,27,AGRA CANTT,THANE,18,37,True,False,False
14315,257,16,AMROHA,TILAK BRIDGE,7,164,False,True,False
14316,257,16,AMROHA,TILAK BRIDGE,19,1287,True,False,False
14317,1165,30,AGRA CANTT,UJJAIN JN,7,565,False,True,False
14318,1168,30,AGRA CANTT,UJJAIN JN,16,700,False,False,False
14319,1021,19,AGRA CITY,UJJAIN JN,7,617,False,True,False
14320,1020,19,AGRA CITY,UJJAIN JN,18,892,True,False,False
14321,1409,46,ABU ROAD,SANTALPUR,1,207,False,False,True
14322,1407,45,ABU ROAD,SANTALPUR,0,1187,False,False,True
14323,71,6,BAHADURGARH,SHAKUR BASTI,11,1413,False,True,False
14324,71,6,BAHADURGARH,SHAKUR BASTI,14,31,False,False,False
14369,722,36,AGORI KHAS,UNCHAHAR JN.,18,610,True,False,False
14370,722,36,AGORI KHAS,UNCHAHAR JN.,4,847,False,True,False
14371,201,10,BARWADIH JN,WYNDHAMGANJ,13,141,False,False,False
14372,201,10,BARWADIH JN,WYNDHAMGANJ,10,1248,False,True,False
14501,523,13,BHUCHCHU,TAPA,21,42,False,False,True
14502,523,13,BHUCHCHU,TAPA,9,1408,False,True,False
14503,479,10,CHANDIGARH,UDHAMPUR,19,450,True,False,False
14504,479,10,CHANDIGARH,UDHAMPUR,7,888,False,True,False
14505,286,11,ANANDPUR SAH,SAMARALA,19,1313,True,False,False
14506,286,12,ANANDPUR SAH,SAMARALA,7,120,False,True,False
14511,773,29,ALLAHABAD JN,UNCHAHAR JN.,17,119,True,False,False
14512,773,28,ALLAHABAD JN,UNCHAHAR JN.,9,1307,False,True,False
14519,335,19,MANDI ADAMPU,SATROD,19,1385,True,False,False
14520,335,19,MANDI ADAMPU,SATROD,9,41,False,True,False
14521,261,14,DEOBAND,YAMUNANAGER,15,102,False,False,False
14522,261,14,DEOBAND,YAMUNANAGER,7,1353,False,True,False
14523,1295,21,BAREILLY JN.,YAMUNANAGER,1,348,False,False,True
14524,1296,21,BAREILLY JN.,YAMUNANAGER,5,1063,False,True,False
14525,314,15,ABOHAR,AMBALA CANTT,11,1083,False,True,False
14526,314,15,ABOHAR,AMBALA CANTT,14,369,False,False,False
14545,212,27,AHERA,TAPRI JN.,18,157,True,False,False
14546,203,27,AHERA,TAPRI JN.,9,1247,False,True,False
14553,398,28,AMB  ANDAURA,AMBALA CANTT,8,1090,False,True,False
14554,398,26,AMB  ANDAURA,AMBALA CANTT,20,320,True,False,False
14555,271,21,ASAFPUR,SIMBHOOLI,15,191,False,False,False
14556,271,21,ASAFPUR,SIMBHOOLI,11,1255,False,True,False
14601,184,10,ABOHAR,SHRI GANGANA,8,50,False,True,False
14602,184,10,ABOHAR,SHRI GANGANA,13,1385,False,False,False
14603,1568,33,AMRITSAR JN.,AMBALA CANTT,2,1145,False,False,True
14604,1571,33,AMRITSAR JN.,AMBALA CANTT,13,245,False,False,False
14609,635,22,DASUA,YAMUNANAGER,1,1150,False,False,True
14610,635,22,DASUA,YAMUNANAGER,21,353,False,False,True
14611,1385,14,AUNRIHAR JN.,AMBALA CANTT,9,1083,False,True,False
14613,236,8,CHANDIGARH,TALWANDI,16,255,False,False,False
14614,236,8,CHANDIGARH,TALWANDI,11,1181,False,True,False
14615,661,18,AMRITSAR JN.,YAMUNANAGER,15,936,False,False,False
14616,661,18,AMRITSAR JN.,YAMUNANAGER,5,393,False,True,False
14623,1027,23,AGRA CANTT,PARASIA,1,538,False,False,True
14624,1029,23,AGRA CANTT,PARASIA,16,1000,False,False,False
14625,382,18,BAHADURGARH,TOHANA,7,152,False,True,False
14626,382,18,BAHADURGARH,TOHANA,10,1301,False,True,False
14629,123,9,AJITWAL,TALWANDI,8,45,False,True,False
14630,123,9,AJITWAL,TALWANDI,18,1396,True,False,False
14631,462,27,AMRITSAR JN.,YAMUNANAGER,7,1021,False,True,False
14632,462,29,AMRITSAR JN.,YAMUNANAGER,22,363,False,False,True
14633,106,7,AMRITSAR JN.,VERKA JN.,9,10,False,True,False
14634,106,7,AMRITSAR JN.,VERKA JN.,16,1403,False,False,False
14645,639,29,DEOBAND,YAMUNANAGER,18,107,True,False,False
14646,639,28,DEOBAND,YAMUNANAGER,7,1354,False,True,False
14649,1668,63,AKBARPUR JN.,AMBALA CANTT,21,1237,False,False,True
14650,1669,58,AKBARPUR JN.,AMBALA CANTT,9,430,False,True,False
14659,919,39,ASHAPURA GOM,TIVARI,9,1218,False,True,False
14660,919,39,ASHAPURA GOM,TIVARI,18,202,True,False,False
14661,209,8,BASNI,UTARLAI,5,204,False,True,False
14662,209,8,BASNI,UTARLAI,22,1210,False,False,True
14673,1650,58,AMROHA,AMBALA CANTT,9,519,False,True,False
14674,1653,58,AMROHA,AMBALA CANTT,23,1035,False,False,True
14681,438,21,DEOBAND,YAMUNANAGER,17,104,True,False,False
14682,438,21,DEOBAND,YAMUNANAGER,9,1362,False,True,False
14703,314,14,ASHAPURA GOM,SIRD,12,127,False,False,False
14704,314,14,ASHAPURA GOM,SIRD,11,1300,False,True,False
14707,1211,34,ABU ROAD,VAPI,19,641,True,False,False
14708,1209,34,ABU ROAD,VAPI,4,780,False,True,False
14709,2094,31,ANGUL,TALCHER ROAD,5,13,False,True,False
14710,2091,31,ANGUL,TALCHER ROAD,10,1397,False,True,False
14711,471,21,ABOHAR,YAMUNANAGER,22,1061,False,False,True
14712,471,21,ABOHAR,YAMUNANAGER,4,389,False,True,False
14713,534,15,ABOHAR,TAPA,15,130,False,False,False
14714,534,15,ABOHAR,TAPA,16,1274,False,False,False
14715,445,10,BHIWANI JN.,AMBALA CANTT,6,345,False,True,False
14716,445,10,BHIWANI JN.,AMBALA CANTT,0,1130,False,False,True
14717,751,14,BIKANER JN.,AMBALA CANTT,23,765,False,False,True
14718,751,14,BIKANER JN.,AMBALA CANTT,7,695,False,True,False
14723,604,31,ALIGARH JN.,TUNDLA JN,2,1358,False,False,True
14724,605,30,ALIGARH JN.,TUNDLA JN,0,105,False,False,True
14731,521,29,BHUCHCHU,AMBALA CANTT,21,1238,False,False,True
14732,521,29,BHUCHCHU,AMBALA CANTT,5,215,False,True,False
14795,108,6,BHIWANI JN.,ROHTAK JN.,4,55,False,True,False
14796,108,6,BHIWANI JN.,ROHTAK JN.,23,1377,False,False,True
14801,735,41,AJMER JN.,SALAWAS,13,1104,False,False,False
14803,479,17,AHMEDABAD,UNJHA,20,1287,True,False,False
14804,479,17,AHMEDABAD,UNJHA,21,95,False,False,True
14805,2242,38,AHMEDABAD,YESVANTPUR J,19,875,True,False,False
14806,2240,37,AHMEDABAD,YESVANTPUR J,14,795,False,False,False
14807,150,10,ALWAR JN.,RAJGARH,12,1379,False,False,False
14808,150,10,ALWAR JN.,RAJGARH,14,31,False,False,False
14809,300,11,ASHAPURA GOM,SHRI BHADRIY,8,1404,False,True,False
14810,300,11,ASHAPURA GOM,SHRI BHADRIY,4,33,False,True,False
14811,291,12,CHIRAWA,SURAJGARH,16,20,False,False,False
14812,291,12,CHIRAWA,SURAJGARH,11,1424,False,True,False
14853,1193,36,AKBARPUR JN.,TUNDLA JN,19,591,True,False,False
14854,1194,37,AKBARPUR JN.,TUNDLA JN,7,855,False,True,False
14863,1145,31,AGRA  FORT,TUNDLA JN,6,1370,False,True,False
14864,1146,32,AGRA  FORT,TUNDLA JN,20,80,True,False,False
14865,1170,33,AGRA  FORT,TUNDLA JN,6,1370,False,True,False
14866,1171,33,AGRA  FORT,TUNDLA JN,20,80,True,False,False
14887,1082,40,BHUCHCHU,AMBALA CANTT,3,1215,False,False,True
14888,1082,40,BHUCHCHU,AMBALA CANTT,0,222,False,False,True
14889,324,2,BHAGAT-KI-KO,MUNABAO,1,360,False,False,True
14890,324,2,BHAGAT-KI-KO,MUNABAO,23,1150,False,False,True
15001,1122,26,BARA BANKI J,SHAHJAHANPUR,1,234,False,False,True
15002,1124,26,BARA BANKI J,SHAHJAHANPUR,3,1213,False,False,True
15003,551,31,ALLAHABAD JN,SALEMPUR JN.,21,398,False,False,True
15004,551,28,ALLAHABAD JN,SALEMPUR JN.,8,948,False,True,False
15005,813,16,BARA BANKI J,SHAHJAHANPUR,1,234,False,False,True
15006,814,16,BARA BANKI J,SHAHJAHANPUR,3,1213,False,False,True
15007,503,36,AUNRIHAR JN.,SAHJANWA,17,370,True,False,False
15008,505,37,AUNRIHAR JN.,SAHJANWA,11,1051,False,True,False
15009,329,16,ANAND NAGAR,USKA BAZAR,23,19,False,False,True
15011,698,20,AMROHA,YAMUNANAGER,6,383,False,True,False
15012,698,20,AMROHA,YAMUNANAGER,1,1067,False,False,True
15013,1255,39,AJMER JN.,TIVARI,12,989,False,False,False
15014,1256,39,AJMER JN.,TIVARI,13,300,False,False,False
15015,2501,23,BARA BANKI J,YESVANTPUR J,10,1396,False,True,False
15016,2504,23,BARA BANKI J,YESVANTPUR J,9,1348,False,True,False
15017,1718,73,ALLAHABAD JN,UGRASENPUR,8,74,False,True,False
15018,1718,73,ALLAHABAD JN,UGRASENPUR,16,1267,False,False,False
15019,81,5,ANAND NAGAR,PEPPEGANJ,13,1380,False,False,False
15020,81,5,ANAND NAGAR,PEPPEGANJ,15,22,False,False,False
15021,1056,15,AUNRIHAR JN.,TATANAGAR JN,12,702,False,False,False
15022,1055,15,AUNRIHAR JN.,TATANAGAR JN,17,736,True,False,False
15023,2460,24,ANANTAPUR,YESVANTPUR J,6,305,False,True,False
15024,2473,24,ANANTAPUR,YESVANTPUR J,3,1230,False,False,True
15025,823,11,AKBARPUR JN.,SHAHGANJ JN.,14,1372,False,False,False
15026,823,11,AKBARPUR JN.,SHAHGANJ JN.,1,76,False,False,True
15027,859,50,BACHWARA JN.,JIRADEI,5,465,False,True,False
15028,864,50,BACHWARA JN.,JIRADEI,17,993,True,False,False
15029,1747,20,AHMADNAGAR,PUNE JN.,23,305,False,False,True
15030,1748,20,AHMADNAGAR,PUNE JN.,14,1245,False,False,False
15033,243,8,HARIDWAR JN,RAMNAGAR,18,305,True,False,False
15034,243,8,HARIDWAR JN,RAMNAGAR,13,1130,False,False,False
15035,278,10,AMROHA,RUDRAPUR CIT,18,160,True,False,False
15036,277,10,AMROHA,RUDRAPUR CIT,12,1269,False,False,False
15037,246,20,BALLUPUR FLA,SAHAWAR TOWN,15,48,False,False,False
15038,247,20,BALLUPUR FLA,SAHAWAR TOWN,13,1391,False,False,False
15039,107,8,DARYAOGANJ,SAHAWAR TOWN,7,40,False,True,False
15040,107,8,DARYAOGANJ,SAHAWAR TOWN,9,1402,False,True,False
15041,107,9,DARYAOGANJ,SAHAWAR TOWN,19,29,True,False,False
15042,107,9,DARYAOGANJ,SAHAWAR TOWN,22,1402,False,False,True
15043,341,11,BAREILLY CIT,PANTNAGAR,4,103,False,True,False
15044,341,11,BAREILLY CIT,PANTNAGAR,15,1280,False,False,False
15045,2285,39,AHMEDABAD,WANKANER,18,202,True,False,False
15046,2286,39,AHMEDABAD,WANKANER,6,1207,False,True,False
15047,855,19,ASANSOL MAIN,SIWAN JN.,18,648,True,False,False
15048,858,19,ASANSOL MAIN,SIWAN JN.,0,763,False,False,True
15049,879,27,ASANSOL MAIN,SALEMPUR JN.,18,763,True,False,False
15050,882,27,ASANSOL MAIN,SALEMPUR JN.,0,541,False,False,True
15051,873,22,ASANSOL MAIN,SAMASTIPUR J,18,363,True,False,False
15052,875,23,ASANSOL MAIN,SAMASTIPUR J,0,1068,False,False,True
15053,535,13,AUNRIHAR JN.,YUSUFPUR,22,1358,False,False,True
15054,536,13,AUNRIHAR JN.,YUSUFPUR,7,65,False,True,False
15055,440,21,AGRA  FORT,UJHANI,13,271,False,False,False
15056,440,21,AGRA  FORT,UJHANI,5,1086,False,True,False
15057,748,8,ANAND VIHAR,MORADABAD JN,11,1235,False,True,False
15058,749,8,ANAND VIHAR,MORADABAD JN,17,190,True,False,False
15059,248,11,AMROHA,Rudrapur Sid,8,1221,False,True,False
15060,248,11,AMROHA,Rudrapur Sid,16,241,False,False,False
15063,1745,23,ANAND NAGAR,THANE,6,542,False,True,False
15064,1745,23,ANAND NAGAR,THANE,2,933,False,False,True
15065,1743,23,ANAND NAGAR,TULSIPUR,6,130,False,True,False
15066,1743,23,ANAND NAGAR,TULSIPUR,2,1255,False,False,True
15067,1896,26,ANAND NAGAR,VAPI,6,645,False,True,False
15068,1895,26,ANAND NAGAR,VAPI,15,663,False,False,False
15069,333,11,ANAND NAGAR,TULSIPUR,4,102,False,True,False
15070,333,11,ANAND NAGAR,TULSIPUR,22,1303,False,False,True
15097,1777,31,ABHAIPUR,YAMUNANAGER,1,204,False,False,True
15098,1780,31,ABHAIPUR,YAMUNANAGER,7,1343,False,True,False
15101,1878,19,BHOPAL,SIWAN JN.,16,335,False,False,False
15102,1882,19,BHOPAL,SIWAN JN.,7,1180,False,True,False
15103,234,15,AUNRIHAR JN.,SALEMPUR JN.,20,1280,True,False,False
15104,234,16,AUNRIHAR JN.,SALEMPUR JN.,6,144,False,True,False
15105,177,10,BHATPAR RANI,SIWAN JN.,7,1404,False,True,False
15106,179,16,BHATPAR RANI,SIWAN JN.,18,34,True,False,False
15111,222,14,AUNRIHAR JN.,SURAIMANPUR,7,1224,False,True,False
15112,222,14,AUNRIHAR JN.,SURAIMANPUR,19,235,True,False,False
15115,996,21,AMROHA,YUSUFPUR,8,293,False,True,False
15116,996,21,AMROHA,YUSUFPUR,16,1092,False,False,False
15117,492,11,ALLAHABAD JN,SATNA,12,165,False,False,False
15118,493,10,ALLAHABAD JN,SATNA,17,1160,True,False,False
15119,2790,37,ALLAHABAD JN,WARANGAL,1,1335,False,False,True
15120,2785,37,ALLAHABAD JN,WARANGAL,0,1335,False,False,True
15159,1091,50,AMLAI,YUSUFPUR,0,556,False,False,True
15160,1092,46,AMLAI,YUSUFPUR,2,960,False,False,True
15201,204,17,BAPUDHAM MOT,SAGAULI JN.,21,25,False,False,True
15202,204,17,BAPUDHAM MOT,SAGAULI JN.,6,1394,False,True,False
15203,670,37,BARA BANKI J,SAHJANWA,11,1121,False,True,False
15204,674,37,BARA BANKI J,SAHJANWA,16,259,False,False,False
15205,585,28,ATARRA,UNCHEHARA,23,287,False,False,True
15206,585,27,ATARRA,UNCHEHARA,3,1193,False,False,True
15209,1520,48,AMRITSAR JN.,YAMUNANAGER,17,1091,True,False,False
15210,1523,48,AMRITSAR JN.,YAMUNANAGER,6,338,False,True,False
15211,1485,48,AMRITSAR JN.,YAMUNANAGER,1,1071,False,False,True
15212,1486,46,AMRITSAR JN.,YAMUNANAGER,19,328,True,False,False
15215,159,13,BAPUDHAM MOT,SAGAULI JN.,9,29,False,True,False
15216,159,13,BAPUDHAM MOT,SAGAULI JN.,14,1414,False,False,False
15227,2729,36,ARAKKONAM JN,YESVANTPUR J,8,950,False,True,False
15228,2729,35,ARAKKONAM JN,YESVANTPUR J,5,395,False,True,False
15231,1523,32,CHHEOKI,USALAPUR,1,690,False,False,True
15232,1520,34,CHHEOKI,USALAPUR,15,622,False,False,False
15233,534,10,ASANSOL MAIN,SAMASTIPUR J,14,424,False,False,False
15234,534,10,ASANSOL MAIN,SAMASTIPUR J,23,1040,False,False,True
15235,535,11,ASANSOL MAIN,SAMASTIPUR J,14,423,False,False,False
15236,536,11,ASANSOL MAIN,SAMASTIPUR J,23,1040,False,False,True
15267,1924,24,ALLAHABAD JN,SATNA,7,190,False,True,False
15268,1925,23,ALLAHABAD JN,SATNA,16,1170,False,False,False
15269,1744,25,ABU ROAD,TUNDLA JN,4,639,False,True,False
15270,1745,25,ABU ROAD,TUNDLA JN,20,830,True,False,False
15271,549,12,ASANSOL MAIN,SAMASTIPUR J,14,424,False,False,False
15272,550,12,ASANSOL MAIN,SAMASTIPUR J,23,1021,False,False,True
15273,955,45,AMROHA,TAHSIL FATEH,4,950,False,True,False
15274,956,45,AMROHA,TAHSIL FATEH,20,503,True,False,False
15275,109,8,BEGU SARAI,SAHARSA JN.,1,1325,False,False,True
15276,109,8,BEGU SARAI,SAHARSA JN.,4,202,False,True,False
15279,1182,22,ANAND VIHAR,SIWAN JN.,12,450,False,False,False
15280,1185,22,ANAND VIHAR,SIWAN JN.,17,1025,True,False,False
15283,373,19,BANMANKHI JN,SAMASTIPUR J,1,324,False,False,True
15284,373,19,BANMANKHI JN,SAMASTIPUR J,12,1130,False,False,False
15417,589,26,AGOMONI,TIPKAI,17,292,True,False,False
15418,589,26,AGOMONI,TIPKAI,6,1223,False,True,False
15463,308,15,ALUABARI ROA,THAKURGANJ,16,19,False,False,False
15464,309,15,ALUABARI ROA,THAKURGANJ,9,1412,False,True,False
15483,1638,58,ALLAHABAD JN,ACHALDA,8,343,False,True,False
15484,1638,59,ALLAHABAD JN,ACHALDA,18,1140,True,False,False
15529,1253,25,ANAND VIHAR,SAMASTIPUR J,17,45,True,False,False
15530,1255,25,ANAND VIHAR,SAMASTIPUR J,23,1390,False,False,True
15531,1612,28,AMRITSAR JN.,AMBALA CANTT,0,475,False,False,True
15532,1615,28,AMRITSAR JN.,AMBALA CANTT,17,372,True,False,False
15547,1963,20,CHHEOKI,SATNA,8,170,False,True,False
15548,1963,20,CHHEOKI,SATNA,9,1198,False,True,False
15549,243,10,DARBHANGA JN,SAMASTIPUR J,7,102,False,True,False
15550,243,10,DARBHANGA JN,SAMASTIPUR J,20,1365,True,False,False
15559,2018,27,AHMEDABAD,SATNA,9,110,False,True,False
15560,2020,27,AHMEDABAD,SATNA,19,1375,True,False,False
15563,1865,26,CHHEOKI,UDHNA JN.,16,1232,False,False,False
15564,1866,26,CHHEOKI,UDHNA JN.,8,48,False,True,False
15601,2294,14,ALLAHABAD JN,SILCHAR,4,852,False,True,False
15602,2295,14,ALLAHABAD JN,SILCHAR,8,710,False,True,False
15603,571,35,AMGURI,TITABAR,5,1369,False,True,False
15604,570,35,AMGURI,TITABAR,19,67,True,False,False
15605,233,20,AMGURI,SIBSAGAR TOW,9,53,False,True,False
15606,233,20,AMGURI,SIBSAGAR TOW,16,1373,False,False,False
15613,491,25,BORDOLANI,VISHWANATH C,5,1219,False,True,False
15614,491,25,BORDOLANI,VISHWANATH C,20,215,True,False,False
15617,332,14,CHANGSARI,VISHWANATH C,21,265,False,False,True
15618,332,14,CHANGSARI,VISHWANATH C,3,1125,False,False,True
15619,1093,21,ABHAIPUR,WARISALIGANJ,16,1276,False,False,False
15620,1093,21,ABHAIPUR,WARISALIGANJ,1,135,False,False,True
15621,1901,25,ANAND VIHAR,SIWAN JN.,17,400,True,False,False
15622,1904,25,ANAND VIHAR,SIWAN JN.,23,1020,False,False,True
15623,2541,46,ARA,SUJANGARH,1,1082,False,False,True
15624,2540,46,ARA,SUJANGARH,14,158,False,False,False
15629,2796,40,ASANSOL MAIN,VISAKHAPATNA,7,225,False,True,False
15630,2797,40,ASANSOL MAIN,VISAKHAPATNA,10,1140,False,True,False
15631,2462,34,AGRA  FORT,TUNDLA JN,13,60,False,False,False
15632,2461,34,AGRA  FORT,TUNDLA JN,18,1360,True,False,False
15635,3219,44,AKBARPUR JN.,VIRAMGAM JN,1,1094,False,False,True
15636,3219,44,AKBARPUR JN.,VIRAMGAM JN,12,418,False,False,False
15639,1512,26,ADRA,SIURI,0,231,False,False,True
15640,1513,26,ADRA,SIURI,16,1117,False,False,False
15643,1534,27,AMBIKA KALNA,SILIGURI JN.,9,638,False,True,False
15644,1548,26,AMBIKA KALNA,SILIGURI JN.,19,782,True,False,False
15645,2598,47,CHHEOKI,THANA BIHPUR,5,775,False,True,False
15646,2597,48,CHHEOKI,THANE,20,1397,True,False,False
15647,2740,54,CHHEOKI,SATNA,5,1220,False,True,False
15648,2739,55,CHHEOKI,THANE,20,1397,True,False,False
15651,2344,43,BAREILLY JN.,YAMUNANAGER,23,326,False,False,True
15652,2348,43,BAREILLY JN.,YAMUNANAGER,11,1107,False,True,False
15653,2431,43,BAREILLY JN.,YAMUNANAGER,23,326,False,False,True
15654,2433,43,BAREILLY JN.,YAMUNANAGER,11,1107,False,True,False
15655,2606,40,BAREILLY JN.,AMBALA CANTT,23,422,False,False,True
15656,2607,40,BAREILLY JN.,AMBALA CANTT,19,1054,True,False,False
15657,977,33,AHMADPUR JN.,SAINTHIA JN.,9,14,False,True,False
15658,977,33,AHMADPUR JN.,SAINTHIA JN.,15,1426,False,False,False
15659,1555,40,AMBASSA,SAINTHIA JN.,19,890,True,False,False
15660,1554,40,AMBASSA,SAINTHIA JN.,6,547,False,True,False
15661,1228,29,ALIPUR DUAR,ANDAL JN.,17,534,True,False,False
15662,1232,29,ALIPUR DUAR,ANDAL JN.,16,845,False,False,False
15665,250,9,CHAPARMUKH J,LUMDING JN.,16,125,False,False,False
15666,249,9,CHAPARMUKH J,LUMDING JN.,1,1287,False,False,True
15667,3142,36,AHMEDABAD,WANKANER,21,1190,False,False,True
15668,3142,36,AHMEDABAD,WANKANER,18,237,True,False,False
15669,250,7,DIMAPUR,LUMDING JN.,5,1325,False,True,False
15670,249,7,DIMAPUR,LUMDING JN.,6,77,False,True,False
15707,1787,51,ALIGARH JN.,AMBALA CANTT,0,390,False,False,True
15708,1790,53,ALIGARH JN.,AMBALA CANTT,17,1107,True,False,False
15711,398,11,AZIMGANJ JN.,SAMSI,2,152,False,False,True
15712,419,11,AZIMGANJ JN.,SAMSI,2,1258,False,False,True
15713,289,19,BARH,THANA BIHPUR,11,1224,False,True,False
15714,289,19,BARH,THANA BIHPUR,15,246,False,False,False
15715,1834,28,AJMER JN.,SHAHJAHANPUR,21,594,False,False,True
15716,1834,28,AJMER JN.,SHAHJAHANPUR,11,922,False,True,False
15717,405,26,BARUA BAMUNG,SARUPATHAR,21,1297,False,False,True
15718,404,26,BARUA BAMUNG,SARUPATHAR,6,126,False,True,False
15719,202,18,ADHIKARI,THAKURGANJ,9,1414,False,True,False
15720,202,18,ADHIKARI,THAKURGANJ,15,27,False,False,False
15721,752,18,AZIMGANJ JN.,ULUBARIA,2,1063,False,False,True
15722,773,18,AZIMGANJ JN.,ULUBARIA,2,332,False,False,True
15723,545,13,ALUABARI ROA,SAMASTIPUR J,23,483,False,False,True
15724,545,13,ALUABARI ROA,SAMASTIPUR J,3,1023,False,False,True
15765,262,19,AGOMONI,TUFANGANJ,11,1407,False,True,False
15766,262,19,AGOMONI,TUFANGANJ,14,31,False,False,False
15767,161,14,ALIPUR DUAR,SILIGURI JN.,21,1155,False,False,True
15768,161,14,ALIPUR DUAR,SILIGURI JN.,6,240,False,True,False
15769,450,27,ALIPUR DUAR,TIHU,4,224,False,True,False
15770,449,26,ALIPUR DUAR,TIHU,0,1208,False,False,True
15771,300,20,ALIPUR DUAR,TIHU,5,301,False,True,False
15772,300,20,ALIPUR DUAR,TIHU,23,1104,False,False,True
15815,182,12,DEKARGAON,UDALGURI,21,1280,False,False,True
15816,182,12,DEKARGAON,UDALGURI,5,126,False,True,False
15903,2636,35,BAREILLY JN.,AMBALA CANTT,5,405,False,True,False
15904,2640,35,BAREILLY JN.,AMBALA CANTT,7,1012,False,True,False
15905,4260,57,ADRA,VIZIANAGARAM,22,545,False,False,True
15906,4256,58,ADRA,VIZIANAGARAM,10,825,False,True,False
15909,3114,89,AMROHA,TOHANA,11,425,False,True,False
15927,595,27,AMGURI,TITABAR,16,1382,False,False,False
15928,595,27,AMGURI,TITABAR,9,56,False,True,False
15929,3353,51,ASANSOL MAIN,VISAKHAPATNA,7,225,False,True,False
15930,3353,51,ASANSOL MAIN,VISAKHAPATNA,10,1140,False,True,False
15933,2870,38,AMRITSAR JN.,AMBALA CANTT,21,1140,False,False,True
15934,2872,38,AMRITSAR JN.,AMBALA CANTT,15,275,False,False,False
15941,1712,32,ALIPUR DUAR,ANDAL JN.,17,534,True,False,False
15942,1712,32,ALIPUR DUAR,ANDAL JN.,22,873,False,False,True
15959,1507,56,AMBIKA KALNA,TIHU,19,1088,True,False,False
15960,1528,56,AMBIKA KALNA,TIHU,3,367,False,False,True
15967,604,31,AMGURI,TITABAR,16,1382,False,False,False
15968,603,31,AMGURI,TITABAR,8,92,False,True,False
16003,1365,26,ARAKKONAM JN,YERRA GUNTLA,10,234,False,True,False
16004,1363,27,ARAKKONAM JN,YERRA GUNTLA,14,1141,False,False,False
16021,498,24,AMBUR,WALAJAH ROAD,0,1369,False,False,True
16022,499,23,AMBUR,WALAJAH ROAD,3,68,False,False,True
16023,143,10,BIDADI,YESVANTPUR J,10,85,False,True,False
16024,143,10,BIDADI,YESVANTPUR J,14,1390,False,False,False
16031,2859,81,AGRA CANTT,WARORA,18,322,True,False,False
16032,2857,82,AGRA CANTT,WARORA,18,1111,True,False,False
16053,148,8,ARAKKONAM JN,TIRUTTANI,15,13,False,False,False
16054,146,9,ARAKKONAM JN,TIRUTTANI,12,1403,False,False,False
16057,148,8,ARAKKONAM JN,TIRUTTANI,7,16,False,True,False
16058,146,9,ARAKKONAM JN,TIRUTTANI,20,1408,True,False,False
16085,144,15,AMBUR,WALAJAH ROAD,20,1344,True,False,False
16086,144,14,AMBUR,WALAJAH ROAD,7,80,False,True,False
16089,212,16,AMBUR,WALAJAH ROAD,21,1354,False,False,True
16090,213,16,AMBUR,WALAJAH ROAD,5,78,False,True,False
16093,2086,47,AMLA JN.,ERRUPALEM,5,622,False,True,False
16094,2083,46,AMLA JN.,ERRUPALEM,7,809,False,True,False
16101,664,24,CHIDAMBARAM,VILLUPURAM J,23,1350,False,False,True
16102,664,25,CHIDAMBARAM,VILLUPURAM J,1,105,False,False,True
16105,775,29,ARUMUGANERI,VIRUDUNAGAR,7,1166,False,True,False
16106,774,29,ARUMUGANERI,VIRUDUNAGAR,19,183,True,False,False
16115,196,10,CHINNNABABU,VILLUPURAM J,21,1418,False,False,True
16116,196,10,CHINNNABABU,VILLUPURAM J,5,34,False,True,False
16127,1095,48,ARALVAYMOLI,VRIDHA CHALA,20,885,True,False,False
16128,1096,48,ARALVAYMOLI,VRIDHA CHALA,6,593,False,True,False
16129,31,4,VANCHI MANIY,TUTICORIN,19,60,True,False,False
16130,31,3,VANCHI MANIY,TUTICORIN,8,1400,False,True,False
16175,360,16,CHIDAMBARAM,VILLUPURAM J,2,1315,False,False,True
16176,360,16,CHIDAMBARAM,VILLUPURAM J,0,114,False,False,True
16179,394,13,CHIDAMBARAM,VILLUPURAM J,1,1345,False,False,True
16180,394,13,CHIDAMBARAM,VILLUPURAM J,0,110,False,False,True
16181,682,26,ARUPPUKKOTTA,VRIDHA CHALA,5,1074,False,True,False
16182,682,27,ARUPPUKKOTTA,VRIDHA CHALA,18,406,True,False,False
16183,351,18,ADUTHURAI,VILLUPURAM J,4,1243,False,True,False
16184,350,18,ADUTHURAI,VILLUPURAM J,22,182,False,False,True
16185,10,2,NAGAPPATTINA,VELANKANNI,5,35,False,True,False
16186,10,2,NAGAPPATTINA,VELANKANNI,21,1415,False,False,True
16187,591,29,ANGAMALI (FO,WADAKANCHERI,5,1370,False,True,False
16188,592,27,ANGAMALI (FO,WADAKANCHERI,23,89,False,False,True
16203,148,10,ARAKKONAM JN,TIRUTTANI,17,13,True,False,False
16204,146,11,ARAKKONAM JN,TIRUTTANI,8,1418,False,True,False
16205,372,13,ANANTAPURAM,TALGUPPA,15,1395,False,False,False
16206,372,13,ANANTAPURAM,TALGUPPA,12,90,False,False,False
16209,2278,45,ABU ROAD,YESVANTPUR J,10,967,False,True,False
16210,2279,44,ABU ROAD,YESVANTPUR J,11,608,False,True,False
16215,138,10,BIDADI,KRANTIVIRA S,8,50,False,True,False
16216,138,10,BIDADI,KRANTIVIRA S,18,1405,True,False,False
16217,1304,24,AHMADNAGAR,YELAHANKA JN,8,6,False,True,False
16218,1304,24,AHMADNAGAR,YELAHANKA JN,2,1,False,False,True
16227,508,35,ANANTAPURAM,YESVANTPUR J,6,1043,False,True,False
16228,508,31,ANANTAPURAM,YESVANTPUR J,21,378,False,False,True
16229,2698,35,CHHEOKI,YESVANTPUR J,8,138,False,True,False
16231,676,24,ADUTHURAI,TIRUVERUMBUR,18,93,True,False,False
16232,676,25,ADUTHURAI,TIRUVERUMBUR,5,1343,False,True,False
16233,120,7,ADUTHURAI,TIRUCHIRAPPA,8,139,False,True,False
16234,120,7,ADUTHURAI,TIRUCHIRAPPA,14,1348,False,False,False
16235,775,35,BIDADI,VIRUDUNAGAR,7,661,False,True,False
16301,327,30,ANGAMALI (FO,WADAKANCHERI,15,1371,False,False,False
16302,327,30,ANGAMALI (FO,WADAKANCHERI,11,73,False,True,False
16303,220,19,CHANGANACHER,VARKALA,6,135,False,True,False
16304,219,19,CHANGANACHER,VARKALA,20,1310,True,False,False
16305,282,16,ANGAMALI (FO,THALASSERY,7,263,False,True,False
16306,282,17,ANGAMALI (FO,THALASSERY,19,1166,True,False,False
16307,338,27,ANGAMALI (FO,WADAKANCHERI,17,68,True,False,False
16308,339,28,ANGAMALI (FO,WADAKANCHERI,10,1358,False,True,False
16311,2701,44,ABU ROAD,VAPI,7,633,False,True,False
16312,2704,44,ABU ROAD,VAPI,11,785,False,True,False
16313,338,27,ANGAMALI (FO,WADAKANCHERI,17,68,True,False,False
16314,339,26,ANGAMALI (FO,WADAKANCHERI,10,1358,False,True,False
16315,829,22,ALLEPPEY,WHITE FIELD,5,711,False,True,False
16316,830,22,ALLEPPEY,WHITE FIELD,19,706,True,False,False
16317,3769,71,AGRA CANTT,WARANGAL,17,130,True,False,False
16318,3765,75,AGRA CANTT,WARANGAL,18,1276,True,False,False
16331,1953,43,ADONI,YADGIR,2,1293,False,False,True
16332,1954,42,ADONI,YADGIR,5,133,False,True,False
16333,2407,59,AHMEDABAD,WANKANER,13,1212,False,False,False
16334,2411,59,AHMEDABAD,WANKANER,7,192,False,True,False
16335,2348,56,AHMEDABAD,VIRAMGAM JN,13,1333,False,False,False
16336,2352,56,AHMEDABAD,VIRAMGAM JN,7,66,False,True,False
16337,2253,50,AHMEDABAD,VIRAMGAM JN,13,1353,False,False,False
16338,2258,51,AHMEDABAD,VIRAMGAM JN,7,66,False,True,False
16339,1874,40,ADONI,YADGIR,2,1293,False,False,True
16340,1875,39,ADONI,YADGIR,5,133,False,True,False
16341,302,23,ANGAMALI (FO,VARKALA,4,262,False,True,False
16342,302,22,ANGAMALI (FO,VARKALA,22,1185,False,False,True
16343,609,22,ALWAYE,VARKALA,3,1174,False,False,True
16344,610,22,ALWAYE,VARKALA,1,255,False,False,True
16345,1510,46,ALLEPPEY,VARKALA,14,123,False,False,False
16346,1514,46,ALLEPPEY,VARKALA,13,1279,False,False,False
16347,630,50,ANGAMALI (FO,WADAKANCHERI,2,62,False,False,True
16348,632,49,ANGAMALI (FO,WADAKANCHERI,22,1364,False,False,True
16349,67,9,ANGADIPURAM,VALAPUZHA HA,6,1422,False,True,False
16350,66,9,ANGADIPURAM,VALAPUZHA HA,21,17,False,False,True
16351,1942,47,ADONI,YADGIR,2,1293,False,False,True
16352,1945,46,ADONI,YADGIR,3,143,False,False,True
16353,1490,31,CHITTOOR,YERRA GUNTLA,4,1138,False,True,False
16354,1492,31,CHITTOOR,YERRA GUNTLA,23,301,False,False,True
16359,2987,44,ALLAHABAD JN,WARANGAL,1,1335,False,False,True
16360,2980,44,ALLAHABAD JN,WARANGAL,1,1328,False,False,True
16381,2130,63,ADONI,YADGIR,7,1314,False,True,False
16382,2132,62,ADONI,YADGIR,10,163,False,True,False
16501,1797,25,ADONI,YESVANTPUR J,20,460,True,False,False
16502,1785,27,ADONI,YESVANTPUR J,20,1035,True,False,False
16505,1949,34,AHMEDABAD,YESVANTPUR J,14,710,False,False,False
16506,1952,33,AHMEDABAD,YESVANTPUR J,7,898,False,True,False
16507,2103,46,ABU ROAD,YESVANTPUR J,10,967,False,True,False
16508,2104,45,ABU ROAD,YESVANTPUR J,11,608,False,True,False
16515,667,22,CHIKBANAVAR,YEDIYYURU,7,77,False,True,False
16516,649,22,CHIKBANAVAR,YEDIYYURU,20,1349,True,False,False
16517,579,20,BANTAWALA,YEDAMANGALA,7,1381,False,True,False
16518,578,20,BANTAWALA,YEDAMANGALA,21,54,False,False,True
16519,148,16,BANGALORE CA,WHITE FIELD,7,1400,False,True,False
16520,148,15,BANGALORE CA,WHITE FIELD,17,24,True,False,False
16521,70,8,BANGALORE CA,WHITE FIELD,22,1409,False,False,True
16522,70,8,BANGALORE CA,WHITE FIELD,19,24,True,False,False
16523,262,14,ANKOLA,UDUPI,13,1265,False,False,False
16524,260,14,ANKOLA,UDUPI,15,194,False,False,False
16525,934,46,ANGAMALI (FO,WADAKANCHERI,18,96,True,False,False
16526,934,49,ANGAMALI (FO,WADAKANCHERI,6,1359,False,True,False
16527,655,18,BANASWADI,YESVANTPUR J,20,1415,True,False,False
16528,654,18,BANASWADI,YESVANTPUR J,6,70,False,True,False
16531,2213,38,ABU ROAD,YESVANTPUR J,10,1077,False,True,False
16532,2201,38,ABU ROAD,YESVANTPUR J,11,320,False,True,False
16533,2173,30,ABU ROAD,YESVANTPUR J,10,1077,False,True,False
16534,2161,30,ABU ROAD,YESVANTPUR J,11,320,False,True,False
16535,966,32,ARSIKERE JN.,YESVANTPUR J,22,1267,False,False,True
16536,964,32,ARSIKERE JN.,YESVANTPUR J,4,195,False,True,False
16557,138,9,BIDADI,KRANTIVIRA S,16,60,False,False,False
16558,138,9,BIDADI,KRANTIVIRA S,11,1405,False,True,False
16565,833,20,BANASWADI,YESVANTPUR J,0,1415,False,False,True
16566,833,20,BANASWADI,YESVANTPUR J,12,80,False,False,False
16569,611,15,ANANTAPUR,YESVANTPUR J,19,295,True,False,False
16570,599,15,ANANTAPUR,YESVANTPUR J,21,360,False,False,True
16571,687,18,BIDAR,ZAHIRABAD,0,514,False,False,True
16572,687,18,BIDAR,ZAHIRABAD,18,24,True,False,False
16573,453,10,ATTUR,YESVANTPUR J,2,1120,False,False,True
16574,452,10,ATTUR,YESVANTPUR J,0,475,False,False,True
16575,409,14,CHIKBANAVAR,YEDIYYURU,7,77,False,True,False
16576,394,14,CHIKBANAVAR,YEDIYYURU,20,1349,True,False,False
16577,333,12,AJAMPUR,YESVANTPUR J,20,1170,True,False,False
16578,332,12,AJAMPUR,YESVANTPUR J,7,275,False,True,False
16579,268,9,ARSIKERE JN.,YESVANTPUR J,12,1250,False,False,False
16580,267,9,ARSIKERE JN.,YESVANTPUR J,17,205,True,False,False
16581,268,10,ARSIKERE JN.,YESVANTPUR J,3,1250,False,False,True
16582,267,10,ARSIKERE JN.,YESVANTPUR J,2,220,False,False,True
16587,2440,35,ABU ROAD,YESVANTPUR J,20,525,True,False,False
16588,2440,34,ABU ROAD,YESVANTPUR J,8,1123,False,True,False
16589,797,30,AMMASANDRA,YESVANTPUR J,23,1340,False,False,True
16590,794,30,AMMASANDRA,YESVANTPUR J,4,121,False,True,False
16591,668,30,ANANTAPUR,YESVANTPUR J,1,280,False,False,True
16592,668,30,ANANTAPUR,YESVANTPUR J,2,1180,False,False,True
16593,1021,43,ADONI,ZAHIRABAD,20,987,True,False,False
16594,1021,43,ADONI,ZAHIRABAD,7,429,False,True,False
16603,620,32,ALLEPPEY,VARKALA,3,180,False,False,True
16604,619,31,ALLEPPEY,VARKALA,22,1301,False,False,True
16605,691,41,ALLEPPEY,VALLIUKUNNU,17,1074,True,False,False
16606,689,41,ALLEPPEY,VALLIUKUNNU,6,306,False,True,False
16613,2220,35,ADONI,WADI JN.,8,1275,False,True,False
16614,2222,36,ADONI,WADI JN.,15,220,False,False,False
16615,334,10,BUDALUR,TIRUPPUR,21,343,False,False,True
16616,334,9,BUDALUR,TIRUPPUR,5,1183,False,True,False
16617,498,17,COIMBATORE,TIRUPPUR,6,1338,False,True,False
16618,498,15,COIMBATORE,TIRUPPUR,19,43,True,False,False
16629,631,54,ANGAMALI (FO,VALAPATTANAM,0,365,False,False,True
16630,632,54,ANGAMALI (FO,VALAPATTANAM,2,1072,False,False,True
16649,703,52,ANGAMALI (FO,WADAKANCHERI,13,1362,False,False,False
16650,702,50,ANGAMALI (FO,WADAKANCHERI,11,79,False,True,False
16687,3663,63,AGRA CANTT,WARANGAL,17,130,True,False,False
16688,3661,67,AGRA CANTT,WARANGAL,18,1433,True,False,False
16723,858,31,ARALVAYMOLI,VRIDHA CHALA,8,852,False,True,False
16724,858,32,ARALVAYMOLI,VRIDHA CHALA,18,554,True,False,False
16733,3177,42,AHMEDABAD,YERRA GUNTLA,2,710,False,False,True
16734,3175,42,AHMEDABAD,YERRA GUNTLA,17,539,True,False,False
16779,816,23,CHIDAMBARAM,VILLUPURAM J,21,1345,False,False,True
16780,817,23,CHIDAMBARAM,VILLUPURAM J,0,167,False,False,True
16787,454,11,KOVILPATTI,VIRUDUNAGAR,17,44,True,False,False
16788,454,11,KOVILPATTI,VIRUDUNAGAR,16,1398,False,False,False
16790,454,11,KOVILPATTI,VIRUDUNAGAR,20,1395,True,False,False
16791,347,29,AUVANEESWARA,VAIKAM ROAD,3,278,False,False,True
16792,348,29,AUVANEESWARA,VAIKAM ROAD,0,1154,False,False,True
16793,2916,20,ALLAHABAD JN,WARANGAL,1,1335,False,False,True
16794,2912,20,ALLAHABAD JN,WARANGAL,7,1407,False,True,False
16853,400,19,ADUTHURAI,VILLUPURAM J,13,1300,False,False,False
16854,400,19,ADUTHURAI,VILLUPURAM J,11,200,False,True,False
16855,796,23,ATTUR,VRIDHA CHALA,20,1350,True,False,False
16856,795,23,ATTUR,VRIDHA CHALA,5,150,False,True,False
16857,861,19,ARIYALUR,VRIDHA CHALA,18,1410,True,False,False
16858,861,19,ARIYALUR,VRIDHA CHALA,6,58,False,True,False
16859,983,52,ARIYALUR,VRIDHA CHALA,3,1410,False,False,True
16860,982,53,ARIYALUR,VRIDHA CHALA,23,63,False,False,True
16861,699,23,ARUPPUKKOTTA,VIRUDUNAGAR,21,38,False,False,True
16862,698,23,ARUPPUKKOTTA,VIRUDUNAGAR,17,1418,True,False,False
16863,2853,43,BHAGAT-KI-KO,WARANGAL,15,468,False,False,False
16864,2855,42,BHAGAT-KI-KO,WARANGAL,0,373,False,False,True
17001,771,25,AURANGABAD,ZAHIRABAD,20,529,True,False,False
17002,771,25,AURANGABAD,ZAHIRABAD,5,854,False,True,False
17009,163,9,BIDAR,ZAHIRABAD,6,24,False,True,False
17010,162,9,BIDAR,ZAHIRABAD,22,1399,False,False,True
17011,316,21,ALER,JANGAON,6,14,False,True,False
17012,305,20,ALER,JANGAON,16,1421,False,False,False
17013,639,15,BHALKI,ZAHIRABAD,23,99,False,False,True
17014,640,15,BHALKI,ZAHIRABAD,2,1341,False,False,True
17015,1135,41,ANAKAPALLE,ELAMANCHILI,17,19,True,False,False
17016,1135,41,ANAKAPALLE,ELAMANCHILI,5,1407,False,True,False
17017,1467,27,AHMEDABAD,WANKANER,10,1211,False,True,False
17018,1468,28,AHMEDABAD,WANKANER,14,226,False,False,False
17019,2002,34,AJMER JN.,UJJAIN JN,17,530,True,False,False
17020,2004,34,AJMER JN.,UJJAIN JN,3,835,False,False,True
17021,376,9,DHONE JN,SHADNAGAR,15,1165,False,False,False
17022,373,9,DHONE JN,SHADNAGAR,23,310,False,False,True
17023,243,16,BUDVEL,WANPARTI ROA,8,150,False,True,False
17024,243,14,FALAKNUMA,WANPARTI ROA,19,1289,True,False,False
17025,341,15,BHADRACHALAM,JANGAON,22,229,False,False,True
17026,341,15,BHADRACHALAM,JANGAON,5,1169,False,True,False
17027,243,13,FALAKNUMA,WANPARTI ROA,17,127,True,False,False
17028,243,13,FALAKNUMA,WANPARTI ROA,9,1274,False,True,False
17031,791,26,BHIGVAN,WADI JN.,18,410,True,False,False
17032,793,26,BHIGVAN,WADI JN.,6,1075,False,True,False
17037,2120,28,ABU ROAD,WARDHA JN.,6,115,False,True,False
17038,2121,28,ABU ROAD,WARDHA JN.,2,1262,False,False,True
17057,875,30,AKANAPET,UMRI,12,1283,False,False,False
17058,875,29,AKANAPET,UMRI,13,175,False,False,False
17063,615,23,AURANGABAD,WADIARAM,22,497,False,False,True
17064,615,23,AURANGABAD,WADIARAM,3,926,False,False,True
17201,391,24,ALER,JANGAON,11,1424,False,True,False
17202,390,25,ALER,JANGAON,14,12,False,False,False
17203,2051,31,AHMEDABAD,WADI JN.,10,1195,False,True,False
17204,2053,32,AHMEDABAD,WADI JN.,14,270,False,False,False
17205,1346,39,AURANGABAD,ZAHIRABAD,20,529,True,False,False
17206,1347,39,AURANGABAD,ZAHIRABAD,5,854,False,True,False
17207,1129,32,AURANGABAD,ZAHIRABAD,20,529,True,False,False
17208,1130,32,AURANGABAD,ZAHIRABAD,5,854,False,True,False
17209,962,35,AKIVIDU,WHITE FIELD,2,521,False,False,True
17210,962,36,AKIVIDU,WHITE FIELD,20,874,True,False,False
17211,768,21,ANANTAPUR,YESVANTPUR J,4,320,False,True,False
17212,768,21,ANANTAPUR,YESVANTPUR J,19,295,True,False,False
17213,1092,23,AKIVIDU,WARANGAL,11,315,False,True,False
17214,1092,23,AKIVIDU,WARANGAL,8,1009,False,True,False
17215,619,16,ANANTAPUR,YERRA GUNTLA,11,1215,False,True,False
17216,619,16,ANANTAPUR,YERRA GUNTLA,16,208,False,False,False
17221,1306,23,VIJAYWADA JN,WADI JN.,13,690,False,False,False
17222,1306,23,VIJAYWADA JN,WADI JN.,9,810,False,True,False
17225,693,26,BELLARY JN.,VINUKONDA,6,922,False,True,False
17226,691,26,BELLARY JN.,VINUKONDA,17,479,True,False,False
17229,1562,43,ALWAYE,VARKALA,12,1156,False,False,False
17230,1563,43,ALWAYE,VARKALA,12,271,False,False,False
17231,1048,27,AKIVIDU,VISHNUPURAM,11,323,False,True,False
17232,1048,28,AKIVIDU,VISHNUPURAM,8,1029,False,True,False
17233,375,34,ALER,JANGAON,16,9,False,False,False
17234,374,34,ALER,JANGAON,8,1423,False,True,False
17235,669,16,BANGALORE CA,VIRUDUNAGAR,17,601,True,False,False
17236,668,16,BANGALORE CA,VIRUDUNAGAR,8,851,False,True,False
17239,382,27,ANAKAPALLE,ELAMANCHILI,16,1405,False,False,False
17240,383,26,ANAKAPALLE,ELAMANCHILI,7,19,False,True,False
17241,76,8,ATTILI,VIRAVASARAM,11,1383,False,True,False
17242,77,8,ATTILI,VIRAVASARAM,13,51,False,False,False
17255,462,21,AKIVIDU,VIRAVASARAM,20,1385,True,False,False
17256,464,21,AKIVIDU,VIRAVASARAM,6,54,False,True,False
17301,493,18,ARSIKERE JN.,YALVIGI,1,244,False,False,True
17302,490,17,ARSIKERE JN.,YALVIGI,3,1134,False,False,True
17305,90,4,DHARWAD,HUBLI JN.,16,1418,False,False,False
17307,993,34,ADONI,YESVANTPUR J,0,1031,False,False,True
17308,994,32,ADONI,YESVANTPUR J,1,510,False,False,True
17309,665,18,ARSIKERE JN.,YESVANTPUR J,17,1290,True,False,False
17310,662,18,ARSIKERE JN.,YESVANTPUR J,7,250,False,True,False
17311,1029,24,ARAKKONAM JN,YESVANTPUR J,15,340,False,False,False
17312,1027,25,ARAKKONAM JN,YESVANTPUR J,10,1120,False,True,False
17315,1269,24,ARSIKERE JN.,YESVANTPUR J,19,195,True,False,False
17316,1273,27,ARSIKERE JN.,YESVANTPUR J,17,1230,True,False,False
17317,732,16,BELGAUM,HUBLI JN.,18,1270,True,False,False
17318,731,16,BELGAUM,HUBLI JN.,7,205,False,True,False
17319,660,22,BADAMI,WADI JN.,23,510,False,False,True
17320,661,22,BADAMI,WADI JN.,3,940,False,False,True
17321,796,12,BADAMI,HUBLI JN.,1,1380,False,False,True
17322,797,13,BADAMI,HUBLI JN.,13,225,False,False,False
17323,2037,24,CHHEOKI,HUBLI JN.,8,958,False,True,False
17324,2037,24,CHHEOKI,HUBLI JN.,0,748,False,False,True
17325,607,25,AJAMPUR,YESVANTPUR J,12,289,False,False,False
17326,609,25,AJAMPUR,YESVANTPUR J,13,1180,False,False,False
17401,466,21,BAPATIA,VADLAMANNADU,0,253,False,False,True
17402,466,21,BAPATIA,VADLAMANNADU,22,1240,False,False,True
17403,94,8,AKIVIDU,VIRAVASARAM,4,49,False,True,False
17404,94,9,AKIVIDU,VIRAVASARAM,18,1378,True,False,False
17405,1154,61,ADILABAD,JANGAON,6,711,False,True,False
17406,1153,62,ADILABAD,JANGAON,20,641,True,False,False
17407,462,19,ARNI ROAD,VILLUPURAM J,14,134,False,False,False
17408,463,19,ARNI ROAD,VILLUPURAM J,12,1295,False,False,False
17409,184,9,ADILABAD,SAHASRAKUND,8,79,False,True,False
17410,184,9,ADILABAD,SAHASRAKUND,19,1309,True,False,False
17411,517,18,CST-MUMBAI,VALIVADE,20,624,True,False,False
17412,517,19,CST-MUMBAI,VALIVADE,7,793,False,True,False
17413,302,11,ARNI ROAD,VILLUPURAM J,0,126,False,False,True
17414,302,11,ARNI ROAD,VILLUPURAM J,11,1310,False,True,False
17415,904,31,BELLARY JN.,YERRA GUNTLA,4,1178,False,True,False
17416,903,32,BELLARY JN.,YERRA GUNTLA,0,200,False,False,True
17417,1419,37,ADONI,YADGIR,13,124,False,False,False
17418,1419,38,ADONI,YADGIR,15,1308,False,False,False
17419,778,31,BELLARY JN.,YERRA GUNTLA,19,1139,True,False,False
17420,777,26,AMARGOL,YERRA GUNTLA,13,601,False,False,False
17479,1231,72,ANAKAPALLE,ELAMANCHILI,0,24,False,False,True
17480,1231,73,ANAKAPALLE,ELAMANCHILI,3,1389,False,False,True
17481,1402,65,ANAKAPALLE,ELAMANCHILI,0,24,False,False,True
17482,1400,66,ANAKAPALLE,ELAMANCHILI,3,1389,False,False,True
17487,735,36,ANAKAPALLE,ELAMANCHILI,9,1351,False,True,False
17488,736,33,ANAKAPALLE,ELAMANCHILI,14,19,False,False,False
17603,653,18,ANANTAPUR,YESVANTPUR J,5,320,False,True,False
17604,652,18,ANANTAPUR,YESVANTPUR J,20,230,True,False,False
17605,1522,28,VADAKARA,YERRA GUNTLA,23,934,False,False,True
17606,1518,28,VADAKARA,YERRA GUNTLA,7,403,False,True,False
17609,1736,17,ADILABAD,WANI,2,1258,False,False,True
17610,1738,17,ADILABAD,WANI,22,148,False,False,True
17613,667,13,CHINCHVAD,USMANABAD,18,362,True,False,False
17614,667,14,CHINCHVAD,USMANABAD,6,1058,False,True,False
17615,1283,23,AMBUR,VANIYAMBADI,20,13,True,False,False
17616,1286,23,AMBUR,VANIYAMBADI,22,1424,False,False,True
17617,604,20,AURANGABAD,THANE,13,1048,False,False,False
17618,604,20,AURANGABAD,THANE,14,388,False,False,False
17619,236,8,AURANGABAD,SELU,0,105,False,False,True
17620,236,8,AURANGABAD,SELU,17,1228,True,False,False
17621,1148,28,ADONI,ZAHIRABAD,13,999,False,False,False
17622,1148,28,ADONI,ZAHIRABAD,3,424,False,False,True
17623,1675,29,ABU ROAD,WASHIM,9,159,False,True,False
17624,1677,29,ABU ROAD,WASHIM,2,1216,False,False,True
17625,347,21,BIBINAGAR,VEMURU HALT,23,379,False,False,True
17626,341,19,BHATTIPROLU,VEMURU HALT,22,14,False,False,True
17639,513,21,AKOLA JN.,WASHIM,18,1319,True,False,False
17640,513,21,AKOLA JN.,WASHIM,9,64,False,True,False
17641,730,32,AKOLA JN.,WARUD ORANGE,18,219,True,False,False
17642,730,32,AKOLA JN.,WARUD ORANGE,9,1171,False,True,False
17643,759,36,AKIVIDU,VETAPALEM,4,1111,False,True,False
17644,760,36,AKIVIDU,VETAPALEM,18,332,True,False,False
17651,825,21,ARAKKONAM JN,YERRA GUNTLA,18,268,True,False,False
17652,824,23,ARAKKONAM JN,YERRA GUNTLA,5,1144,False,True,False
17687,416,24,ANKAI,UMRI,15,466,False,False,False
17688,419,24,ANKAI,UMRI,12,937,False,False,False
18005,1163,48,AMBODALA,ULUBARIA,13,513,False,False,False
18006,1164,46,AMBODALA,ULUBARIA,12,989,False,False,False
18007,260,13,BELDA,BHANJPUR,20,173,True,False,False
18008,259,13,BELDA,BHANJPUR,9,1262,False,True,False
18009,2000,24,AJMER JN.,TORI,5,963,False,True,False
18010,2002,24,AJMER JN.,TORI,19,538,True,False,False
18029,1957,83,AMGAON,WARDHA JN.,16,1145,False,False,False
18030,1955,82,AMGAON,WARDHA JN.,9,327,False,True,False
18047,2128,44,BERHAMPUR,VIZIANAGARAM,8,183,False,True,False
18048,2125,45,BERHAMPUR,VIZIANAGARAM,12,1258,False,False,False
18101,2017,71,ALLAHABAD JN,WYNDHAMGANJ,9,887,False,True,False
18102,2017,72,ALLAHABAD JN,WYNDHAMGANJ,15,490,False,False,False
18103,1746,25,AMRITSAR JN.,YAMUNANAGER,6,1111,False,True,False
18104,1747,25,AMRITSAR JN.,YAMUNANAGER,12,304,False,False,False
18107,644,13,BALANGIR,TIKIRI,22,413,False,False,True
18108,644,13,BALANGIR,TIKIRI,1,1036,False,False,True
18111,2434,42,ADONI,YESVANTPUR J,6,690,False,True,False
18112,2421,42,ADONI,YESVANTPUR J,20,815,True,False,False
18117,796,26,ANGUL,TALCHER ROAD,3,13,False,False,True
18118,796,26,ANGUL,TALCHER ROAD,2,1412,False,False,True
18181,629,37,ADITYAPUR,UJIARPUR,21,786,False,False,True
18182,629,37,ADITYAPUR,UJIARPUR,6,685,False,True,False
18183,507,36,ASANSOL MAIN,VIDYASAGAR,12,58,False,False,False
18184,507,35,ASANSOL MAIN,VIDYASAGAR,13,1326,False,False,False
18189,159,9,BONDAMUNDA J,TATANAGAR JN,18,1289,True,False,False
18190,159,10,ADITYAPUR,TATANAGAR JN,8,24,False,True,False
18191,685,33,AKBARPUR JN.,SAHATWAR,1,1052,False,False,True
18192,687,31,AKBARPUR JN.,SAHATWAR,23,422,False,False,True
18201,1207,25,CHHEOKI,UMARIA,10,1010,False,True,False
18202,1212,25,CHHEOKI,UMARIA,22,471,False,False,True
18203,879,20,ANUPPUR JN.,UMARIA,1,110,False,False,True
18204,883,21,ANUPPUR JN.,UMARIA,6,1313,False,True,False
18205,1153,24,ALLAHABAD JN,UMARIA,10,970,False,True,False
18206,1161,24,ALLAHABAD JN,UMARIA,20,446,True,False,False
18207,1396,22,AJMER JN.,UMARIA,17,334,True,False,False
18208,1404,22,AJMER JN.,UMARIA,19,1113,True,False,False
18211,660,15,AMBODALA,TITLA GARH J,18,1370,True,False,False
18212,665,15,AMBODALA,TITLA GARH J,21,68,False,False,True
18213,1250,20,ANUPPUR JN.,USALAPUR,21,1285,False,False,True
18214,1258,20,ANUPPUR JN.,USALAPUR,16,180,False,False,False
18215,1906,26,AGRA CANTT,USALAPUR,4,460,False,True,False
18216,1916,26,AGRA CANTT,USALAPUR,22,1045,False,False,True
18233,1008,72,AMLAI,VIKRAM NAGAR,12,378,False,False,False
18234,1009,74,AMLAI,VIKRAM NAGAR,14,1090,False,False,False
18235,720,67,AMLAI,VILAYAT KALA,22,1270,False,False,True
18236,721,67,AMLAI,VILAYAT KALA,0,211,False,False,True
18237,1998,85,AGRA CANTT,YAMUNANAGER,16,522,False,False,False
18238,1990,89,AGRA CANTT,YAMUNANAGER,8,893,False,True,False
18239,520,31,AMGAON,URGA,1,1024,False,False,True
18240,406,18,AMGAON,TIRORA,2,1388,False,False,True
18241,463,32,AMBIKAPUR,USALAPUR,8,950,False,True,False
18242,471,32,AMBIKAPUR,USALAPUR,21,500,False,False,True
18243,1818,33,BERCHHA,UJJAIN JN,11,47,False,True,False
18244,1808,33,BERCHHA,UJJAIN JN,18,1372,True,False,False
18245,1884,33,BERCHHA,UJJAIN JN,11,47,False,True,False
18246,1874,33,BERCHHA,UJJAIN JN,18,1372,True,False,False
18247,468,39,AMLAI,VENKATNAGAR,22,1374,False,False,True
18248,465,39,AMLAI,VENKATNAGAR,5,60,False,True,False
18301,321,20,AMBODALA,TITLA GARH J,10,1355,False,True,False
18302,321,20,AMBODALA,TITLA GARH J,15,75,False,False,False
18303,340,16,ANGUL,TALCHER ROAD,8,13,False,True,False
18304,340,16,ANGUL,TALCHER ROAD,19,1428,True,False,False
18309,378,14,BANO,TATISILWAI,13,172,False,False,False
18310,381,14,BANO,TATISILWAI,11,1289,False,True,False
18311,890,37,ANKORAH (AKO,UNTARI ROAD,5,1356,False,True,False
18312,893,37,ANKORAH (AKO,UNTARI ROAD,18,85,True,False,False
18401,2779,41,AHMEDABAD,WARDHA JN.,3,447,False,False,True
18402,2775,41,AHMEDABAD,WARDHA JN.,18,872,True,False,False
18403,126,6,BARBIL,KENDPOSI,8,1359,False,True,False
18404,126,6,BARBIL,KENDPOSI,17,81,True,False,False
18405,2013,40,AHMEDABAD,WARDHA JN.,7,506,False,True,False
18406,2005,40,AHMEDABAD,WARDHA JN.,18,895,True,False,False
18407,1697,26,AKOLA JN.,WARDHA JN.,23,1265,False,False,True
18408,1691,26,AKOLA JN.,WARDHA JN.,20,212,True,False,False
18409,504,20,AMARDA ROAD,SORO,22,74,False,False,True
18410,503,21,AMARDA ROAD,SANTRAGACHI,4,204,False,True,False
18413,172,12,BHUBANESWAR,SAKHIGOPAL,20,81,True,False,False
18414,172,12,BHUBANESWAR,SAKHIGOPAL,7,1363,False,True,False
18415,396,30,BARBIL,TOMKA,9,399,False,True,False
18416,396,30,BARBIL,TOMKA,16,1041,False,False,False
18419,998,24,ADRA,BISHNUPUR,0,1320,False,False,True
18420,998,24,ADRA,BISHNUPUR,16,58,False,False,False
18421,2483,41,ABU ROAD,WARDHA JN.,15,195,False,False,False
18422,2479,41,ABU ROAD,WARDHA JN.,22,1314,False,False,True
18425,810,28,ANGUL,TALCHER,23,1360,False,False,True
18426,803,28,ANGUL,TALCHER,3,28,False,False,True
18437,146,11,AMBODALA,THERUBALI,6,1380,False,True,False
18438,146,11,AMBODALA,THERUBALI,20,58,True,False,False
18447,784,41,BALUGAN,VIZIANAGARAM,21,298,False,False,True
18448,784,41,BALUGAN,VIZIANAGARAM,6,1106,False,True,False
18449,926,27,ADRA,BISHNUPUR,0,1320,False,False,True
18450,926,27,ADRA,BISHNUPUR,16,58,False,False,False
18451,686,24,ANGUL,TALCHER,1,25,False,False,True
18452,686,25,ANGUL,TALCHER,0,1365,False,False,True
18463,1546,47,ANAKAPALLE,YELAHANKA JN,13,1251,False,False,False
18464,1545,46,ANAKAPALLE,YELAHANKA JN,11,178,False,True,False
18477,2347,76,AMLAI,UMARIA,18,122,True,False,False
18478,2354,75,AMLAI,UMARIA,7,1325,False,True,False
18495,1884,25,BERHAMPUR,VIZIANAGARAM,15,1262,False,False,False
18496,1884,25,BERHAMPUR,VIZIANAGARAM,14,200,False,False,False
18501,2116,29,AHMEDABAD,WARDHA JN.,3,447,False,False,True
18502,2113,29,AHMEDABAD,WARDHA JN.,4,967,False,True,False
18503,1406,25,ANAKAPALLE,ELAMANCHILI,9,17,False,True,False
18504,1405,25,ANAKAPALLE,ELAMANCHILI,20,1419,True,False,False
18507,2552,48,AGRA CANTT,VIZIANAGARAM,11,796,False,True,False
18508,2556,48,AGRA CANTT,VIZIANAGARAM,11,660,False,True,False
18511,357,12,DAMAN JODI,VIZIANAGARAM,5,320,False,True,False
18512,357,11,DAMAN JODI,VIZIANAGARAM,20,1130,True,False,False
18517,726,31,AKALTARA,VIZIANAGARAM,17,755,True,False,False
18518,727,31,AKALTARA,VIZIANAGARAM,9,687,False,True,False
18519,1512,20,AKIVIDU,WADI JN.,4,760,False,True,False
18520,1497,20,AKIVIDU,WADI JN.,5,707,False,True,False
18567,1572,33,ALWAYE,ELAMANCHILI,10,1395,False,True,False
18568,1576,33,ALWAYE,ELAMANCHILI,0,1343,False,False,True
18573,2056,35,ANUPPUR JN.,VIZIANAGARAM,21,508,False,False,True
18574,2060,35,ANUPPUR JN.,VIZIANAGARAM,16,875,False,False,False
18605,637,17,ASANSOL MAIN,SAMASTIPUR J,21,405,False,False,True
18606,640,17,ASANSOL MAIN,SAMASTIPUR J,22,935,False,False,True
18609,2014,29,ALLAHABAD JN,SATNA,12,165,False,False,False
18610,2018,29,ALLAHABAD JN,SATNA,16,1170,False,False,False
18611,574,30,ANKORAH (AKO,UNTARI ROAD,5,1356,False,True,False
18612,576,30,ANKORAH (AKO,UNTARI ROAD,18,85,True,False,False
18613,480,20,BARKAKANA,TORI,10,75,False,True,False
18614,482,20,BARKAKANA,TORI,16,1301,False,False,False
18615,430,17,CHAKULIA,TIRALDIH,1,175,False,False,True
18616,426,17,CHAKULIA,TIRALDIH,3,1262,False,False,True
18619,400,17,ASANSOL MAIN,VIDYASAGAR,3,55,False,False,True
18620,402,17,ASANSOL MAIN,VIDYASAGAR,23,1326,False,False,True
18621,571,42,ASANSOL MAIN,VIDYASAGAR,23,1321,False,False,True
18622,569,43,ASANSOL MAIN,VIDYASAGAR,4,66,False,True,False
18623,417,26,BOKARO STEEL,TATISILWAI,5,139,False,True,False
18624,414,25,BOKARO STEEL,TATISILWAI,22,1289,False,False,True
18625,417,21,BELA,TANKUPPA,12,99,False,False,False
18626,414,21,BELA,TANKUPPA,13,1350,False,False,False
18631,1663,39,AGRA  FORT,UNTARI ROAD,20,442,True,False,False
18632,1665,39,AGRA  FORT,UNTARI ROAD,3,1011,False,False,True
18637,1884,27,BALANGIR,VIZIANAGARAM,1,415,False,False,True
18638,1884,27,BALANGIR,VIZIANAGARAM,3,1075,False,False,True
18645,1602,59,ANAKAPALLE,JANGAON,5,624,False,True,False
18646,1602,61,ANAKAPALLE,JANGAON,22,804,False,False,True
18695,64,8,DANIYAWAN BA,RAJENDRANAGA,18,69,True,False,False
18696,64,8,DANIYAWAN BA,RAJENDRANAGA,8,1397,False,True,False
18697,314,27,ATHMAL GOLA,SAHIBPUR KAM,9,1290,False,True,False
18698,314,27,ATHMAL GOLA,SAHIBPUR KAM,17,153,True,False,False
19015,958,63,AMBLI ROAD,WANSJALIYA J,20,482,True,False,False
19016,958,62,AMBLI ROAD,WANSJALIYA J,5,979,False,True,False
19019,1676,98,AMARGARH,VIKRAMGARH A,10,238,False,True,False
19020,1678,92,AMARGARH,VIRAR,15,699,False,False,False
19021,1681,23,ACHHNERA JN.,VAPI,9,354,False,True,False
19022,1681,23,ACHHNERA JN.,VAPI,10,1081,False,True,False
19023,1759,94,ANKLESHWAR J,VIKRAMGARH A,14,492,False,False,False
19024,1762,97,ANKLESHWAR J,VIRAR,11,385,False,True,False
19025,567,21,AKOLA JN.,VYARA,20,931,True,False,False
19026,567,21,AKOLA JN.,VYARA,10,516,False,True,False
19027,1878,33,ABU ROAD,VAPI,23,893,False,False,True
19028,1879,33,ABU ROAD,VAPI,8,674,False,True,False
19031,1200,43,ABU ROAD,UNJHA,14,1286,False,False,False
19032,1203,43,ABU ROAD,UNJHA,12,116,False,False,False
19033,297,27,AHMEDABAD,VASAD JN.,10,1328,False,True,False
19034,297,27,AHMEDABAD,VASAD JN.,18,93,True,False,False
19035,99,10,AHMEDABAD,VASAD JN.,20,1332,True,False,False
19036,99,11,AHMEDABAD,VASAD JN.,14,106,False,False,False
19037,1832,68,ANDHERI,VIKRAMGARH A,22,750,False,False,True
19038,1831,68,ANDHERI,VIKRAMGARH A,4,619,False,True,False
19039,2142,82,ANDHERI,VIKRAMGARH A,22,750,False,False,True
19040,2140,82,ANDHERI,VIKRAMGARH A,4,619,False,True,False
19041,1909,31,AGRA CANTT,VAPI,19,403,True,False,False
19042,1910,27,AGRA CANTT,VAPI,8,1185,False,True,False
19045,1732,35,CHHEOKI,VYARA,6,246,False,True,False
19046,1730,35,CHHEOKI,VYARA,20,1243,True,False,False
19051,1786,17,VALSAD,VYARA,20,156,True,False,False
19052,1785,17,VALSAD,VYARA,5,1209,False,True,False
19053,2121,25,AGRA CANTT,UJJAIN JN,7,455,False,True,False
19054,2120,25,AGRA CANTT,UJJAIN JN,17,940,True,False,False
19055,750,18,ABU ROAD,SURAT,9,850,False,True,False
19056,751,18,ABU ROAD,SURAT,22,530,False,False,True
19057,1403,13,CHHEOKI,UDHNA JN.,21,158,False,False,True
19058,1402,13,CHHEOKI,UDHNA JN.,9,80,False,True,False
19061,1635,28,ACHHNERA JN.,VAPI,0,426,False,False,True
19062,1636,28,ACHHNERA JN.,VAPI,2,1021,False,False,True
19063,1596,18,ALLAHABAD JN,UDHNA JN.,5,130,False,True,False
19064,1595,18,ALLAHABAD JN,UDHNA JN.,1,1343,False,False,True
19107,1537,19,ABU ROAD,UDHAMPUR,14,199,False,False,False
19108,1539,19,ABU ROAD,UDHAMPUR,2,1117,False,False,True
19115,843,29,AHMEDABAD,VISHWAMITRI,23,1266,False,False,True
19116,843,29,AHMEDABAD,VISHWAMITRI,5,123,False,True,False
19119,435,19,AHMEDABAD,WANKANER,10,215,False,True,False
19120,435,19,AHMEDABAD,WANKANER,15,1196,False,False,False
19151,300,17,ADESAR,VARAHI,18,1384,True,False,False
19152,300,17,ADESAR,VARAHI,8,51,False,True,False
19165,1945,70,AKBARPUR JN.,VIJAYPUR,5,284,False,True,False
19166,1945,72,AKBARPUR JN.,VIJAYPUR,17,1159,True,False,False
19167,1600,57,AKBARPUR JN.,VIJAYPUR,5,284,False,True,False
19168,1601,57,AKBARPUR JN.,VIJAYPUR,17,1182,True,False,False
19201,1690,29,AHMEDABAD,WANSJALIYA J,14,526,False,False,False
19202,1689,29,AHMEDABAD,WANSJALIYA J,10,911,False,True,False
19215,958,63,AMBLI ROAD,WANSJALIYA J,20,484,True,False,False
19217,807,30,AHMEDABAD,WANKANER,2,204,False,False,True
19218,807,33,ANDHERI,WANKANER,5,655,False,True,False
19223,1474,58,ABU ROAD,VIJAYPUR JAM,15,176,False,False,False
19224,1476,60,ABU ROAD,VIJAYPUR JAM,10,1284,False,True,False
19225,489,24,AMRITSAR JN.,VERKA JN.,1,10,False,False,True
19226,489,24,AMRITSAR JN.,VERKA JN.,2,1385,False,False,True
19251,438,17,BHATIA,VIRPUR,6,1086,False,True,False
19252,438,17,BHATIA,VIRPUR,21,317,False,False,True
19259,2274,41,AHMEDABAD,UDUPI,7,1375,False,True,False
19260,2270,41,AHMEDABAD,UDUPI,13,1374,False,False,False
19261,2427,30,AHMEDABAD,WANSJALIYA J,23,478,False,False,True
19262,2423,30,AHMEDABAD,WANSJALIYA J,3,942,False,False,True
19263,1394,28,ABU ROAD,WANSJALIYA J,5,602,False,True,False
19264,1396,32,ABU ROAD,WANSJALIYA J,22,815,False,False,True
19269,2465,35,ABU ROAD,WANKANER,5,873,False,True,False
19270,2465,35,ABU ROAD,WANKANER,2,502,False,False,True
19301,1895,32,AKOLA JN.,YESVANTPUR J,11,1405,False,True,False
19302,1895,32,AKOLA JN.,YESVANTPUR J,13,1340,False,False,False
19303,262,18,AKODIA,UJJAIN JN,3,1322,False,False,True
19304,262,17,AKODIA,UJJAIN JN,0,112,False,False,True
19307,1100,19,AGRA CANTT,AMBALA CANTT,21,525,False,False,True
19308,1102,19,AGRA CANTT,AMBALA CANTT,2,1038,False,False,True
19309,563,19,AHMEDABAD,UJJAIN JN,19,500,True,False,False
19310,564,19,AHMEDABAD,UJJAIN JN,8,925,False,True,False
19311,969,17,BHIWANDI ROA,UJJAIN JN,21,735,False,False,True
19312,970,17,BHIWANDI ROA,UJJAIN JN,7,667,False,True,False
19313,1347,17,BINA,UJJAIN JN,21,1095,False,False,True
19314,1347,17,BINA,UJJAIN JN,7,335,False,True,False
19321,1394,17,AKBARPUR JN.,UJJAIN JN,8,401,False,True,False
19322,1395,17,AKBARPUR JN.,UJJAIN JN,17,1129,True,False,False
19323,217,7,BAIRAGARH,SHUJALPUR,10,1352,False,True,False
19324,217,7,BAIRAGARH,SHUJALPUR,17,57,True,False,False
19325,1323,24,AGRA CANTT,AMBALA CANTT,6,605,False,True,False
19326,1326,24,AGRA CANTT,AMBALA CANTT,12,908,False,False,False
19327,302,16,CHITTAURGARH,UDAIPUR CITY,21,179,False,False,True
19328,302,16,CHITTAURGARH,UDAIPUR CITY,4,1270,False,True,False
19329,481,18,CHITTAURGARH,UJJAIN JN,16,1000,False,False,False
19330,481,18,CHITTAURGARH,UJJAIN JN,23,435,False,False,True
19331,2300,32,ALLEPPEY,VAPI,13,206,False,False,False
19332,2296,32,ALLEPPEY,VAPI,15,973,False,False,False
19401,1298,27,ABU ROAD,SIROHI ROAD,15,43,False,False,False
19402,1300,27,ABU ROAD,SIROHI ROAD,22,1381,False,False,True
19403,1550,20,ABU ROAD,SULTANPUR JN,10,90,False,True,False
19404,1552,20,ABU ROAD,SULTANPUR JN,18,1376,True,False,False
19407,1693,21,ABU ROAD,SULTANPUR JN,1,52,False,False,True
19408,1696,21,ABU ROAD,SULTANPUR JN,18,1371,True,False,False
19409,1569,29,ABU ROAD,SIKANDRA RAO,15,829,False,False,False
19410,1569,29,ABU ROAD,SIKANDRA RAO,9,501,False,True,False
19411,489,12,ABU ROAD,UNJHA,13,1286,False,False,False
19412,491,12,ABU ROAD,UNJHA,11,118,False,True,False
19413,2617,37,ABU ROAD,UJJAIN JN,10,910,False,True,False
19414,2618,37,ABU ROAD,UJJAIN JN,14,493,False,False,False
19415,1716,31,ABU ROAD,UDHAMPUR,23,404,False,False,True
19416,1718,31,ABU ROAD,UDHAMPUR,18,951,True,False,False
19419,1721,26,ADONI,YADGIR,4,133,False,True,False
19420,1719,27,ADONI,YADGIR,7,1313,False,True,False
19421,1666,29,AHMEDABAD,UJJAIN JN,21,485,False,False,True
19422,1669,28,AHMEDABAD,UJJAIN JN,22,885,False,False,True
19565,1662,33,ABU ROAD,VIRAMGAM JN,20,1208,True,False,False
19566,1664,33,ABU ROAD,VIRAMGAM JN,2,268,False,False,True
19567,2730,42,ADONI,YELAHANKA JN,18,1071,True,False,False
19568,2730,43,ADONI,YELAHANKA JN,8,444,False,True,False
19571,201,15,BHAYAVADAR,WANSJALIYA J,10,44,False,True,False
19572,201,15,BHAYAVADAR,WANSJALIYA J,15,1396,False,False,False
19573,1049,20,ABU ROAD,VIRAMGAM JN,7,1217,False,True,False
19574,1051,20,ABU ROAD,VIRAMGAM JN,0,223,False,False,True
19575,1126,20,AHMEDABAD,WANKANER,17,1207,True,False,False
19576,1126,20,AHMEDABAD,WANKANER,11,215,False,True,False
19577,2438,29,AHMEDABAD,VAPI,23,1076,False,False,True
19578,2434,29,AHMEDABAD,VAPI,3,306,False,False,True
19579,1102,24,ABU ROAD,WANKANER,20,1013,True,False,False
19580,1105,24,ABU ROAD,WANKANER,2,411,False,False,True
19601,2235,29,AJMER JN.,UDAIPUR CITY,6,1070,False,True,False
19602,2232,29,AJMER JN.,UDAIPUR CITY,21,375,False,False,True
19607,2000,30,AJMER JN.,SINGRAULI,5,1420,False,True,False
19608,2004,30,AJMER JN.,SINGRAULI,19,90,True,False,False
19609,968,29,AJMER JN.,UDAIPUR CITY,19,1035,True,False,False
19611,1006,31,AJMER JN.,TALWANDI,17,896,True,False,False
19612,1006,31,AJMER JN.,TALWANDI,10,516,False,True,False
19613,847,26,AJMER JN.,SUNAM,17,662,True,False,False
19614,847,26,AJMER JN.,SUNAM,10,726,False,True,False
19659,1880,24,ANUPPUR JN.,UDAIPUR CITY,10,1335,False,True,False
19660,1883,24,ANUPPUR JN.,UDAIPUR CITY,18,110,True,False,False
19665,1080,29,AGRA CANTT,UDAIPUR CITY,18,755,True,False,False
19666,1080,29,AGRA CANTT,UDAIPUR CITY,11,675,False,True,False
19707,1103,39,ABU ROAD,VAPI,9,815,False,True,False
19708,1106,39,ABU ROAD,VAPI,16,641,False,False,False
19709,2213,37,ACHHNERA JN.,SIWAN JN.,3,1200,False,False,True
19710,2210,37,ACHHNERA JN.,SIWAN JN.,13,200,False,False,False
19711,792,34,AJMER JN.,UJJAIN JN,21,625,False,False,True
19712,792,34,AJMER JN.,UJJAIN JN,6,790,False,True,False
19713,1726,31,AKOLA JN.,WASHIM,20,74,True,False,False
19714,1726,31,AKOLA JN.,WASHIM,8,1329,False,True,False
19715,675,17,ACHHNERA JN.,NADBAI,1,1342,False,False,True
19716,674,17,ACHHNERA JN.,NADBAI,21,51,False,False,True
19717,569,17,ALWAR JN.,AMBALA CANTT,18,534,True,False,False
19718,569,17,ALWAR JN.,AMBALA CANTT,21,980,False,False,True
19803,1125,30,BAHADURGARH,UDHAMPUR,1,788,False,False,True
19804,1127,30,BAHADURGARH,UDHAMPUR,11,633,False,True,False
19805,1084,22,BHARATPUR JN,AMBALA CANTT,18,503,True,False,False
19806,1086,22,BHARATPUR JN,AMBALA CANTT,6,1010,False,True,False
19807,238,11,BANASTHALI N,SAWAI MADHOP,3,1354,False,False,True
19808,239,11,BANASTHALI N,SAWAI MADHOP,1,86,False,False,True
20501,2412,16,AGARTALA,RANGIYA JN.,18,828,True,False,False
20502,2413,16,AGARTALA,RANGIYA JN.,13,599,False,False,False
20601,558,6,DINDIGUL JN,SALEM JN.,6,1250,False,True,False
20602,554,7,DINDIGUL JN,SALEM JN.,23,155,False,False,True
20651,273,11,ARSIKERE JN.,YESVANTPUR J,17,1295,True,False,False
20652,273,11,ARSIKERE JN.,YESVANTPUR J,8,163,False,True,False
20809,1486,22,BALANGIR,VIZIANAGARAM,12,385,False,False,False
20810,1484,22,BALANGIR,VIZIANAGARAM,17,1100,True,False,False
20811,981,13,BASAR,VISAKHAPATNA,12,495,False,False,False
20812,978,13,BASAR,VISAKHAPATNA,18,975,True,False,False
20813,2433,43,ANGUL,VIKRAMGARH A,19,237,True,False,False
20814,2426,43,ANGUL,VIKRAMGARH A,5,1165,False,True,False
20815,862,24,BALUGAN,VIZIANAGARAM,23,240,False,False,True
20816,862,24,BALUGAN,VIZIANAGARAM,23,1188,False,False,True
20817,1893,13,ANARA,SAMBALPUR CI,19,1016,True,False,False
20818,1894,13,ANARA,SAMBALPUR CI,8,403,False,True,False
20889,1234,8,BHUBANESWAR,VIZIANAGARAM,19,318,True,False,False
20890,1233,8,BHUBANESWAR,VIZIANAGARAM,11,1113,False,True,False
20901,185,4,AJMER JN.,CHITTAURGARH,17,1225,True,False,False
20902,185,4,AJMER JN.,CHITTAURGARH,20,190,True,False,False
20903,1536,11,CHHEOKI,SATNA,19,1220,True,False,False
20904,1535,11,CHHEOKI,SATNA,9,195,False,True,False
21067,95,4,AMETHI,RAE BARELI J,6,89,False,True,False
21068,95,4,AMETHI,RAE BARELI J,17,1384,True,False,False
21107,63,2,KHAJAURAHO,MAHOBA,23,60,False,False,True
21108,63,2,KHAJAURAHO,MAHOBA,5,1370,False,True,False
21125,643,17,BADARWAS,UJJAIN JN,3,1070,False,False,True
21126,643,17,BADARWAS,UJJAIN JN,22,410,False,False,True
22101,260,7,CST-MUMBAI,NASIK ROAD,18,205,True,False,False
22102,260,8,CST-MUMBAI,THANE,10,1386,False,True,False
22103,1600,17,AKBARPUR JN.,SATNA,15,928,False,False,False
22104,1599,17,AKBARPUR JN.,SATNA,1,530,False,False,True
22105,191,8,CST-MUMBAI,THANE,5,34,False,True,False
22106,191,7,CST-MUMBAI,THANE,22,1388,False,False,True
22109,1501,9,AGRA CANTT,HAZRAT NIZAM,7,148,False,True,False
22110,1504,9,AGRA CANTT,HAZRAT NIZAM,17,1314,True,False,False
22111,603,20,AMLA JN.,TIMARNI,13,1190,False,False,False
22112,604,20,AMLA JN.,TIMARNI,10,210,False,True,False
22113,1513,26,BHATKAL,UDUPI,5,78,False,True,False
22114,1517,26,BHATKAL,UDUPI,14,1380,False,False,False
22115,545,8,CHIPLUN,THANE,5,1203,False,True,False
22116,547,8,CHIPLUN,THANE,18,287,True,False,False
22117,730,10,AKOLA JN.,PUNE JN.,0,860,False,False,True
22118,730,10,AKOLA JN.,PUNE JN.,19,710,True,False,False
22119,561,7,CST-MUMBAI,THANE,5,33,False,True,False
22120,563,7,CST-MUMBAI,THANE,23,1397,False,False,True
22121,1411,11,BHUSAVAL JN.,THANE,20,1093,True,False,False
22122,1411,11,BHUSAVAL JN.,THANE,10,372,False,True,False
22123,892,10,AJNI,WARDHA JN.,5,1345,False,True,False
22124,892,10,AJNI,WARDHA JN.,19,60,True,False,False
22125,1518,10,AGRA CANTT,AMBALA CANTT,9,437,False,True,False
22126,1521,10,AGRA CANTT,AMBALA CANTT,13,1090,False,False,False
22127,1122,21,AKOLA JN.,WARORA,20,254,True,False,False
22128,1123,21,AKOLA JN.,WARORA,3,1191,False,False,True
22131,1543,19,ALLAHABAD JN,SATNA,16,1170,False,False,False
22132,1543,19,ALLAHABAD JN,SATNA,7,190,False,True,False
22133,644,13,ADONI,YESVANTPUR J,0,400,False,False,True
22134,644,13,ADONI,YESVANTPUR J,2,1300,False,False,True
22135,780,16,AMLA JN.,SATNA,10,488,False,True,False
22136,780,16,AMLA JN.,SATNA,7,900,False,True,False
22137,961,14,AHMEDABAD,WARDHA JN.,3,480,False,False,True
22138,961,14,AHMEDABAD,WARDHA JN.,17,947,True,False,False
22140,457,8,CST-MUMBAI,SOLAPUR,5,960,False,True,False
22143,667,17,BHALKI,USMANABAD,8,1214,False,True,False
22144,667,17,BHALKI,USMANABAD,20,189,True,False,False
22145,136,9,ARAG,SALGARE,23,1414,False,False,True
22146,136,9,ARAG,SALGARE,18,14,True,False,False
22147,330,8,DADAR,THANE,21,18,False,False,True
22148,330,8,DADAR,THANE,15,1387,False,False,False
22149,1371,18,KANNUR,UDUPI,10,213,False,True,False
22150,1366,18,KANNUR,UDUPI,13,1218,False,False,False
22151,1191,19,AKOLA JN.,WARORA,8,235,False,True,False
22152,1193,19,AKOLA JN.,WARORA,22,1171,False,False,True
22161,290,11,GANJ BASODA,SAUGOR,19,132,True,False,False
22162,292,11,GANJ BASODA,SAUGOR,8,1304,False,True,False
22163,367,9,GANJ BASODA,TIKAMGARH,7,156,False,True,False
22164,367,9,GANJ BASODA,TIKAMGARH,21,1260,False,False,True
22165,656,11,GANJ BASODA,SINGRAULI,22,635,False,False,True
22166,655,11,GANJ BASODA,SINGRAULI,6,817,False,True,False
22168,1050,11,AGRA CANTT,SINGRAULI,3,940,False,False,True
22181,883,15,AGRA CANTT,SIHORAROAD,2,799,False,False,True
22182,886,15,AGRA CANTT,SIHORAROAD,20,648,True,False,False
22187,330,10,ITARSI,SRIDHAM,8,144,False,True,False
22188,330,10,ITARSI,SRIDHAM,20,1222,True,False,False
22189,238,11,GOSALPUR,UNCHEHARA,17,124,True,False,False
22190,238,11,GOSALPUR,UNCHEHARA,9,1303,False,True,False
22191,554,19,AKODIA,SHUJALPUR,20,12,True,False,False
22192,554,19,AKODIA,SHUJALPUR,7,1424,False,True,False
22201,527,3,KHARAGPUR,SEALDAH,22,1300,False,False,True
22202,526,3,KHARAGPUR,SEALDAH,1,165,False,False,True
22203,708,3,VIJAYWADA JN,VISAKHAPATNA,0,1130,False,False,True
22204,708,3,VIJAYWADA JN,VISAKHAPATNA,1,305,False,False,True
22205,553,3,CHENNAI CENT,SALEM JN.,22,265,False,False,True
22206,555,3,CHENNAI CENT,SALEM JN.,7,1140,False,True,False
22207,901,11,ALLEPPEY,TRIVANDRUM C,3,168,False,False,True
22208,904,11,ALLEPPEY,TRIVANDRUM C,23,1305,False,False,True
22209,1373,5,MUMBAI CENTR,RATLAM JN,23,500,False,False,True
22210,1376,5,MUMBAI CENTR,RATLAM JN,16,920,False,False,False
22213,538,4,ASANSOL MAIN,SHALIMAR,1,1253,False,False,True
22214,539,4,ASANSOL MAIN,SHALIMAR,2,213,False,False,True
22307,172,5,BIKANER JN.,NOKHA,8,1303,False,True,False
22308,173,5,BIKANER JN.,NOKHA,18,53,True,False,False
22309,560,8,ALUABARI ROA,RAMPUR HAT,7,1093,False,True,False
22310,560,8,ALUABARI ROA,RAMPUR HAT,13,306,False,False,False
22321,239,10,BANDEL JN.,UKHRA,7,150,False,True,False
22322,240,10,BANDEL JN.,UKHRA,17,1284,True,False,False
22323,757,9,ASANSOL MAIN,MUGHAL SARAI,1,444,False,False,True
22324,758,9,ASANSOL MAIN,MUGHAL SARAI,10,991,False,True,False
22351,2706,28,CHHEOKI,YESVANTPUR J,2,1120,False,False,True
22352,2712,28,CHHEOKI,YESVANTPUR J,3,380,False,False,True
22356,1142,16,ARA,AMBALA CANTT,17,294,True,False,False
22387,269,16,ASANSOL MAIN,KULTI,9,19,False,True,False
22388,270,16,ASANSOL MAIN,KULTI,17,1412,True,False,False
22401,630,8,DELHI-SARAI,AMBALA CANTT,22,170,False,False,True
22402,630,8,DELHI-SARAI,AMBALA CANTT,4,1255,False,True,False
22403,2364,15,AGRA CANTT,WARANGAL,23,40,False,False,True
22404,2363,15,AGRA CANTT,WARANGAL,2,35,False,False,True
22405,1193,22,ABHAIPUR,TUNDLA JN,15,857,False,False,False
22406,1193,22,ABHAIPUR,TUNDLA JN,8,656,False,True,False
22407,780,9,AMETHI,RAE BARELI J,22,69,False,False,True
22408,780,9,AMETHI,RAE BARELI J,4,1386,False,True,False
22409,968,10,ALLAHABAD JN,SASARAM,1,1162,False,False,True
22410,968,10,ALLAHABAD JN,SASARAM,4,229,False,True,False
22411,2127,16,BARAUNI JN.,SIWAN JN.,16,245,False,False,False
22412,2130,16,BARAUNI JN.,SIWAN JN.,9,1150,False,True,False
22413,1908,10,VADODARA JN.,THIVIM,0,616,False,False,True
22414,1907,10,VADODARA JN.,THIVIM,22,778,False,False,True
22415,2083,21,AGRA CANTT,WARANGAL,15,118,False,False,False
22416,2083,21,AGRA CANTT,WARANGAL,9,1353,False,True,False
22417,768,9,BAREILLY JN.,SULTANPUR JN,3,1058,False,False,True
22418,768,9,BAREILLY JN.,SULTANPUR JN,23,388,False,False,True
22419,809,12,ANAND VIHAR,ZAFARABAD JN,8,685,False,True,False
22420,809,12,ANAND VIHAR,ZAFARABAD JN,18,735,True,False,False
22421,623,22,BHAGAT-KI-KO,TALCHHAPAR,18,1137,True,False,False
22422,624,22,BHAGAT-KI-KO,TALCHHAPAR,10,260,False,True,False
22423,1086,16,AMRITSAR JN.,AMBALA CANTT,6,1173,False,True,False
22424,1087,16,AMRITSAR JN.,AMBALA CANTT,12,255,False,False,False
22427,876,11,ALLAHABAD JN,MANDUADIH,4,1255,False,True,False
22428,876,11,ALLAHABAD JN,MANDUADIH,9,135,False,True,False
22429,553,15,AMRITSAR JN.,AMBALA CANTT,16,1155,False,False,False
22430,553,17,AMRITSAR JN.,AMBALA CANTT,9,250,False,True,False
22431,1255,18,ALLAHABAD JN,AMBALA CANTT,14,860,False,False,False
22432,1255,18,ALLAHABAD JN,AMBALA CANTT,0,60,False,False,True
22433,822,11,ALLAHABAD JN,ZAFARABAD JN,21,1225,False,False,True
22434,824,10,ALLAHABAD JN,ZAFARABAD JN,4,135,False,True,False
22439,655,5,JAMMU TAWI,AMBALA CANT JN,12,1168,False,False,False
22441,194,9,ALLAHABAD JN,SIRSAUL,18,156,True,False,False
22442,194,9,ALLAHABAD JN,SIRSAUL,9,1274,False,True,False
22443,1607,22,BANDRA TERMI,VAPI,23,1261,False,False,True
22444,1608,22,BANDRA TERMI,VAPI,5,136,False,True,False
22445,897,14,AMRITSAR JN.,AMBALA CANTT,0,305,False,False,True
22446,897,14,AMRITSAR JN.,AMBALA CANTT,12,260,False,False,False
22447,63,2,KHAJAURAHO,MAHOBA,18,75,True,False,False
22448,63,2,KHAJAURAHO,MAHOBA,6,1370,False,True,False
22451,1580,24,ABU ROAD,AMBALA CANTT,23,930,False,False,True
22452,1583,24,ABU ROAD,AMBALA CANTT,21,548,False,False,True
22453,458,10,AMROHA,SHAHJAHANPUR,20,1235,True,False,False
22454,458,10,AMROHA,SHAHJAHANPUR,6,230,False,True,False
22455,1615,15,AGRA CANTT,AMBALA CANTT,4,405,False,True,False
22456,1618,15,AGRA CANTT,AMBALA CANTT,3,1050,False,False,True
22457,1849,26,AGRA CANTT,WASHIM,9,274,False,True,False
22458,1852,26,AGRA CANTT,WASHIM,2,1084,False,False,True
22461,654,8,JAMMU TAWI,AMBALA CANTT,3,1033,False,False,True
22462,654,8,JAMMU TAWI,AMBALA CANTT,0,432,False,False,True
22463,172,4,BIKANER JN.,NOKHA,10,1340,False,True,False
22464,173,4,BIKANER JN.,NOKHA,17,50,True,False,False
22471,455,14,BIKANER JN.,SADULPUR JN,9,215,False,True,False
22472,455,14,BIKANER JN.,SADULPUR JN,16,1190,False,False,False
22473,1211,23,ABU ROAD,UNJHA,0,119,False,False,True
22474,1209,23,ABU ROAD,UNJHA,2,1273,False,False,True
22475,2478,34,ABU ROAD,VAPI,16,550,False,False,False
22476,2482,34,ABU ROAD,VAPI,2,818,False,False,True
22477,312,12,DEGANA JN.,RAIKA BAGH P,18,1319,True,False,False
22478,311,12,DEGANA JN.,RAIKA BAGH P,8,119,False,True,False
22481,620,19,CHHOTI KHATU,SUJANGARH,21,91,False,False,True
22482,619,19,CHHOTI KHATU,SUJANGARH,6,1363,False,True,False
22483,558,14,BHABHAR,SAMDARI,1,1153,False,False,True
22484,558,14,BHABHAR,SAMDARI,1,279,False,False,True
22487,91,7,BARSOI JN.,SALMARI,20,19,True,False,False
22488,91,7,BARSOI JN.,SALMARI,6,1417,False,True,False
22497,3101,37,ABU ROAD,HUBLI JN.,16,215,False,False,False
22501,3617,41,ALIPUR DUAR,VIZIANAGARAM,3,1213,False,False,True
22502,3617,39,ALIPUR DUAR,VIZIANAGARAM,10,210,False,True,False
22511,3011,27,AKOLA JN.,TATANAGAR JN,20,1185,True,False,False
22512,3006,27,AKOLA JN.,TATANAGAR JN,12,346,False,False,False
22531,879,22,BARA BANKI J,SIWAN JN.,12,1073,False,False,False
22532,884,22,BARA BANKI J,SIWAN JN.,8,372,False,True,False
22601,1391,23,ADONI,YELAHANKA JN,21,1089,False,False,True
22602,1391,24,ADONI,YELAHANKA JN,20,413,True,False,False
22603,1779,20,ARNI ROAD,VIZIANAGARAM,18,375,True,False,False
22604,1782,20,ARNI ROAD,VIZIANAGARAM,13,1073,False,False,False
22605,1984,30,ADRA,VIZIANAGARAM,11,795,False,True,False
22606,1986,30,ADRA,VIZIANAGARAM,22,555,False,False,True
22607,617,14,ALWAYE,TIRUPPUR,17,258,True,False,False
22608,616,14,ALWAYE,TIRUPPUR,5,1183,False,True,False
22609,404,14,VADAKARA,THALASSERY,14,1419,False,False,False
22610,405,14,VADAKARA,THALASSERY,10,18,False,True,False
22611,2295,22,ADRA,VIZIANAGARAM,15,618,False,False,False
22612,2295,22,ADRA,VIZIANAGARAM,10,825,False,True,False
22613,1661,15,BERHAMPUR,VIZIANAGARAM,8,1252,False,True,False
22614,1662,15,BERHAMPUR,VIZIANAGARAM,21,185,False,False,True
22615,466,8,COIMBATORE,TIRUPPUR,22,1363,False,False,True
22616,469,8,COIMBATORE,TIRUPPUR,6,43,False,True,False
22617,336,9,BANGALORE CA,TIRUPATI,7,348,False,True,False
22618,336,9,BANGALORE CA,TIRUPATI,20,1120,True,False,False
22619,2494,30,ALLEPPEY,WARANGAL,22,30,False,False,True
22620,2494,30,ALLEPPEY,WARANGAL,7,1423,False,True,False
22621,399,12,KANNIYAKUMAR,VIRUDUNAGAR,4,1213,False,True,False
22622,398,12,KANNIYAKUMAR,VIRUDUNAGAR,22,194,False,False,True
22623,556,11,CHIDAMBARAM,VILLUPURAM J,3,1325,False,False,True
22624,557,11,CHIDAMBARAM,VILLUPURAM J,2,105,False,False,True
22625,360,11,AMBUR,VANIYAMBADI,9,13,False,True,False
22626,361,12,AMBUR,VANIYAMBADI,17,1424,True,False,False
22627,457,13,KOVILPATTI,VIRUDUNAGAR,10,1391,False,True,False
22628,457,13,KOVILPATTI,VIRUDUNAGAR,15,43,False,False,False
22629,1758,26,KANNUR,VIRUDUNAGAR,14,665,False,False,False
22630,1763,26,KANNUR,VIRUDUNAGAR,19,763,True,False,False
22631,2560,32,BAIRAGARH,WARANGAL,23,462,False,False,True
22632,2558,32,BAIRAGARH,WARANGAL,9,845,False,True,False
22633,2841,29,ALLEPPEY,UDUPI,16,690,False,False,False
22634,2840,29,ALLEPPEY,UDUPI,23,806,False,False,True
22635,319,10,BHATKAL,UDUPI,18,67,True,False,False
22636,320,10,BHATKAL,UDUPI,11,1364,False,True,False
22637,896,31,ARAKKONAM JN,WALAJAH ROAD,13,29,False,False,False
22638,898,32,ARAKKONAM JN,WALAJAH ROAD,13,1398,False,False,False
22639,753,25,ANGAMALI (FO,WADAKANCHERI,7,1366,False,True,False
22640,755,26,ANGAMALI (FO,WADAKANCHERI,18,79,True,False,False
22641,2565,37,ALLEPPEY,VIZIANAGARAM,19,250,True,False,False
22642,2564,37,ALLEPPEY,VIZIANAGARAM,17,1160,True,False,False
22643,2785,44,ADRA,VIZIANAGARAM,11,525,False,True,False
22644,2782,42,ADRA,VIZIANAGARAM,21,905,False,False,True
22645,2643,52,ANGAMALI (FO,WARANGAL,11,18,False,True,False
22646,2648,51,ANGAMALI (FO,WARANGAL,10,1337,False,True,False
22647,2510,55,ANGAMALI (FO,WARANGAL,11,18,False,True,False
22648,2508,55,ANGAMALI (FO,WARANGAL,11,1312,False,True,False
22649,390,18,AMBUR,WALAJAH ROAD,1,1374,False,False,True
22650,393,18,AMBUR,WALAJAH ROAD,0,73,False,False,True
22651,669,19,ARAKKONAM JN,UDUMALAIPPET,22,564,False,False,True
22652,671,20,ARAKKONAM JN,UDUMALAIPPET,2,861,False,False,True
22653,2854,28,BHARUCH JN.,VAPI,9,1277,False,True,False
22654,2852,28,BHARUCH JN.,VAPI,2,132,False,False,True
22655,2841,28,ALLEPPEY,VAPI,3,178,False,False,True
22656,2840,28,ALLEPPEY,VAPI,10,1049,False,True,False
22659,3154,26,VADODARA JN.,UDUPI,17,228,True,False,False
22660,3152,27,VADODARA JN.,UDUPI,4,1269,False,True,False
22661,592,19,ARIYALUR,VRIDHA CHALA,21,1398,False,False,True
22662,592,20,ARIYALUR,VRIDHA CHALA,2,30,False,False,True
22663,2353,27,ABU ROAD,WARDHA JN.,5,175,False,True,False
22664,2352,27,ABU ROAD,WARDHA JN.,2,1262,False,False,True
22667,531,14,COIMBATORE,VIRUDUNAGAR,7,1068,False,True,False
22668,532,14,COIMBATORE,VIRUDUNAGAR,19,328,True,False,False
22669,31,4,VANCHI MANIY,TUTICORIN,23,1400,False,False,True
22670,31,4,VANCHI MANIY,TUTICORIN,3,40,False,False,True
22677,844,13,COIMBATORE,YESVANTPUR J,22,1000,False,False,True
22678,845,13,COIMBATORE,YESVANTPUR J,21,425,False,False,True
22679,226,10,CHIKBANAVAR,YEDIYYURU,18,70,True,False,False
22680,211,10,CHIKBANAVAR,YEDIYYURU,9,1367,False,True,False
22681,499,12,ARAKKONAM JN,KRANTIVIRA S,3,1145,False,False,True
22682,498,11,ARAKKONAM JN,KRANTIVIRA S,0,310,False,False,True
22683,2352,30,ALLAHABAD JN,YESVANTPUR J,13,650,False,False,False
22684,2338,31,ALLAHABAD JN,YESVANTPUR J,0,755,False,False,True
22685,2846,18,ARSIKERE JN.,YESVANTPUR J,16,1285,False,False,False
22686,2845,18,ARSIKERE JN.,YESVANTPUR J,3,200,False,False,True
22687,126,4,CHANDIGARH,YAMUNANAGER,4,1321,False,True,False
22688,126,4,CHANDIGARH,YAMUNANAGER,7,93,False,True,False
22691,2337,15,AGRA CANTT,SRI SATYA SA,3,1148,False,False,True
22692,2355,15,AGRA CANTT,SRI SATYA SA,22,307,False,False,True
22697,828,18,ARAKKONAM JN,YESVANTPUR J,10,1120,False,True,False
22698,829,17,ARAKKONAM JN,YESVANTPUR J,15,340,False,False,False
22705,2964,14,BALHARSHAH,AMBALA CANTT,13,1400,False,False,False
22706,2965,14,BALHARSHAH,AMBALA CANTT,16,1210,False,False,False
22707,760,18,ANAKAPALLE,VISAKHAPATNA,23,1395,False,False,True
22708,759,18,ANAKAPALLE,VISAKHAPATNA,9,65,False,True,False
22801,804,16,ANAKAPALLE,VISAKHAPATNA,19,1395,True,False,False
22803,664,11,ANGUL,TALCHER ROAD,5,1411,False,True,False
22804,663,11,ANGUL,TALCHER ROAD,22,13,False,False,True
22805,1871,18,ALLAHABAD JN,TALCHER ROAD,11,195,False,True,False
22806,1869,18,ALLAHABAD JN,TALCHER ROAD,16,1305,False,False,False
22807,1657,18,BHUBANESWAR,VIZIANAGARAM,1,320,False,False,True
22808,1656,18,BHUBANESWAR,VIZIANAGARAM,3,1085,False,False,True
22809,552,17,BALUGAN,VIZIANAGARAM,2,270,False,False,True
22810,552,17,BALUGAN,VIZIANAGARAM,5,1180,False,True,False
22811,1717,14,ADRA,NEW DELHI,18,955,True,False,False
22812,1718,14,ADRA,NEW DELHI,8,530,False,True,False
22813,490,12,BHADRAKH,SANTRAGACHI,0,1193,False,False,True
22814,489,12,BHADRAKH,SANTRAGACHI,3,295,False,False,True
22815,2144,23,ALWAYE,WARANGAL,20,116,True,False,False
22816,2145,23,ALWAYE,WARANGAL,9,1289,False,True,False
22817,2106,21,BERHAMPUR,VIZIANAGARAM,1,185,False,False,True
22818,2107,23,BERHAMPUR,VIZIANAGARAM,4,1261,False,True,False
22819,442,27,BALUGAN,VIZIANAGARAM,9,276,False,True,False
22821,188,11,BARABHUM,TATANAGAR JN,13,1365,False,False,False
22822,189,11,BARABHUM,TATANAGAR JN,15,75,False,False,False
22823,1802,13,BHUBANESWAR,TATANAGAR JN,9,380,False,True,False
22824,1802,13,BHUBANESWAR,TATANAGAR JN,17,1030,True,False,False
22825,1662,24,BERHAMPUR,VIZIANAGARAM,21,185,False,False,True
22826,1661,24,BERHAMPUR,VIZIANAGARAM,10,1240,False,True,False
22827,1766,18,ANGUL,TALCHER ROAD,23,1403,False,False,True
22828,1759,18,ANGUL,TALCHER ROAD,12,13,False,False,False
22829,2431,31,AHMEDABAD,UJJAIN JN,21,490,False,False,True
22830,2431,31,AHMEDABAD,UJJAIN JN,9,910,False,True,False
22831,1765,19,ANANTAPUR,VIZIANAGARAM,20,410,True,False,False
22832,1764,19,ANANTAPUR,VIZIANAGARAM,9,980,False,True,False
22833,1511,19,BERHAMPUR,VIZIANAGARAM,14,190,False,False,False
22834,1514,19,BERHAMPUR,VIZIANAGARAM,15,1260,False,False,False
22835,502,11,BHUBANESWAR,SANTRAGACHI,3,1031,False,False,True
22836,500,11,BHUBANESWAR,SANTRAGACHI,23,413,False,False,True
22837,2234,28,BALANGIR,VIZIANAGARAM,1,415,False,False,True
22838,2238,27,BALANGIR,VIZIANAGARAM,8,1065,False,True,False
22839,417,12,ANGUL,TALCHER ROAD,10,13,False,True,False
22840,417,12,ANGUL,TALCHER ROAD,16,1410,False,False,False
22843,966,22,ASANSOL MAIN,TATANAGAR JN,8,1170,False,True,False
22844,964,22,ASANSOL MAIN,TATANAGAR JN,6,185,False,True,False
22845,1771,19,AKOLA JN.,WARDHA JN.,21,162,False,False,True
22846,1779,19,AKOLA JN.,WARDHA JN.,14,1277,False,False,False
22847,1662,23,AKOLA JN.,WARDHA JN.,4,1297,False,True,False
22848,1655,24,AKOLA JN.,WARDHA JN.,8,177,False,True,False
22849,1590,20,BERHAMPUR,WARANGAL,21,828,False,False,True
22850,1589,20,BERHAMPUR,WARANGAL,22,584,False,False,True
22851,2485,40,BERHAMPUR,VIZIANAGARAM,0,185,False,False,True
22852,2485,40,BERHAMPUR,VIZIANAGARAM,8,1252,False,True,False
22853,882,16,BERHAMPUR,VIZIANAGARAM,3,230,False,False,True
22854,880,16,BERHAMPUR,VIZIANAGARAM,22,1250,False,False,True
22855,1613,18,BERHAMPUR,VIZIANAGARAM,0,185,False,False,True
22856,1612,18,BERHAMPUR,VIZIANAGARAM,12,1258,False,False,False
22857,1567,11,ALLAHABAD JN,TATANAGAR JN,1,680,False,False,True
22858,1566,11,ALLAHABAD JN,TATANAGAR JN,22,835,False,False,True
22859,1247,21,BALUGAN,VIZIANAGARAM,19,255,True,False,False
22860,1247,21,BALUGAN,VIZIANAGARAM,11,1177,False,True,False
22861,288,10,ADRA,BISHNUPUR,11,1369,False,True,False
22862,288,10,ADRA,BISHNUPUR,11,69,False,True,False
22863,1957,12,BERHAMPUR,YESVANTPUR J,18,1265,True,False,False
22864,1959,12,BERHAMPUR,YESVANTPUR J,7,221,False,True,False
22865,1853,18,ANGUL,WARDHA JN.,4,451,False,True,False
22866,1860,18,ANGUL,WARDHA JN.,10,935,False,True,False
22867,1255,16,AGRA CANTT,UMARIA,1,778,False,False,True
22868,1266,16,AGRA CANTT,UMARIA,10,693,False,True,False
22869,780,13,ANAKAPALLE,VISAKHAPATNA,19,1390,True,False,False
22870,780,13,ANAKAPALLE,VISAKHAPATNA,8,96,False,True,False
22871,1178,19,BALUGAN,VIZIANAGARAM,13,260,False,False,False
22872,1178,19,BALUGAN,VIZIANAGARAM,7,1176,False,True,False
22873,930,17,BERHAMPUR,VIZIANAGARAM,3,230,False,False,True
22874,930,16,BERHAMPUR,VIZIANAGARAM,22,1250,False,False,True
22875,207,14,ADRA,BISHNUPUR,10,1353,False,True,False
22876,207,14,ADRA,BISHNUPUR,12,73,False,False,False
22877,2289,24,BERHAMPUR,VIZIANAGARAM,2,198,False,False,True
22878,2293,24,BERHAMPUR,VIZIANAGARAM,4,1258,False,True,False
22879,1178,21,BALUGAN,VIZIANAGARAM,13,260,False,False,False
22880,1178,21,BALUGAN,VIZIANAGARAM,7,1176,False,True,False
22881,1705,14,BERHAMPUR,WADI JN.,14,199,False,False,False
22882,1706,14,BERHAMPUR,WADI JN.,0,1275,False,False,True
22883,1493,27,ANAKAPALLE,YESVANTPUR J,23,1215,False,False,True
22884,1504,28,ANAKAPALLE,YESVANTPUR J,20,160,True,False,False
22885,1701,14,BHUSAVAL JN.,TATANAGAR JN,19,1120,True,False,False
22886,1704,14,BHUSAVAL JN.,TATANAGAR JN,16,315,False,False,False
22887,1970,19,BERHAMPUR,YESVANTPUR J,22,1415,False,False,True
22888,1973,20,BERHAMPUR,YESVANTPUR J,9,34,False,True,False
22889,550,13,BHUBANESWAR,TAMLUK,1,1063,False,False,True
22890,550,13,BHUBANESWAR,TAMLUK,1,386,False,False,True
22891,469,14,BARABHUM,TATANAGAR JN,18,1363,True,False,False
22892,466,15,BARABHUM,TATANAGAR JN,9,78,False,True,False
22893,1795,16,AKOLA JN.,TATANAGAR JN,20,1125,True,False,False
22894,1801,16,AKOLA JN.,TATANAGAR JN,12,346,False,False,False
22897,185,9,DIGHA FS,ULUBARIA,17,1275,True,False,False
22898,186,9,DIGHA FS,ULUBARIA,18,152,True,False,False
22901,944,16,BANDRA TERMI,UDAIPUR CITY,23,1015,False,False,True
22902,945,16,BANDRA TERMI,UDAIPUR CITY,13,440,False,False,False
22903,838,8,AHMEDABAD,SURAT,6,1235,False,True,False
22904,838,8,AHMEDABAD,SURAT,22,192,False,False,True
22905,176,5,DWARKA,OKHA,7,1407,False,True,False
22906,176,5,DWARKA,OKHA,19,45,True,False,False
22907,1352,18,AHMEDABAD,VIRAMGAM JN,4,64,False,True,False
22908,1348,18,AHMEDABAD,VIRAMGAM JN,9,1323,False,True,False
22909,2073,24,ANGUL,UJJAIN JN,5,1388,False,True,False
22910,2075,24,ANGUL,UJJAIN JN,10,23,False,True,False
22911,1744,34,CHHEOKI,UJJAIN JN,17,460,True,False,False
22912,1745,34,CHHEOKI,UJJAIN JN,7,960,False,True,False
22914,1846,13,CHHEOKI,VAPI,5,1409,False,True,False
22915,1404,30,ABU ROAD,VAPI,1,836,False,False,True
22916,1405,30,ABU ROAD,VAPI,4,575,False,True,False
22917,1610,26,BANDRA TERMI,VAPI,11,140,False,True,False
22918,1613,26,BANDRA TERMI,VAPI,22,1265,False,False,True
22919,1721,12,AHMEDABAD,SOLAPUR,3,540,False,False,True
22920,1719,12,AHMEDABAD,SOLAPUR,15,1015,False,False,False
22925,69,3,CHANDIGARH,AMBALA CANTT,16,1383,False,False,False
22926,69,3,CHANDIGARH,AMBALA CANTT,11,45,False,True,False
22927,480,22,ANDHERI,VIRAR,19,54,True,False,False
22928,480,17,ANDHERI,VAPI,5,1286,False,True,False
22929,234,14,ANKLESHWAR J,VISHWAMITRI,19,72,True,False,False
22930,234,14,ANKLESHWAR J,VISHWAMITRI,8,1366,False,True,False
22931,1226,27,ABU ROAD,VAPI,2,839,False,False,True
22932,1227,27,ABU ROAD,VAPI,4,619,False,True,False
22933,1146,15,BANDRA TERMI,VAPI,15,153,False,False,False
22934,1147,15,BANDRA TERMI,VAPI,7,1254,False,True,False
22935,787,12,AHMEDABAD,VAPI,0,1061,False,False,True
22936,787,12,AHMEDABAD,VAPI,2,326,False,False,True
22937,1600,23,AHMEDABAD,WANKANER,18,1213,True,False,False
22938,1600,23,AHMEDABAD,WANKANER,18,200,True,False,False
22939,1689,23,AHMEDABAD,WARDHA JN.,4,933,False,True,False
22940,1697,23,AHMEDABAD,WARDHA JN.,8,452,False,True,False
22941,1393,16,BHAWANI MAND,AMBALA CANTT,4,820,False,True,False
22942,1396,16,BHAWANI MAND,AMBALA CANTT,23,720,False,False,True
22943,963,17,BHIWANDI ROA,UJJAIN JN,19,695,True,False,False
22944,963,17,BHIWANDI ROA,UJJAIN JN,4,685,False,True,False
22945,986,30,AHMEDABAD,JAMWANTHALI,5,309,False,True,False
22946,986,31,AHMEDABAD,JAMWANTHALI,23,1048,False,False,True
22949,1342,27,ABU ROAD,VAPI,1,836,False,False,True
22951,853,15,AHMEDABAD,WANKANER,8,188,False,True,False
22952,853,15,AHMEDABAD,WANKANER,14,1190,False,False,False
22953,490,27,AHMEDABAD,VAPI,14,1083,False,False,False
22954,490,27,AHMEDABAD,VAPI,7,348,False,True,False
22955,838,22,AHMEDABAD,VIRAMGAM JN,2,54,False,False,True
22956,838,22,AHMEDABAD,VIRAMGAM JN,3,1349,False,False,True
22957,430,16,AHMEDABAD,WANKANER,22,178,False,False,True
22959,556,21,AHMEDABAD,WANKANER,17,196,True,False,False
22960,556,21,AHMEDABAD,WANKANER,10,1205,False,True,False
22961,547,18,AHMEDABAD,WANKANER,17,196,True,False,False
22962,547,18,AHMEDABAD,WANKANER,10,1205,False,True,False
22963,780,18,AHMEDABAD,VIRAMGAM JN,0,65,False,False,True
22964,780,18,AHMEDABAD,VIRAMGAM JN,23,1358,False,False,True
22965,929,10,ABU ROAD,SURAT,12,913,False,False,False
22966,931,10,ABU ROAD,SURAT,0,485,False,False,True
22967,1488,20,AHMEDABAD,SATNA,14,1355,False,False,False
22968,1487,20,AHMEDABAD,SATNA,0,0,False,False,True
22969,2023,23,AHMEDABAD,VIRAMGAM JN,23,1338,False,False,True
22970,2024,23,AHMEDABAD,VIRAMGAM JN,23,76,False,False,True
22971,1847,14,BANDRA TERMI,VAPI,16,151,False,False,False
22972,1846,14,BANDRA TERMI,VAPI,7,1254,False,True,False
22973,2436,38,AHMEDABAD,WARDHA JN.,4,944,False,True,False
22974,2443,38,AHMEDABAD,WARDHA JN.,1,490,False,False,True
22981,918,28,BIKANER JN.,SAWAI MADHOP,4,860,False,True,False
22982,919,28,BIKANER JN.,SAWAI MADHOP,23,520,False,False,True
22983,432,14,ANTAH,SHAJAPUR,7,300,False,True,False
22989,881,16,AHMEDABAD,VIRAMGAM JN,19,68,True,False,False
22990,881,16,AHMEDABAD,VIRAMGAM JN,19,1347,True,False,False
22991,910,12,AHMEDABAD,WANKANER,20,198,True,False,False
22992,910,12,AHMEDABAD,WANKANER,21,1203,False,False,True
22993,881,15,AHMEDABAD,VIRAMGAM JN,0,68,False,False,True
22994,881,15,AHMEDABAD,VIRAMGAM JN,3,1346,False,False,True
22995,185,4,AJMER JN.,CHITTAURGARH,9,1230,False,True,False
22996,185,4,AJMER JN.,CHITTAURGARH,20,190,True,False,False
23141,30,3,HALDIBARI,RANINAGAR JA,5,1390,False,True,False
23142,30,3,HALDIBARI,RANINAGAR JA,13,45,False,False,False
23225,109,11,BEGU SARAI,SAHIBPUR KAM,15,1417,False,False,False
23226,109,11,BEGU SARAI,SAHIBPUR KAM,10,22,False,True,False
23345,81,6,ANPARA,SHAKTINAGAR,20,66,True,False,False
23346,81,6,ANPARA,SHAKTINAGAR,5,1410,False,True,False
23347,204,11,CHOPAN,WYNDHAMGANJ,19,95,True,False,False
23348,204,11,CHOPAN,WYNDHAMGANJ,6,1285,False,True,False
24041,24,3,KOTDWARA,SANEH ROAD,6,1411,False,True,False
24042,24,3,KOTDWARA,SANEH ROAD,22,16,False,False,True
24227,349,15,AKBAR GANJ,SULTANPUR JN,8,1378,False,True,False
24228,349,15,AKBAR GANJ,SULTANPUR JN,19,65,True,False,False
24369,740,38,AGORI KHAS,UNCHAHAR JN.,18,610,True,False,False
24370,740,38,AGORI KHAS,UNCHAHAR JN.,4,847,False,True,False
24887,157,6,HARIDWAR JN,YAMUNANAGER,19,141,True,False,False
24888,157,6,HARIDWAR JN,YAMUNANAGER,9,1249,False,True,False
25013,76,3,KASHIPUR JN,RAMNAGAR,4,32,False,True,False
25014,76,3,KASHIPUR JN,RAMNAGAR,22,1412,False,False,True
25035,76,3,KASHIPUR JN,RAMNAGAR,20,35,True,False,False
25036,76,3,KASHIPUR JN,RAMNAGAR,10,1410,False,True,False
25201,58,6,BETTIAH,SAGAULI JN.,22,1412,False,False,True
25202,58,6,BETTIAH,SAGAULI JN.,5,31,False,True,False
25631,173,4,BIKANER JN.,NOKHA,0,51,False,False,True
25632,172,4,BIKANER JN.,NOKHA,0,300,False,False,True
25657,1358,37,AHMADPUR JN.,SAINTHIA JN.,9,12,False,True,False
25658,1357,37,AHMADPUR JN.,SAINTHIA JN.,15,1426,False,False,False
28181,179,14,BEGU SARAI,THANA BIHPUR,9,130,False,True,False
28182,179,14,BEGU SARAI,THANA BIHPUR,18,1300,True,False,False
29019,276,8,BUNDI,SHYAMPURA,17,1396,True,False,False
29020,276,8,BUNDI,SHYAMPURA,9,37,False,True,False
30111,45,23,AGARPARA,TOLLY GANJ,20,1340,True,False,False
30112,33,19,AGARPARA,TITA GARH,17,1429,True,False,False
30116,25,14,AGARPARA,TITA GARH,9,1429,False,True,False
30121,51,26,AGARPARA,TITA GARH,12,9,False,False,False
30122,60,29,AGARPARA,TOLLY GANJ,15,80,False,False,False
30123,49,25,AGARPARA,TITA GARH,20,9,True,False,False
30128,66,32,AGARPARA,TITA GARH,9,1427,False,True,False
30135,84,34,AGARPARA,TITA GARH,19,10,True,False,False
30142,128,42,ARANGHATA,TARAK NAGAR,6,1422,False,True,False
30145,102,34,AGARPARA,TAHERPUR,9,97,False,True,False
30152,53,21,AGARPARA,TOLLY GANJ,16,55,False,False,False
30154,53,21,AGARPARA,TOLLY GANJ,18,51,True,False,False
30211,9,8,BENOY BADAL,TALLA,10,13,False,True,False
30311,28,18,BENOY BADAL,TALLA,13,13,False,False,False
30312,33,21,BENOY BADAL,TALLA,16,1424,False,False,False
30313,33,21,BENOY BADAL,TALLA,20,13,True,False,False
30314,41,23,BENOY BADAL,TALLA,19,1420,True,False,False
30317,41,23,BENOY BADAL,TALLA,16,16,False,False,False
30321,85,35,BENOY BADAL,TAKI ROAD,9,159,False,True,False
30322,77,34,BENOY BADAL,TAKI ROAD,8,1298,False,True,False
30324,80,36,BENOY BADAL,TAKI ROAD,11,1266,False,True,False
30331,55,27,ASHOKNAGAR R,TALLA,19,1360,True,False,False
30332,55,27,ASHOKNAGAR R,TALLA,14,69,False,False,False
30333,55,27,ASHOKNAGAR R,TALLA,13,1367,False,False,False
30342,87,28,ASHOKNAGAR R,THAKURNAGAR,7,1416,False,True,False
30344,87,34,ASHOKNAGAR R,THAKURNAGAR,8,1415,False,True,False
30346,87,34,ASHOKNAGAR R,THAKURNAGAR,10,1415,False,True,False
30351,37,17,BIRATI,TOLLY GANJ,11,1388,False,True,False
30353,45,19,BIRATI,TOLLY GANJ,17,1386,True,False,False
30357,33,15,BIRATI,TOLLY GANJ,10,1377,False,True,False
30358,33,15,BIRATI,TOLLY GANJ,10,53,False,True,False
30361,90,31,BHYABLA,TOLLY GANJ,14,1316,False,False,False
30411,24,11,BENOY BADAL,TOLLY GANJ,10,44,False,True,False
30412,24,11,BENOY BADAL,TOLLY GANJ,10,1394,False,True,False
30413,24,11,BENOY BADAL,TOLLY GANJ,11,55,False,True,False
30414,24,11,BENOY BADAL,TOLLY GANJ,10,1396,False,True,False
30416,24,11,BENOY BADAL,TOLLY GANJ,18,1400,True,False,False
30451,24,11,BENOY BADAL,TOLLY GANJ,18,33,True,False,False
30452,31,16,BENOY BADAL,TOLLY GANJ,16,1393,False,False,False
30511,30,14,BIDYADHARPUR,TOLLY GANJ,8,48,False,True,False
30552,37,17,BIDYADHARPUR,TOLLY GANJ,20,1369,True,False,False
30612,46,24,BENOY BADAL,TOLLY GANJ,17,38,True,False,False
30711,67,26,BAHARU F,TOLLY GANJ,14,89,False,False,False
30712,67,26,BAHARU F,TOLLY GANJ,11,1354,False,True,False
31051,67,26,AGARPARA,TOLLY GANJ,8,1378,False,True,False
31053,67,26,AGARPARA,TOLLY GANJ,15,1386,False,False,False
31055,67,26,AGARPARA,TOLLY GANJ,19,1383,True,False,False
31111,154,39,AMBIKA KALNA,BISNUPRIYA H,10,29,False,True,False
31112,154,37,AMBIKA KALNA,BISNUPRIYA H,16,1411,False,False,False
31151,116,35,ADI SAPTAGRA,TALANDU,11,6,False,True,False
31152,116,35,ADI SAPTAGRA,TALANDU,15,1424,False,False,False
31191,15,7,HALISAHAR,NAIHATI JN.,4,1435,False,True,False
31192,15,7,HALISAHAR,NAIHATI JN.,0,6,False,False,True
31211,25,9,AGARPARA,TITA GARH,6,9,False,True,False
31212,25,9,AGARPARA,TITA GARH,6,1429,False,True,False
31213,25,4,BELGHARIA,SODPUR,7,4,False,True,False
31214,25,5,BELGHARIA,SODPUR,7,1434,False,True,False
31215,25,5,BIDHANNAGAR,TITA GARH,7,20,False,True,False
31216,25,9,AGARPARA,TITA GARH,8,1427,False,True,False
31217,25,9,AGARPARA,TITA GARH,8,9,False,True,False
31218,25,7,AGARPARA,SODPUR,8,1435,False,True,False
31219,25,9,AGARPARA,TITA GARH,8,9,False,True,False
31220,25,9,AGARPARA,TITA GARH,9,1427,False,True,False
31221,25,9,AGARPARA,TITA GARH,8,9,False,True,False
31222,25,9,AGARPARA,TITA GARH,9,1427,False,True,False
31223,25,9,AGARPARA,TITA GARH,9,9,False,True,False
31224,25,9,AGARPARA,TITA GARH,10,1429,False,True,False
31225,25,9,AGARPARA,TITA GARH,9,9,False,True,False
31226,25,9,AGARPARA,TITA GARH,10,1429,False,True,False
31227,25,9,AGARPARA,TITA GARH,10,11,False,True,False
31228,25,9,AGARPARA,TITA GARH,10,1429,False,True,False
31229,25,9,AGARPARA,TITA GARH,10,9,False,True,False
31230,25,9,AGARPARA,TITA GARH,11,1429,False,True,False
31231,25,9,AGARPARA,TITA GARH,14,9,False,False,False
31232,25,9,AGARPARA,TITA GARH,14,1429,False,False,False
31233,25,9,AGARPARA,TITA GARH,15,9,False,False,False
31234,25,9,AGARPARA,TITA GARH,15,1429,False,False,False
31235,25,9,AGARPARA,TITA GARH,16,9,False,False,False
31236,25,9,AGARPARA,TITA GARH,18,1429,True,False,False
31237,25,9,AGARPARA,TITA GARH,18,10,True,False,False
31238,25,9,AGARPARA,TITA GARH,19,1430,True,False,False
31239,25,9,AGARPARA,TITA GARH,18,10,True,False,False
31240,25,9,AGARPARA,TITA GARH,20,1429,True,False,False
31241,25,9,AGARPARA,TITA GARH,8,9,False,True,False
31261,20,9,AGARPARA,TITA GARH,18,9,True,False,False
31311,55,21,AGARPARA,TITA GARH,4,9,False,True,False
31312,55,21,AGARPARA,TITA GARH,6,1429,False,True,False
31313,55,21,AGARPARA,TITA GARH,5,9,False,True,False
31314,55,21,AGARPARA,TITA GARH,7,1429,False,True,False
31315,55,21,AGARPARA,TITA GARH,6,9,False,True,False
31316,55,21,AGARPARA,TITA GARH,8,1427,False,True,False
31317,55,21,AGARPARA,TITA GARH,7,9,False,True,False
31318,55,21,AGARPARA,TITA GARH,10,1429,False,True,False
31319,55,21,AGARPARA,TITA GARH,8,9,False,True,False
31320,55,12,BELGHARIA,SHYAM NAGAR,11,1419,False,True,False
31321,55,21,AGARPARA,TITA GARH,9,9,False,True,False
31322,55,21,AGARPARA,TITA GARH,14,1426,False,False,False
31323,55,21,AGARPARA,TITA GARH,11,9,False,True,False
31324,55,21,AGARPARA,TITA GARH,15,1429,False,False,False
31325,55,21,AGARPARA,TITA GARH,12,9,False,False,False
31326,55,21,AGARPARA,TITA GARH,16,1429,False,False,False
31327,55,21,AGARPARA,TITA GARH,13,9,False,False,False
31328,55,21,AGARPARA,TITA GARH,17,1429,True,False,False
31329,55,21,AGARPARA,TITA GARH,15,9,False,False,False
31330,55,21,AGARPARA,TITA GARH,18,1429,True,False,False
31331,55,21,AGARPARA,TITA GARH,15,9,False,False,False
31332,55,21,AGARPARA,TITA GARH,20,1429,True,False,False
31333,55,21,AGARPARA,TITA GARH,17,10,True,False,False
31334,55,21,AGARPARA,TITA GARH,21,1429,False,False,True
31335,55,21,AGARPARA,TITA GARH,18,10,True,False,False
31336,55,21,AGARPARA,TITA GARH,22,1429,False,False,True
31337,55,13,BARRACKPORE,SHYAM NAGAR,19,8,True,False,False
31338,55,21,AGARPARA,TITA GARH,23,1429,False,False,True
31339,55,21,AGARPARA,TITA GARH,20,9,True,False,False
31411,40,9,BIDHANNAGAR,SHYAM NAGAR,4,28,False,True,False
31412,40,15,AGARPARA,TITA GARH,4,1429,False,True,False
31413,40,15,AGARPARA,TITA GARH,6,9,False,True,False
31414,40,15,AGARPARA,TITA GARH,5,1429,False,True,False
31415,40,15,AGARPARA,TITA GARH,8,12,False,True,False
31416,40,15,AGARPARA,TITA GARH,8,1427,False,True,False
31417,40,15,AGARPARA,TITA GARH,9,9,False,True,False
31418,40,15,AGARPARA,TITA GARH,9,1426,False,True,False
31420,40,15,AGARPARA,TITA GARH,9,1429,False,True,False
31421,40,15,AGARPARA,TITA GARH,11,9,False,True,False
31422,40,15,AGARPARA,TITA GARH,10,1429,False,True,False
31423,40,15,AGARPARA,TITA GARH,11,9,False,True,False
31424,40,15,AGARPARA,TITA GARH,11,1429,False,True,False
31425,40,15,AGARPARA,TITA GARH,12,9,False,False,False
31426,40,15,AGARPARA,TITA GARH,12,1429,False,False,False
31427,40,15,AGARPARA,TITA GARH,13,9,False,False,False
31428,40,15,AGARPARA,TITA GARH,13,1429,False,False,False
31429,40,15,AGARPARA,TITA GARH,14,9,False,False,False
31430,40,15,AGARPARA,TITA GARH,13,1429,False,False,False
31431,40,15,AGARPARA,TITA GARH,16,9,False,False,False
31432,40,15,AGARPARA,TITA GARH,14,1429,False,False,False
31433,40,15,AGARPARA,TITA GARH,16,10,False,False,False
31434,40,15,AGARPARA,TITA GARH,15,1429,False,False,False
31435,40,15,AGARPARA,TITA GARH,17,10,True,False,False
31436,40,15,AGARPARA,TITA GARH,17,1429,True,False,False
31437,40,15,AGARPARA,TITA GARH,18,9,True,False,False
31438,40,15,AGARPARA,TITA GARH,19,1429,True,False,False
31439,40,15,AGARPARA,TITA GARH,18,10,True,False,False
31440,40,15,AGARPARA,TITA GARH,20,1429,True,False,False
31441,40,15,AGARPARA,TITA GARH,20,9,True,False,False
31442,40,15,AGARPARA,TITA GARH,20,1429,True,False,False
31443,40,15,AGARPARA,TITA GARH,21,9,False,False,True
31444,40,15,AGARPARA,TITA GARH,21,1429,False,False,True
31445,40,15,AGARPARA,TITA GARH,21,9,False,False,True
31446,40,15,AGARPARA,TITA GARH,22,1429,False,False,True
31447,40,15,AGARPARA,TITA GARH,22,9,False,False,True
31448,40,15,AGARPARA,TITA GARH,22,1429,False,False,True
31449,40,15,AGARPARA,TITA GARH,23,9,False,False,True
31450,40,15,AGARPARA,TITA GARH,23,1429,False,False,True
31451,40,15,AGARPARA,TITA GARH,23,9,False,False,True
31471,35,15,AGARPARA,TITA GARH,7,9,False,True,False
31511,96,29,AGARPARA,TITA GARH,4,9,False,True,False
31512,96,28,AGARPARA,TITA GARH,5,1429,False,True,False
31513,96,28,AGARPARA,TITA GARH,6,9,False,True,False
31514,96,29,AGARPARA,TITA GARH,6,1429,False,True,False
31515,96,29,AGARPARA,TITA GARH,7,9,False,True,False
31516,96,29,AGARPARA,TITA GARH,7,1429,False,True,False
31517,96,29,AGARPARA,TITA GARH,9,9,False,True,False
31518,96,25,BELGHARIA,TITA GARH,9,1428,False,True,False
31519,96,27,AGARPARA,TITA GARH,10,9,False,True,False
31520,96,28,AGARPARA,TITA GARH,10,1429,False,True,False
31521,96,29,AGARPARA,TITA GARH,11,9,False,True,False
31522,96,29,AGARPARA,TITA GARH,11,1429,False,True,False
31523,96,27,AGARPARA,TITA GARH,13,9,False,False,False
31524,96,28,AGARPARA,TITA GARH,13,1429,False,False,False
31525,96,28,AGARPARA,TITA GARH,14,9,False,False,False
31526,96,29,AGARPARA,TITA GARH,15,1429,False,False,False
31527,96,29,AGARPARA,TITA GARH,16,9,False,False,False
31528,96,27,AGARPARA,TITA GARH,16,1429,False,False,False
31529,96,29,AGARPARA,TITA GARH,17,10,True,False,False
31530,96,29,AGARPARA,TITA GARH,17,1429,True,False,False
31531,96,23,BARRACKPORE,SHANTIPUR JN,18,98,True,False,False
31532,96,29,AGARPARA,TITA GARH,18,1429,True,False,False
31533,96,27,AGARPARA,TITA GARH,19,10,True,False,False
31534,96,24,BELGHARIA,SHANTIPUR JN,20,1333,True,False,False
31535,96,27,AGARPARA,TITA GARH,20,9,True,False,False
31536,96,26,AGARPARA,TITA GARH,21,1429,False,False,True
31537,96,28,AGARPARA,TITA GARH,21,9,False,False,True
31538,96,28,AGARPARA,TITA GARH,22,1429,False,False,True
31539,96,28,AGARPARA,TITA GARH,22,9,False,False,True
31540,96,27,AGARPARA,TITA GARH,23,1429,False,False,True
31541,96,28,AGARPARA,TITA GARH,23,9,False,False,True
31542,96,27,AGARPARA,TITA GARH,0,1429,False,False,True
31571,35,6,PHULIA,SHANTIPUR JN,6,11,False,True,False
31584,15,2,KRISHNA NAGA,SHANTIPUR JN,7,38,False,True,False
31585,15,2,KRISHNA NAGA,SHANTIPUR JN,9,1402,False,True,False
31586,15,2,KRISHNA NAGA,SHANTIPUR JN,9,37,False,True,False
31601,76,24,AGARPARA,TITA GARH,18,9,True,False,False
31602,76,24,AGARPARA,TITA GARH,9,1429,False,True,False
31611,76,23,AGARPARA,TITA GARH,5,9,False,True,False
31612,76,24,AGARPARA,TITA GARH,5,1429,False,True,False
31613,76,24,AGARPARA,TITA GARH,5,9,False,True,False
31614,76,24,AGARPARA,TITA GARH,7,1429,False,True,False
31615,76,24,AGARPARA,TITA GARH,6,9,False,True,False
31616,76,24,AGARPARA,TITA GARH,8,1427,False,True,False
31617,76,24,AGARPARA,TITA GARH,8,9,False,True,False
31618,76,11,BIDHANNAGAR,SHYAM NAGAR,8,1403,False,True,False
31619,76,12,BARRACKPORE,SHYAM NAGAR,10,8,False,True,False
31620,76,20,BELGHARIA,SHYAM NAGAR,9,1413,False,True,False
31621,76,24,AGARPARA,TITA GARH,12,9,False,False,False
31622,76,24,AGARPARA,TITA GARH,11,1429,False,True,False
31623,76,23,AGARPARA,TITA GARH,15,9,False,False,False
31624,76,24,AGARPARA,TITA GARH,14,1429,False,False,False
31625,76,16,BIDHANNAGAR,SHYAM NAGAR,16,28,False,False,False
31626,76,10,BARRACKPORE,SHYAM NAGAR,16,1430,False,False,False
31627,76,24,AGARPARA,TITA GARH,20,9,True,False,False
31628,76,21,AGARPARA,SHYAM NAGAR,18,1417,True,False,False
31629,76,24,AGARPARA,TITA GARH,22,9,False,False,True
31630,76,23,AGARPARA,TITA GARH,19,1429,True,False,False
31631,76,24,AGARPARA,TITA GARH,23,9,False,False,True
31632,76,24,AGARPARA,TITA GARH,20,1429,True,False,False
31633,76,24,AGARPARA,TITA GARH,0,9,False,False,True
31634,76,24,AGARPARA,TITA GARH,21,1429,False,False,True
31636,76,23,AGARPARA,TITA GARH,22,1429,False,False,True
31711,35,10,CHAKDAHA,SIMURALI,5,1433,False,True,False
31712,35,9,CHAKDAHA,SIMURALI,4,2,False,True,False
31713,35,6,CHAKDAHA,SIMURALI,12,1434,False,False,False
31714,35,6,CHAKDAHA,SIMURALI,11,4,False,True,False
31721,26,6,BADKULLA,TAHERPUR,4,1434,False,True,False
31722,26,6,BADKULLA,TAHERPUR,8,4,False,True,False
31723,26,6,BADKULLA,TAHERPUR,6,1434,False,True,False
31724,26,5,BADKULLA,TAHERPUR,20,4,True,False,False
31725,26,7,BADKULLA,TAHERPUR,22,1434,False,False,True
31726,26,7,BADKULLA,TAHERPUR,23,4,False,False,True
31741,43,13,ARANGHATA,TARAK NAGAR,4,17,False,True,False
31742,43,13,ARANGHATA,TARAK NAGAR,6,1422,False,True,False
31743,43,10,ARANGHATA,TARAK NAGAR,5,16,False,True,False
31744,43,13,ARANGHATA,TARAK NAGAR,8,1422,False,True,False
31745,43,13,ARANGHATA,TARAK NAGAR,7,16,False,True,False
31746,43,13,ARANGHATA,TARAK NAGAR,10,1422,False,True,False
31747,43,13,ARANGHATA,TARAK NAGAR,8,17,False,True,False
31748,43,13,ARANGHATA,TARAK NAGAR,12,1422,False,False,False
31749,43,13,ARANGHATA,TARAK NAGAR,11,17,False,True,False
31750,43,13,ARANGHATA,TARAK NAGAR,17,1422,True,False,False
31751,43,13,ARANGHATA,TARAK NAGAR,13,17,False,False,False
31752,43,13,ARANGHATA,TARAK NAGAR,18,1422,True,False,False
31753,43,13,ARANGHATA,TARAK NAGAR,15,17,False,False,False
31754,43,13,ARANGHATA,TARAK NAGAR,19,1422,True,False,False
31755,43,13,ARANGHATA,TARAK NAGAR,17,17,True,False,False
31756,43,13,ARANGHATA,TARAK NAGAR,21,1422,False,False,True
31757,43,13,ARANGHATA,TARAK NAGAR,19,17,True,False,False
31758,43,13,ARANGHATA,TARAK NAGAR,22,1422,False,False,True
31765,154,25,BADKULLA,TAHERPUR,5,1434,False,True,False
31766,153,25,BADKULLA,TAHERPUR,11,4,False,True,False
31767,154,29,BADKULLA,TAHERPUR,7,1434,False,True,False
31768,153,27,BADKULLA,TAHERPUR,6,4,False,True,False
31770,153,29,BADKULLA,TAHERPUR,15,4,False,False,False
31771,154,28,BADKULLA,TAHERPUR,17,1434,True,False,False
31772,153,29,BADKULLA,TAHERPUR,22,4,False,False,True
31781,20,6,BATHNA KRITT,SHANTIPUR JN,8,9,False,True,False
31782,19,6,BATHNA KRITT,SHANTIPUR JN,9,1437,False,True,False
31783,20,5,PHULIA,SHANTIPUR JN,13,13,False,False,False
31784,19,5,PHULIA,SHANTIPUR JN,10,1434,False,True,False
31786,19,5,PHULIA,SHANTIPUR JN,14,1434,False,False,False
31801,102,29,AGARPARA,TAHERPUR,17,103,True,False,False
31802,102,29,AGARPARA,TAHERPUR,10,1342,False,True,False
31811,102,29,AGARPARA,TAHERPUR,3,109,False,False,True
31812,102,29,AGARPARA,TAHERPUR,6,1337,False,True,False
31813,102,30,AGARPARA,TAHERPUR,5,101,False,True,False
31814,102,22,BADKULLA,TAHERPUR,5,4,False,True,False
31815,102,29,AGARPARA,TAHERPUR,6,99,False,True,False
31816,102,29,AGARPARA,TAHERPUR,7,1341,False,True,False
31817,102,30,AGARPARA,TAHERPUR,7,100,False,True,False
31818,102,25,BADKULLA,TAHERPUR,7,3,False,True,False
31819,102,21,BADKULLA,TAHERPUR,11,1434,False,True,False
31820,102,29,AGARPARA,TAHERPUR,10,1345,False,True,False
31821,102,29,AGARPARA,TAHERPUR,11,100,False,True,False
31822,102,29,AGARPARA,TAHERPUR,11,1346,False,True,False
31823,102,28,AGARPARA,TAHERPUR,12,99,False,False,False
31824,102,28,AGARPARA,TAHERPUR,13,1349,False,False,False
31825,102,30,AGARPARA,TAHERPUR,13,99,False,False,False
31826,102,20,BADKULLA,TAHERPUR,13,4,False,False,False
31827,102,30,AGARPARA,TAHERPUR,15,101,False,False,False
31828,102,29,AGARPARA,TAHERPUR,17,1349,True,False,False
31829,102,23,BADKULLA,TAHERPUR,18,1434,True,False,False
31830,102,26,AGARPARA,TAHERPUR,18,1342,True,False,False
31831,102,16,BADKULLA,TAHERPUR,19,1434,True,False,False
31832,102,28,AGARPARA,TAHERPUR,20,1335,True,False,False
31833,102,22,BADKULLA,TAHERPUR,20,1434,True,False,False
31834,102,26,AGARPARA,TAHERPUR,21,1342,False,False,True
31835,102,29,AGARPARA,TAHERPUR,19,103,True,False,False
31836,102,29,AGARPARA,TAHERPUR,21,1339,False,False,True
31837,102,28,AGARPARA,TAHERPUR,21,102,False,False,True
31838,102,30,AGARPARA,TAHERPUR,0,1344,False,False,True
31839,102,19,BADKULLA,TAHERPUR,9,1434,False,True,False
31840,102,16,BADKULLA,TAHERPUR,20,4,True,False,False
31841,102,9,BARRACKPORE,SEALDAH,10,1413,False,True,False
31842,102,9,BARRACKPORE,SEALDAH,22,40,False,False,True
31843,102,10,BARRACKPORE,SEALDAH,20,1408,True,False,False
31844,102,10,BARRACKPORE,SEALDAH,15,36,False,False,False
31861,128,23,BELDANGA,SONADANGA,11,1399,False,True,False
31862,127,24,BELDANGA,SONADANGA,18,41,True,False,False
31863,128,21,BELDANGA,SONADANGA,14,1402,False,False,False
31864,127,20,BELDANGA,SONADANGA,19,39,True,False,False
31865,128,20,BELDANGA,SONADANGA,23,1402,False,False,True
31866,127,21,BELDANGA,SONADANGA,12,39,False,False,False
31911,119,36,ARANGHATA,TARAK NAGAR,6,17,False,True,False
31912,119,36,ARANGHATA,TARAK NAGAR,4,1422,False,True,False
31913,119,36,ARANGHATA,TARAK NAGAR,9,18,False,True,False
31914,119,36,ARANGHATA,TARAK NAGAR,5,1422,False,True,False
31915,119,36,ARANGHATA,TARAK NAGAR,11,17,False,True,False
31916,119,30,ARANGHATA,TARAK NAGAR,7,1420,False,True,False
31917,119,36,ARANGHATA,TARAK NAGAR,14,17,False,False,False
31918,119,36,ARANGHATA,TARAK NAGAR,9,1422,False,True,False
31919,119,36,ARANGHATA,TARAK NAGAR,16,17,False,False,False
31920,119,35,ARANGHATA,TARAK NAGAR,11,1422,False,True,False
31921,119,36,ARANGHATA,TARAK NAGAR,19,17,True,False,False
31922,119,36,ARANGHATA,TARAK NAGAR,14,1417,False,False,False
31923,119,36,ARANGHATA,TARAK NAGAR,20,17,True,False,False
31924,119,35,ARANGHATA,TARAK NAGAR,16,1422,False,False,False
31925,119,35,ARANGHATA,TARAK NAGAR,21,17,False,False,True
31926,119,36,ARANGHATA,TARAK NAGAR,20,1422,True,False,False
31927,119,36,ARANGHATA,TARAK NAGAR,22,17,False,False,True
31928,119,31,ARANGHATA,TARAK NAGAR,21,1422,False,False,True
31929,119,36,ARANGHATA,TARAK NAGAR,23,17,False,False,True
32211,28,9,BARANAGAR RO,SEALDAH,4,1422,False,True,False
32212,28,9,BARANAGAR RO,SEALDAH,5,27,False,True,False
32213,28,9,BARANAGAR RO,SEALDAH,5,1422,False,True,False
32214,28,9,BARANAGAR RO,SEALDAH,6,26,False,True,False
32215,28,9,BARANAGAR RO,SEALDAH,6,1422,False,True,False
32216,28,9,BARANAGAR RO,SEALDAH,6,26,False,True,False
32217,28,9,BARANAGAR RO,SEALDAH,6,1422,False,True,False
32218,28,9,BARANAGAR RO,SEALDAH,7,27,False,True,False
32219,28,9,BARANAGAR RO,SEALDAH,7,1422,False,True,False
32220,28,9,BARANAGAR RO,SEALDAH,7,30,False,True,False
32221,28,9,BARANAGAR RO,SEALDAH,8,950,False,True,False
32222,28,9,BARANAGAR RO,SEALDAH,9,27,False,True,False
32223,28,9,BARANAGAR RO,SEALDAH,8,1422,False,True,False
32224,28,9,BARANAGAR RO,SEALDAH,9,28,False,True,False
32225,28,9,BARANAGAR RO,SEALDAH,9,1422,False,True,False
32226,28,9,BARANAGAR RO,SEALDAH,10,28,False,True,False
32227,28,9,BARANAGAR RO,SEALDAH,10,1422,False,True,False
32228,28,9,BARANAGAR RO,SEALDAH,11,23,False,True,False
32229,28,9,BARANAGAR RO,SEALDAH,10,1422,False,True,False
32230,28,9,BARANAGAR RO,SEALDAH,11,28,False,True,False
32231,28,9,BARANAGAR RO,SEALDAH,11,1422,False,True,False
32232,28,9,BARANAGAR RO,SEALDAH,12,27,False,False,False
32233,28,9,BARANAGAR RO,SEALDAH,12,1421,False,False,False
32234,28,9,BARANAGAR RO,SEALDAH,13,37,False,False,False
32235,28,9,BARANAGAR RO,SEALDAH,13,1422,False,False,False
32236,28,9,BARANAGAR RO,SEALDAH,14,26,False,False,False
32237,28,9,BARANAGAR RO,SEALDAH,15,1422,False,False,False
32238,28,9,BARANAGAR RO,SEALDAH,16,25,False,False,False
32239,28,9,BARANAGAR RO,SEALDAH,16,1422,False,False,False
32240,28,9,BARANAGAR RO,SEALDAH,17,28,True,False,False
32241,28,9,BARANAGAR RO,SEALDAH,17,1421,True,False,False
32242,28,9,BARANAGAR RO,SEALDAH,18,28,True,False,False
32243,28,9,BARANAGAR RO,SEALDAH,18,1422,True,False,False
32244,28,9,BARANAGAR RO,SEALDAH,18,28,True,False,False
32245,28,9,BARANAGAR RO,SEALDAH,19,1421,True,False,False
32246,28,9,BARANAGAR RO,SEALDAH,19,26,True,False,False
32247,28,9,BARANAGAR RO,SEALDAH,21,1422,False,False,True
32248,28,9,BARANAGAR RO,SEALDAH,20,31,True,False,False
32249,28,9,BARANAGAR RO,SEALDAH,22,1422,False,False,True
32250,28,9,BARANAGAR RO,SEALDAH,22,31,False,False,True
32252,28,9,BARANAGAR RO,SEALDAH,0,26,False,False,True
32411,39,13,BARANAGAR RO,SEALDAH,14,1422,False,False,False
32412,39,13,BARANAGAR RO,SEALDAH,15,32,False,False,False
32413,39,13,BARANAGAR RO,SEALDAH,20,1421,True,False,False
32414,39,13,BARANAGAR RO,SEALDAH,23,27,False,False,True
33061,66,26,BIRATI,TALDI,16,1335,False,False,False
33212,9,3,BIDHANNAGAR,SEALDAH,11,14,False,True,False
33231,15,7,AGARPARA,TITA GARH,18,9,True,False,False
33232,15,7,AGARPARA,TITA GARH,19,1429,True,False,False
33262,15,9,BIRATI,NEW BARRACKP,17,1433,True,False,False
33271,50,18,ASHOKNAGAR R,SANHATI,20,8,True,False,False
33282,67,27,BHYABLA,TAKI ROAD,16,1424,False,False,False
33291,18,7,BARANAGAR RO,RAJCHANDRAPU,17,12,True,False,False
33311,52,19,BHYABLA,TAKI ROAD,4,31,False,True,False
33312,52,19,BHYABLA,TAKI ROAD,5,1424,False,True,False
33313,52,19,BHYABLA,TAKI ROAD,5,23,False,True,False
33314,52,19,BHYABLA,TAKI ROAD,9,1424,False,True,False
33315,52,19,BHYABLA,TAKI ROAD,8,20,False,True,False
33316,52,19,BHYABLA,TAKI ROAD,20,1419,True,False,False
33317,52,19,BHYABLA,TAKI ROAD,17,21,True,False,False
33318,52,19,BHYABLA,TAKI ROAD,22,1421,False,False,True
33319,52,19,BHYABLA,TAKI ROAD,19,20,True,False,False
33320,52,19,BHYABLA,TAKI ROAD,20,1421,True,False,False
33321,52,19,BHYABLA,TAKI ROAD,20,19,True,False,False
33323,52,19,BHYABLA,TAKI ROAD,23,15,False,False,True
33325,52,19,BHYABLA,TAKI ROAD,22,20,False,False,True
33351,22,7,ASHOKNAGAR R,HABRA,16,11,False,False,False
33357,7,3,BAMANGACHHI,DATTAPUKUR,7,9,False,True,False
33361,54,14,ASHOKNAGAR R,THAKURNAGAR,8,23,False,True,False
33362,54,12,ASHOKNAGAR R,THAKURNAGAR,10,1416,False,True,False
33363,54,12,ASHOKNAGAR R,THAKURNAGAR,8,22,False,True,False
33364,54,12,ASHOKNAGAR R,THAKURNAGAR,20,1408,True,False,False
33365,54,12,ASHOKNAGAR R,THAKURNAGAR,11,22,False,True,False
33366,54,12,ASHOKNAGAR R,THAKURNAGAR,22,1416,False,False,True
33367,54,13,ASHOKNAGAR R,THAKURNAGAR,18,23,True,False,False
33382,35,10,ASHOKNAGAR R,SANHATI,22,1429,False,False,True
33401,24,11,BIRATI,SEALDAH,18,1415,True,False,False
33402,25,11,BIRATI,SEALDAH,9,31,False,True,False
33411,12,4,BIDHANNAGAR,SEALDAH,9,1431,False,True,False
33412,12,4,BIDHANNAGAR,SEALDAH,10,13,False,True,False
33421,20,9,BIRATI,SEALDAH,7,1413,False,True,False
33422,20,9,BIRATI,SEALDAH,9,34,False,True,False
33431,24,11,BIRATI,SEALDAH,9,1415,False,True,False
33432,25,11,BIRATI,SEALDAH,5,35,False,True,False
33433,24,11,BIRATI,SEALDAH,10,1415,False,True,False
33434,25,11,BIRATI,SEALDAH,8,31,False,True,False
33435,24,11,BIRATI,SEALDAH,10,1412,False,True,False
33436,25,11,BIRATI,SEALDAH,10,33,False,True,False
33437,24,11,BIRATI,SEALDAH,11,1414,False,True,False
33438,25,11,BIRATI,SEALDAH,14,31,False,False,False
33439,24,11,BIRATI,SEALDAH,11,1415,False,True,False
33440,25,11,BIRATI,SEALDAH,16,31,False,False,False
33441,24,11,BIRATI,SEALDAH,16,1415,False,False,False
33443,24,11,BIRATI,SEALDAH,21,1415,False,False,True
33445,24,11,BIRATI,SEALDAH,21,1415,False,False,True
33447,24,11,BIRATI,SEALDAH,21,1415,False,False,True
33511,77,29,BHYABLA,TAKI ROAD,6,19,False,True,False
33512,77,29,BHYABLA,TAKI ROAD,3,1418,False,False,True
33513,77,29,BHYABLA,TAKI ROAD,7,22,False,True,False
33514,77,29,BHYABLA,TAKI ROAD,5,1424,False,True,False
33515,77,29,BHYABLA,TAKI ROAD,9,22,False,True,False
33516,77,25,BHYABLA,TAKI ROAD,7,1421,False,True,False
33517,77,29,BHYABLA,TAKI ROAD,9,15,False,True,False
33518,77,26,BHYABLA,TAKI ROAD,8,1419,False,True,False
33519,77,29,BHYABLA,TAKI ROAD,11,15,False,True,False
33520,77,29,BHYABLA,TAKI ROAD,11,1417,False,True,False
33521,77,29,BHYABLA,TAKI ROAD,12,15,False,False,False
33522,77,29,BHYABLA,TAKI ROAD,11,1424,False,True,False
33523,77,29,BHYABLA,TAKI ROAD,13,20,False,False,False
33524,77,24,BHYABLA,TAKI ROAD,12,1418,False,False,False
33525,77,29,BHYABLA,TAKI ROAD,15,33,False,False,False
33526,77,29,BHYABLA,TAKI ROAD,13,1424,False,False,False
33527,77,25,BHYABLA,TAKI ROAD,16,15,False,False,False
33528,77,24,BHYABLA,TAKI ROAD,14,1419,False,False,False
33529,77,25,BHYABLA,TAKI ROAD,19,19,True,False,False
33530,77,29,BHYABLA,TAKI ROAD,15,1419,False,False,False
33531,77,25,BHYABLA,TAKI ROAD,21,24,False,False,True
33532,77,29,BHYABLA,TAKI ROAD,17,1424,True,False,False
33533,77,29,BHYABLA,TAKI ROAD,0,15,False,False,True
33534,77,25,BHYABLA,TAKI ROAD,18,1423,True,False,False
33536,77,29,BHYABLA,TAKI ROAD,19,1419,True,False,False
33538,77,24,BHYABLA,TAKI ROAD,21,1418,False,False,True
33611,32,13,BIRATI,SEALDAH,5,1413,False,True,False
33612,32,13,BIRATI,SEALDAH,6,30,False,True,False
33613,32,13,BIRATI,SEALDAH,7,1414,False,True,False
33614,32,13,BIRATI,SEALDAH,6,33,False,True,False
33615,32,13,BIRATI,SEALDAH,8,1415,False,True,False
33616,32,13,BIRATI,SEALDAH,7,33,False,True,False
33617,32,13,BIRATI,SEALDAH,10,1413,False,True,False
33618,32,13,BIRATI,SEALDAH,9,33,False,True,False
33619,32,13,BIRATI,SEALDAH,16,1415,False,False,False
33620,32,13,BIRATI,SEALDAH,10,37,False,True,False
33621,32,13,BIRATI,SEALDAH,19,1415,True,False,False
33622,32,11,BIRATI,SEALDAH,11,31,False,True,False
33623,32,13,BIRATI,SEALDAH,20,1412,True,False,False
33624,32,13,BIRATI,SEALDAH,18,31,True,False,False
33626,32,13,BIRATI,SEALDAH,19,34,True,False,False
33628,32,13,BIRATI,SEALDAH,20,34,True,False,False
33630,32,13,BIRATI,SEALDAH,21,33,False,False,True
33651,47,17,ASHOKNAGAR R,SEALDAH,5,1372,False,True,False
33652,47,17,ASHOKNAGAR R,SEALDAH,6,76,False,True,False
33653,47,17,ASHOKNAGAR R,SEALDAH,7,1371,False,True,False
33654,47,17,ASHOKNAGAR R,SEALDAH,8,76,False,True,False
33655,47,17,ASHOKNAGAR R,SEALDAH,12,1373,False,False,False
33656,47,17,ASHOKNAGAR R,SEALDAH,12,72,False,False,False
33657,47,17,ASHOKNAGAR R,SEALDAH,13,1371,False,False,False
33658,47,17,ASHOKNAGAR R,SEALDAH,13,76,False,False,False
33659,47,17,ASHOKNAGAR R,SEALDAH,14,1373,False,False,False
33660,47,17,ASHOKNAGAR R,SEALDAH,15,73,False,False,False
33664,47,17,ASHOKNAGAR R,SEALDAH,16,71,False,False,False
33666,47,17,ASHOKNAGAR R,SEALDAH,20,78,True,False,False
33681,59,20,ASHOKNAGAR R,SANHATI,10,8,False,True,False
33682,60,20,ASHOKNAGAR R,SANHATI,11,1429,False,True,False
33685,59,20,ASHOKNAGAR R,SANHATI,21,8,False,False,True
33686,60,20,ASHOKNAGAR R,SANHATI,21,1429,False,False,True
33687,59,20,ASHOKNAGAR R,SANHATI,15,11,False,False,False
33688,60,20,ASHOKNAGAR R,SANHATI,16,1429,False,False,False
33711,32,8,AKAIPUR H,SATBERIAHALT,4,8,False,True,False
33712,32,8,AKAIPUR H,SATBERIAHALT,4,1429,False,True,False
33713,32,9,AKAIPUR H,SATBERIAHALT,6,8,False,True,False
33714,32,9,AKAIPUR H,SATBERIAHALT,6,1429,False,True,False
33715,32,8,AKAIPUR H,SATBERIAHALT,7,10,False,True,False
33716,32,8,AKAIPUR H,SATBERIAHALT,7,1429,False,True,False
33717,32,8,AKAIPUR H,SATBERIAHALT,8,8,False,True,False
33718,32,9,AKAIPUR H,SATBERIAHALT,9,1429,False,True,False
33719,32,8,AKAIPUR H,SATBERIAHALT,9,8,False,True,False
33720,32,8,AKAIPUR H,SATBERIAHALT,10,1429,False,True,False
33721,32,9,AKAIPUR H,SATBERIAHALT,10,8,False,True,False
33722,32,8,AKAIPUR H,SATBERIAHALT,12,1429,False,False,False
33723,32,8,AKAIPUR H,SATBERIAHALT,11,8,False,True,False
33724,32,8,AKAIPUR H,SATBERIAHALT,13,1429,False,False,False
33725,32,8,AKAIPUR H,SATBERIAHALT,14,8,False,False,False
33726,32,9,AKAIPUR H,SATBERIAHALT,14,1429,False,False,False
33727,32,8,AKAIPUR H,SATBERIAHALT,15,8,False,False,False
33728,32,8,AKAIPUR H,SATBERIAHALT,15,1429,False,False,False
33729,32,9,AKAIPUR H,SATBERIAHALT,16,8,False,False,False
33730,32,9,AKAIPUR H,SATBERIAHALT,16,1429,False,False,False
33731,32,8,AKAIPUR H,SATBERIAHALT,18,8,True,False,False
33732,32,8,AKAIPUR H,SATBERIAHALT,18,1429,True,False,False
33733,32,9,AKAIPUR H,SATBERIAHALT,19,8,True,False,False
33734,32,8,AKAIPUR H,SATBERIAHALT,19,1429,True,False,False
33735,32,9,AKAIPUR H,SATBERIAHALT,20,8,True,False,False
33736,32,9,AKAIPUR H,SATBERIAHALT,21,1429,False,False,True
33737,32,8,AKAIPUR H,SATBERIAHALT,21,8,False,False,True
33738,32,8,AKAIPUR H,SATBERIAHALT,23,1429,False,False,True
33739,32,9,AKAIPUR H,SATBERIAHALT,23,8,False,False,True
33751,52,12,AKAIPUR H,SATBERIAHALT,13,8,False,False,False
33752,52,12,AKAIPUR H,SATBERIAHALT,11,1429,False,True,False
33801,79,24,ASHOKNAGAR R,THAKURNAGAR,18,23,True,False,False
33802,79,24,ASHOKNAGAR R,THAKURNAGAR,7,1415,False,True,False
33811,79,17,ASHOKNAGAR R,THAKURNAGAR,4,22,False,True,False
33812,79,23,ASHOKNAGAR R,THAKURNAGAR,3,1412,False,False,True
33813,79,23,ASHOKNAGAR R,THAKURNAGAR,5,23,False,True,False
33814,79,21,ASHOKNAGAR R,THAKURNAGAR,5,1415,False,True,False
33815,79,24,ASHOKNAGAR R,THAKURNAGAR,6,23,False,True,False
33816,79,22,ASHOKNAGAR R,THAKURNAGAR,5,1415,False,True,False
33817,79,21,ASHOKNAGAR R,THAKURNAGAR,7,22,False,True,False
33818,79,24,ASHOKNAGAR R,THAKURNAGAR,6,1415,False,True,False
33819,79,23,ASHOKNAGAR R,THAKURNAGAR,8,23,False,True,False
33820,79,22,ASHOKNAGAR R,THAKURNAGAR,6,1415,False,True,False
33821,79,24,ASHOKNAGAR R,THAKURNAGAR,9,23,False,True,False
33822,79,24,ASHOKNAGAR R,THAKURNAGAR,7,1415,False,True,False
33823,79,24,ASHOKNAGAR R,THAKURNAGAR,9,23,False,True,False
33824,79,24,ASHOKNAGAR R,THAKURNAGAR,8,1415,False,True,False
33825,79,23,ASHOKNAGAR R,THAKURNAGAR,11,23,False,True,False
33826,79,24,ASHOKNAGAR R,THAKURNAGAR,9,1415,False,True,False
33827,79,24,ASHOKNAGAR R,THAKURNAGAR,12,23,False,False,False
33828,79,24,ASHOKNAGAR R,THAKURNAGAR,9,1415,False,True,False
33829,79,24,ASHOKNAGAR R,THAKURNAGAR,13,23,False,False,False
33830,79,24,ASHOKNAGAR R,THAKURNAGAR,11,1415,False,True,False
33831,79,24,ASHOKNAGAR R,THAKURNAGAR,13,23,False,False,False
33832,79,23,ASHOKNAGAR R,THAKURNAGAR,12,1406,False,False,False
33833,79,23,ASHOKNAGAR R,THAKURNAGAR,15,23,False,False,False
33834,79,24,ASHOKNAGAR R,THAKURNAGAR,13,1415,False,False,False
33835,79,24,ASHOKNAGAR R,THAKURNAGAR,16,23,False,False,False
33836,79,23,ASHOKNAGAR R,THAKURNAGAR,14,1415,False,False,False
33837,79,24,ASHOKNAGAR R,THAKURNAGAR,16,23,False,False,False
33838,79,24,ASHOKNAGAR R,THAKURNAGAR,15,1415,False,False,False
33839,79,24,ASHOKNAGAR R,THAKURNAGAR,17,23,True,False,False
33840,79,24,ASHOKNAGAR R,THAKURNAGAR,16,1415,False,False,False
33841,79,24,ASHOKNAGAR R,THAKURNAGAR,18,23,True,False,False
33842,79,24,ASHOKNAGAR R,THAKURNAGAR,17,1415,True,False,False
33843,79,24,ASHOKNAGAR R,THAKURNAGAR,18,23,True,False,False
33844,79,23,ASHOKNAGAR R,THAKURNAGAR,18,1415,True,False,False
33845,79,24,ASHOKNAGAR R,THAKURNAGAR,19,23,True,False,False
33846,79,24,ASHOKNAGAR R,THAKURNAGAR,19,1415,True,False,False
33847,79,23,ASHOKNAGAR R,THAKURNAGAR,20,23,True,False,False
33848,79,23,ASHOKNAGAR R,THAKURNAGAR,19,1415,True,False,False
33849,79,24,ASHOKNAGAR R,THAKURNAGAR,20,23,True,False,False
33850,79,24,ASHOKNAGAR R,THAKURNAGAR,20,1415,True,False,False
33851,79,24,ASHOKNAGAR R,THAKURNAGAR,21,23,False,False,True
33852,79,23,ASHOKNAGAR R,THAKURNAGAR,21,1415,False,False,True
33853,79,24,ASHOKNAGAR R,THAKURNAGAR,22,23,False,False,True
33854,79,22,ASHOKNAGAR R,THAKURNAGAR,21,1416,False,False,True
33855,79,23,ASHOKNAGAR R,THAKURNAGAR,22,23,False,False,True
33856,79,17,ASHOKNAGAR R,THAKURNAGAR,22,1416,False,False,True
33857,79,23,ASHOKNAGAR R,THAKURNAGAR,23,24,False,False,True
33858,79,23,ASHOKNAGAR R,THAKURNAGAR,23,1416,False,False,True
33859,79,22,ASHOKNAGAR R,THAKURNAGAR,0,22,False,False,True
33860,79,24,ASHOKNAGAR R,THAKURNAGAR,16,1415,False,False,False
33861,79,23,ASHOKNAGAR R,THAKURNAGAR,0,23,False,False,True
33863,79,24,ASHOKNAGAR R,THAKURNAGAR,15,23,False,False,False
33895,65,15,ASHOKNAGAR R,THAKURNAGAR,16,28,False,False,False
33896,65,15,ASHOKNAGAR R,THAKURNAGAR,18,1417,True,False,False
34052,67,26,AGARPARA,TOLLY GANJ,6,50,False,True,False
34054,67,26,AGARPARA,TOLLY GANJ,19,50,True,False,False
34056,82,32,AGARPARA,TOLLY GANJ,12,58,False,False,False
34062,120,41,ASHOKNAGAR R,TALDI,11,156,False,True,False
34111,30,11,AKRA,TOLLY GANJ,4,16,False,True,False
34112,30,11,AKRA,TOLLY GANJ,4,1421,False,True,False
34113,30,11,AKRA,TOLLY GANJ,5,16,False,True,False
34114,30,11,AKRA,TOLLY GANJ,5,1421,False,True,False
34115,30,11,AKRA,TOLLY GANJ,6,16,False,True,False
34116,30,11,AKRA,TOLLY GANJ,6,1421,False,True,False
34117,30,11,AKRA,TOLLY GANJ,8,21,False,True,False
34118,30,11,AKRA,TOLLY GANJ,6,1421,False,True,False
34119,30,11,AKRA,TOLLY GANJ,8,16,False,True,False
34120,30,11,AKRA,TOLLY GANJ,8,1421,False,True,False
34121,30,11,AKRA,TOLLY GANJ,9,16,False,True,False
34122,30,11,AKRA,TOLLY GANJ,8,1421,False,True,False
34123,30,11,AKRA,TOLLY GANJ,9,16,False,True,False
34124,30,11,AKRA,TOLLY GANJ,9,1421,False,True,False
34125,30,11,AKRA,TOLLY GANJ,10,16,False,True,False
34126,30,11,AKRA,TOLLY GANJ,9,1421,False,True,False
34127,30,11,AKRA,TOLLY GANJ,11,16,False,True,False
34128,30,11,AKRA,TOLLY GANJ,10,1421,False,True,False
34129,30,11,AKRA,TOLLY GANJ,11,16,False,True,False
34130,30,11,AKRA,TOLLY GANJ,10,1421,False,True,False
34131,30,11,AKRA,TOLLY GANJ,12,21,False,False,False
34132,30,11,AKRA,TOLLY GANJ,11,1421,False,True,False
34133,30,11,AKRA,TOLLY GANJ,12,16,False,False,False
34134,30,11,AKRA,TOLLY GANJ,12,1421,False,False,False
34135,30,11,AKRA,TOLLY GANJ,13,16,False,False,False
34136,30,11,AKRA,TOLLY GANJ,12,1421,False,False,False
34137,30,11,AKRA,TOLLY GANJ,13,16,False,False,False
34138,30,11,AKRA,TOLLY GANJ,12,1421,False,False,False
34139,30,11,AKRA,TOLLY GANJ,14,16,False,False,False
34140,30,11,AKRA,TOLLY GANJ,13,1421,False,False,False
34141,30,11,AKRA,TOLLY GANJ,15,16,False,False,False
34142,30,11,AKRA,TOLLY GANJ,14,1421,False,False,False
34143,30,11,AKRA,TOLLY GANJ,15,16,False,False,False
34144,30,11,AKRA,TOLLY GANJ,15,1421,False,False,False
34145,30,11,AKRA,TOLLY GANJ,16,16,False,False,False
34146,30,11,AKRA,TOLLY GANJ,15,1421,False,False,False
34147,30,11,AKRA,TOLLY GANJ,17,18,True,False,False
34148,30,11,AKRA,TOLLY GANJ,16,1421,False,False,False
34149,30,11,AKRA,TOLLY GANJ,18,16,True,False,False
34150,30,11,AKRA,TOLLY GANJ,17,1419,True,False,False
34151,30,11,AKRA,TOLLY GANJ,19,19,True,False,False
34152,30,11,AKRA,TOLLY GANJ,17,1419,True,False,False
34153,30,11,AKRA,TOLLY GANJ,19,16,True,False,False
34154,30,11,AKRA,TOLLY GANJ,18,1419,True,False,False
34155,30,11,AKRA,TOLLY GANJ,20,16,True,False,False
34156,30,11,AKRA,TOLLY GANJ,19,1419,True,False,False
34157,30,11,AKRA,TOLLY GANJ,21,16,False,False,True
34158,30,11,AKRA,TOLLY GANJ,19,1419,True,False,False
34159,30,11,AKRA,TOLLY GANJ,21,16,False,False,True
34160,30,11,AKRA,TOLLY GANJ,21,1421,False,False,True
34161,30,11,AKRA,TOLLY GANJ,22,16,False,False,True
34162,30,11,AKRA,TOLLY GANJ,21,1421,False,False,True
34163,30,11,AKRA,TOLLY GANJ,23,16,False,False,True
34164,30,11,AKRA,TOLLY GANJ,22,1421,False,False,True
34165,30,11,AKRA,TOLLY GANJ,0,16,False,False,True
34166,30,11,AKRA,TOLLY GANJ,23,1421,False,False,True
34311,8,4,BARUIPUR JN.,SONARPUR JN.,21,15,False,False,True
34312,8,4,BARUIPUR JN.,SONARPUR JN.,9,1425,False,True,False
34313,8,4,BARUIPUR JN.,SONARPUR JN.,22,15,False,False,True
34331,36,13,BAHARU F,SHASAN ROAD,8,20,False,True,False
34332,36,13,BAHARU F,SHASAN ROAD,18,1417,True,False,False
34334,36,13,BAHARU F,SHASAN ROAD,7,1417,False,True,False
34351,29,10,BIDYADHARPUR,TALDI,6,1415,False,True,False
34352,28,10,BIDYADHARPUR,TALDI,4,24,False,True,False
34353,29,9,BIDYADHARPUR,TALDI,8,1411,False,True,False
34354,29,9,BIDYADHARPUR,TALDI,5,23,False,True,False
34355,29,7,BIDYADHARPUR,TALDI,22,1417,False,False,True
34356,29,9,BIDYADHARPUR,TALDI,6,23,False,True,False
34358,29,9,BIDYADHARPUR,TALDI,6,23,False,True,False
34360,28,10,BIDYADHARPUR,TALDI,7,24,False,True,False
34411,16,8,.BAGHAJATIN,SONARPUR JN.,4,1433,False,True,False
34412,16,8,.BAGHAJATIN,SONARPUR JN.,4,11,False,True,False
34413,16,8,.BAGHAJATIN,SONARPUR JN.,7,1431,False,True,False
34414,16,8,.BAGHAJATIN,SONARPUR JN.,8,15,False,True,False
34415,16,8,.BAGHAJATIN,SONARPUR JN.,8,1431,False,True,False
34416,16,8,.BAGHAJATIN,SONARPUR JN.,8,16,False,True,False
34417,16,8,.BAGHAJATIN,SONARPUR JN.,9,1430,False,True,False
34418,16,8,.BAGHAJATIN,SONARPUR JN.,9,15,False,True,False
34419,16,8,.BAGHAJATIN,SONARPUR JN.,10,1430,False,True,False
34420,16,8,.BAGHAJATIN,SONARPUR JN.,10,16,False,True,False
34421,16,8,.BAGHAJATIN,SONARPUR JN.,14,1431,False,False,False
34422,16,8,.BAGHAJATIN,SONARPUR JN.,10,15,False,True,False
34423,16,8,.BAGHAJATIN,SONARPUR JN.,16,1431,False,False,False
34424,16,8,.BAGHAJATIN,SONARPUR JN.,11,15,False,True,False
34425,16,8,.BAGHAJATIN,SONARPUR JN.,17,1431,True,False,False
34426,16,8,.BAGHAJATIN,SONARPUR JN.,11,13,False,True,False
34427,16,8,.BAGHAJATIN,SONARPUR JN.,17,1431,True,False,False
34428,16,8,.BAGHAJATIN,SONARPUR JN.,11,15,False,True,False
34429,16,8,.BAGHAJATIN,SONARPUR JN.,18,1431,True,False,False
34430,16,8,.BAGHAJATIN,SONARPUR JN.,14,17,False,False,False
34431,16,8,.BAGHAJATIN,SONARPUR JN.,19,1431,True,False,False
34432,16,8,.BAGHAJATIN,SONARPUR JN.,17,11,True,False,False
34434,16,8,.BAGHAJATIN,SONARPUR JN.,18,12,True,False,False
34436,16,9,.BAGHAJATIN,SONARPUR JN.,22,14,False,False,True
34501,45,17,BIDYADHARPUR,TALDI,9,1415,False,True,False
34502,45,17,BIDYADHARPUR,TALDI,18,24,True,False,False
34511,45,17,BIDYADHARPUR,TALDI,4,1411,False,True,False
34512,45,16,BIDYADHARPUR,TALDI,6,24,False,True,False
34513,45,17,BIDYADHARPUR,TALDI,5,1415,False,True,False
34514,45,17,BIDYADHARPUR,TALDI,7,24,False,True,False
34515,45,17,BIDYADHARPUR,TALDI,5,1415,False,True,False
34516,45,16,BIDYADHARPUR,TALDI,8,24,False,True,False
34517,45,17,BIDYADHARPUR,TALDI,6,1415,False,True,False
34518,45,17,BIDYADHARPUR,TALDI,9,24,False,True,False
34519,45,17,BIDYADHARPUR,TALDI,7,1415,False,True,False
34520,45,17,BIDYADHARPUR,TALDI,9,24,False,True,False
34521,45,17,BIDYADHARPUR,TALDI,7,1415,False,True,False
34522,45,17,BIDYADHARPUR,TALDI,10,24,False,True,False
34523,45,17,BIDYADHARPUR,TALDI,8,1414,False,True,False
34524,45,17,BIDYADHARPUR,TALDI,12,24,False,False,False
34525,45,17,BIDYADHARPUR,TALDI,9,1415,False,True,False
34526,45,17,BIDYADHARPUR,TALDI,12,24,False,False,False
34527,45,17,BIDYADHARPUR,TALDI,10,1415,False,True,False
34528,45,17,BIDYADHARPUR,TALDI,14,24,False,False,False
34529,45,17,BIDYADHARPUR,TALDI,11,1415,False,True,False
34530,45,17,BIDYADHARPUR,TALDI,14,24,False,False,False
34531,45,17,BIDYADHARPUR,TALDI,12,1415,False,False,False
34532,45,17,BIDYADHARPUR,TALDI,15,24,False,False,False
34533,45,17,BIDYADHARPUR,TALDI,13,1410,False,False,False
34534,45,17,BIDYADHARPUR,TALDI,16,24,False,False,False
34535,45,17,BIDYADHARPUR,TALDI,14,1415,False,False,False
34536,45,17,BIDYADHARPUR,TALDI,17,24,True,False,False
34537,45,16,BIDYADHARPUR,TALDI,15,1415,False,False,False
34538,45,17,BIDYADHARPUR,TALDI,17,24,True,False,False
34539,45,17,BIDYADHARPUR,TALDI,16,1415,False,False,False
34540,45,17,BIDYADHARPUR,TALDI,18,24,True,False,False
34541,45,17,BIDYADHARPUR,TALDI,16,1415,False,False,False
34542,45,17,BIDYADHARPUR,TALDI,19,24,True,False,False
34543,45,17,BIDYADHARPUR,TALDI,17,1415,True,False,False
34544,45,16,BIDYADHARPUR,TALDI,20,24,True,False,False
34545,45,17,BIDYADHARPUR,TALDI,18,1415,True,False,False
34546,45,17,BIDYADHARPUR,TALDI,20,24,True,False,False
34547,45,17,BIDYADHARPUR,TALDI,19,1415,True,False,False
34548,45,17,BIDYADHARPUR,TALDI,21,24,False,False,True
34549,45,17,BIDYADHARPUR,TALDI,19,1415,True,False,False
34550,45,17,BIDYADHARPUR,TALDI,22,24,False,False,True
34551,45,16,BIDYADHARPUR,TALDI,20,1416,True,False,False
34552,45,17,BIDYADHARPUR,TALDI,23,24,False,False,True
34553,45,17,BIDYADHARPUR,TALDI,21,1415,False,False,True
34554,45,17,BIDYADHARPUR,TALDI,23,25,False,False,True
34555,45,15,BIDYADHARPUR,TALDI,22,1416,False,False,True
34557,45,17,BIDYADHARPUR,TALDI,22,1415,False,False,True
34601,24,11,.BAGHAJATIN,SONARPUR JN.,10,1428,False,True,False
34602,24,11,.BAGHAJATIN,SONARPUR JN.,17,10,True,False,False
34611,24,11,.BAGHAJATIN,SONARPUR JN.,6,1429,False,True,False
34612,24,11,.BAGHAJATIN,SONARPUR JN.,5,9,False,True,False
34613,24,11,.BAGHAJATIN,SONARPUR JN.,7,1429,False,True,False
34614,24,11,.BAGHAJATIN,SONARPUR JN.,6,8,False,True,False
34615,24,11,.BAGHAJATIN,SONARPUR JN.,7,1429,False,True,False
34616,24,11,.BAGHAJATIN,SONARPUR JN.,6,10,False,True,False
34617,24,11,.BAGHAJATIN,SONARPUR JN.,8,1429,False,True,False
34618,24,11,.BAGHAJATIN,SONARPUR JN.,7,10,False,True,False
34619,24,11,.BAGHAJATIN,SONARPUR JN.,8,1429,False,True,False
34620,24,11,.BAGHAJATIN,SONARPUR JN.,7,10,False,True,False
34621,24,11,.BAGHAJATIN,SONARPUR JN.,9,1429,False,True,False
34622,24,11,.BAGHAJATIN,SONARPUR JN.,8,10,False,True,False
34623,24,11,.BAGHAJATIN,SONARPUR JN.,9,1429,False,True,False
34624,24,11,.BAGHAJATIN,SONARPUR JN.,9,10,False,True,False
34625,24,11,.BAGHAJATIN,SONARPUR JN.,10,1429,False,True,False
34626,24,10,.BAGHAJATIN,SONARPUR JN.,9,9,False,True,False
34627,24,11,.BAGHAJATIN,SONARPUR JN.,11,1429,False,True,False
34628,24,11,.BAGHAJATIN,SONARPUR JN.,10,10,False,True,False
34629,24,11,.BAGHAJATIN,SONARPUR JN.,11,1429,False,True,False
34630,24,11,.BAGHAJATIN,SONARPUR JN.,11,13,False,True,False
34631,24,11,.BAGHAJATIN,SONARPUR JN.,12,1429,False,False,False
34632,24,11,.BAGHAJATIN,SONARPUR JN.,12,10,False,False,False
34633,24,11,.BAGHAJATIN,SONARPUR JN.,13,1429,False,False,False
34634,24,11,.BAGHAJATIN,SONARPUR JN.,13,10,False,False,False
34635,24,11,.BAGHAJATIN,SONARPUR JN.,15,1429,False,False,False
34636,24,11,.BAGHAJATIN,SONARPUR JN.,15,10,False,False,False
34637,24,11,.BAGHAJATIN,SONARPUR JN.,16,1429,False,False,False
34638,24,11,.BAGHAJATIN,SONARPUR JN.,16,10,False,False,False
34639,24,11,.BAGHAJATIN,SONARPUR JN.,17,1429,True,False,False
34640,24,11,.BAGHAJATIN,SONARPUR JN.,17,10,True,False,False
34641,24,11,.BAGHAJATIN,SONARPUR JN.,18,1429,True,False,False
34642,24,11,.BAGHAJATIN,SONARPUR JN.,17,10,True,False,False
34643,24,11,.BAGHAJATIN,SONARPUR JN.,19,1429,True,False,False
34644,24,11,.BAGHAJATIN,SONARPUR JN.,19,10,True,False,False
34645,24,11,.BAGHAJATIN,SONARPUR JN.,20,1429,True,False,False
34646,24,11,.BAGHAJATIN,SONARPUR JN.,20,10,True,False,False
34647,24,11,.BAGHAJATIN,SONARPUR JN.,21,1429,False,False,True
34648,24,11,.BAGHAJATIN,SONARPUR JN.,20,10,True,False,False
34711,61,19,BAHARU F,SONARPUR JN.,3,51,False,False,True
34712,61,19,BAHARU F,SONARPUR JN.,5,1399,False,True,False
34713,61,21,BAHARU F,SHASAN ROAD,3,27,False,False,True
34714,61,20,BAHARU F,SONARPUR JN.,5,1396,False,True,False
34715,61,23,BAHARU F,SHASAN ROAD,4,20,False,True,False
34716,61,21,BAHARU F,SONARPUR JN.,6,1396,False,True,False
34717,61,21,BAHARU F,SONARPUR JN.,5,42,False,True,False
34718,61,21,BAHARU F,SONARPUR JN.,7,1398,False,True,False
34719,61,22,BAHARU F,SHASAN ROAD,6,20,False,True,False
34720,61,23,BAHARU F,SHASAN ROAD,8,1417,False,True,False
34721,61,23,BAHARU F,SHASAN ROAD,6,20,False,True,False
34722,61,23,BAHARU F,SHASAN ROAD,9,1417,False,True,False
34723,61,23,BAHARU F,SHASAN ROAD,7,20,False,True,False
34724,61,23,BAHARU F,SHASAN ROAD,10,1417,False,True,False
34725,61,22,BAHARU F,SHASAN ROAD,8,20,False,True,False
34726,61,23,BAHARU F,SHASAN ROAD,12,1417,False,False,False
34727,61,23,BAHARU F,SHASAN ROAD,8,24,False,True,False
34728,61,21,BAHARU F,SONARPUR JN.,12,1397,False,False,False
34729,61,23,BAHARU F,SHASAN ROAD,9,20,False,True,False
34730,61,23,BAHARU F,SHASAN ROAD,14,1417,False,False,False
34731,61,23,BAHARU F,SHASAN ROAD,10,20,False,True,False
34732,61,23,BAHARU F,SHASAN ROAD,15,1417,False,False,False
34733,61,22,BAHARU F,SHASAN ROAD,11,26,False,True,False
34734,61,23,BAHARU F,SHASAN ROAD,16,1417,False,False,False
34735,61,21,BAHARU F,SONARPUR JN.,13,44,False,False,False
34736,61,23,BAHARU F,SHASAN ROAD,17,1417,True,False,False
34737,61,23,BAHARU F,SHASAN ROAD,14,20,False,False,False
34738,61,23,BAHARU F,SHASAN ROAD,17,1417,True,False,False
34739,61,21,BAHARU F,SONARPUR JN.,15,43,False,False,False
34740,61,23,BAHARU F,SHASAN ROAD,18,1417,True,False,False
34741,61,23,BAHARU F,SHASAN ROAD,16,20,False,False,False
34742,61,23,BAHARU F,SHASAN ROAD,19,1417,True,False,False
34743,61,23,BAHARU F,SHASAN ROAD,17,20,True,False,False
34744,61,23,BAHARU F,SHASAN ROAD,20,1417,True,False,False
34745,61,23,BAHARU F,SHASAN ROAD,18,20,True,False,False
34746,61,23,BAHARU F,SHASAN ROAD,20,1417,True,False,False
34747,61,21,BAHARU F,SONARPUR JN.,18,44,True,False,False
34748,61,21,BAHARU F,SONARPUR JN.,22,1396,False,False,True
34749,61,23,BAHARU F,SHASAN ROAD,19,20,True,False,False
34750,61,21,BAHARU F,SONARPUR JN.,22,1397,False,False,True
34751,61,21,BAHARU F,SONARPUR JN.,20,46,True,False,False
34752,61,21,BAHARU F,SONARPUR JN.,23,1395,False,False,True
34753,61,21,BAHARU F,SONARPUR JN.,21,46,False,False,True
34754,61,21,BAHARU F,SONARPUR JN.,0,1398,False,False,True
34755,61,21,BAHARU F,SONARPUR JN.,22,49,False,False,True
34757,61,21,BAHARU F,SONARPUR JN.,22,47,False,False,True
34782,94,29,BAHARU F,UDAIRAMPUR,21,33,False,False,True
34791,108,23,BAHARU F,UDAIRAMPUR,5,1407,False,True,False
34792,108,30,BAHARU F,UDAIRAMPUR,14,36,False,False,False
34793,108,30,BAHARU F,UDAIRAMPUR,17,1406,True,False,False
34794,108,21,BAHARU F,UDAIRAMPUR,22,49,False,False,True
34811,59,19,.BAGHAJATIN,SONARPUR JN.,4,1429,False,True,False
34812,59,15,BALLYGUNGE J,UTTAR RADHAN,4,45,False,True,False
34813,59,24,.BAGHAJATIN,UTTAR RADHAN,5,1399,False,True,False
34814,59,24,.BAGHAJATIN,UTTAR RADHAN,5,40,False,True,False
34815,59,22,.BAGHAJATIN,UTTAR RADHAN,5,1398,False,True,False
34816,59,22,.BAGHAJATIN,UTTAR RADHAN,5,44,False,True,False
34817,59,24,.BAGHAJATIN,UTTAR RADHAN,6,1398,False,True,False
34818,59,24,.BAGHAJATIN,UTTAR RADHAN,6,43,False,True,False
34819,59,24,.BAGHAJATIN,UTTAR RADHAN,7,1388,False,True,False
34820,59,24,.BAGHAJATIN,UTTAR RADHAN,7,44,False,True,False
34821,59,24,.BAGHAJATIN,UTTAR RADHAN,8,1396,False,True,False
34822,59,17,BAHIRPUYA HA,UTTAR RADHAN,8,1431,False,True,False
34823,59,24,.BAGHAJATIN,UTTAR RADHAN,8,1391,False,True,False
34824,59,24,.BAGHAJATIN,UTTAR RADHAN,8,46,False,True,False
34825,59,24,.BAGHAJATIN,UTTAR RADHAN,9,1393,False,True,False
34826,59,24,.BAGHAJATIN,UTTAR RADHAN,9,42,False,True,False
34827,59,24,.BAGHAJATIN,UTTAR RADHAN,10,1392,False,True,False
34828,59,24,.BAGHAJATIN,UTTAR RADHAN,10,41,False,True,False
34829,59,17,BAHIRPUYA HA,UTTAR RADHAN,9,7,False,True,False
34830,59,24,.BAGHAJATIN,UTTAR RADHAN,10,43,False,True,False
34831,59,24,.BAGHAJATIN,UTTAR RADHAN,11,1396,False,True,False
34832,59,22,.BAGHAJATIN,UTTAR RADHAN,11,43,False,True,False
34833,59,22,.BAGHAJATIN,UTTAR RADHAN,12,1393,False,False,False
34834,59,24,.BAGHAJATIN,UTTAR RADHAN,12,43,False,False,False
34835,59,24,.BAGHAJATIN,UTTAR RADHAN,13,1391,False,False,False
34836,59,24,.BAGHAJATIN,UTTAR RADHAN,13,41,False,False,False
34837,59,24,.BAGHAJATIN,UTTAR RADHAN,14,1395,False,False,False
34838,59,24,.BAGHAJATIN,UTTAR RADHAN,14,41,False,False,False
34839,59,24,.BAGHAJATIN,UTTAR RADHAN,15,1381,False,False,False
34840,59,24,.BAGHAJATIN,UTTAR RADHAN,15,44,False,False,False
34841,59,24,.BAGHAJATIN,UTTAR RADHAN,16,1391,False,False,False
34842,59,24,.BAGHAJATIN,UTTAR RADHAN,17,43,True,False,False
34843,59,24,.BAGHAJATIN,UTTAR RADHAN,16,1395,False,False,False
34844,59,24,.BAGHAJATIN,UTTAR RADHAN,18,43,True,False,False
34845,59,24,.BAGHAJATIN,UTTAR RADHAN,17,1393,True,False,False
34846,59,24,.BAGHAJATIN,UTTAR RADHAN,19,40,True,False,False
34847,59,24,.BAGHAJATIN,UTTAR RADHAN,18,1397,True,False,False
34848,59,24,.BAGHAJATIN,UTTAR RADHAN,20,40,True,False,False
34849,59,22,.BAGHAJATIN,UTTAR RADHAN,20,1393,True,False,False
34850,59,22,.BAGHAJATIN,UTTAR RADHAN,20,41,True,False,False
34851,59,23,.BAGHAJATIN,UTTAR RADHAN,21,1395,False,False,True
34852,59,24,.BAGHAJATIN,UTTAR RADHAN,21,42,False,False,True
34853,59,24,.BAGHAJATIN,UTTAR RADHAN,22,1393,False,False,True
34854,59,24,.BAGHAJATIN,UTTAR RADHAN,22,44,False,False,True
34855,59,22,.BAGHAJATIN,UTTAR RADHAN,22,1393,False,False,True
34856,59,23,.BAGHAJATIN,UTTAR RADHAN,23,41,False,False,True
34857,59,21,.BAGHAJATIN,UTTAR RADHAN,23,1397,False,False,True
34858,59,20,.BAGHAJATIN,SONARPUR JN.,23,8,False,False,True
34859,59,24,.BAGHAJATIN,UTTAR RADHAN,18,1393,True,False,False
34860,59,24,.BAGHAJATIN,UTTAR RADHAN,15,44,False,False,False
34881,43,17,BAHIRPUYA HA,UTTAR RADHAN,11,7,False,True,False
34882,43,17,BAHIRPUYA HA,UTTAR RADHAN,5,1431,False,True,False
34891,34,14,BAHIRPUYA HA,UTTAR RADHAN,6,7,False,True,False
34892,34,14,BAHIRPUYA HA,UTTAR RADHAN,9,1431,False,True,False
34898,39,16,.BAGHAJATIN,UTTAR RADHAN,19,40,True,False,False
34899,39,16,.BAGHAJATIN,UTTAR RADHAN,21,1396,False,False,True
34911,46,8,KASHINAGAR-H,UDAIRAMPUR,4,33,False,True,False
34912,46,8,KASHINAGAR-H,UDAIRAMPUR,3,1410,False,False,True
34913,46,8,KASHINAGAR-H,UDAIRAMPUR,6,31,False,True,False
34914,46,8,KASHINAGAR-H,UDAIRAMPUR,4,1407,False,True,False
34915,46,8,KASHINAGAR-H,UDAIRAMPUR,7,28,False,True,False
34916,46,8,KASHINAGAR-H,UDAIRAMPUR,6,1406,False,True,False
34917,46,8,KASHINAGAR-H,UDAIRAMPUR,8,28,False,True,False
34918,46,8,KASHINAGAR-H,UDAIRAMPUR,7,1410,False,True,False
34919,46,8,KASHINAGAR-H,UDAIRAMPUR,10,28,False,True,False
34920,46,8,KASHINAGAR-H,UDAIRAMPUR,9,1410,False,True,False
34921,46,8,KASHINAGAR-H,UDAIRAMPUR,12,28,False,False,False
34922,46,8,KASHINAGAR-H,UDAIRAMPUR,11,1410,False,True,False
34923,46,8,KASHINAGAR-H,UDAIRAMPUR,13,31,False,False,False
34924,46,8,KASHINAGAR-H,UDAIRAMPUR,12,1410,False,False,False
34925,46,8,KASHINAGAR-H,UDAIRAMPUR,15,31,False,False,False
34926,46,8,KASHINAGAR-H,UDAIRAMPUR,14,1406,False,False,False
34927,46,8,KASHINAGAR-H,UDAIRAMPUR,17,28,True,False,False
34928,46,8,KASHINAGAR-H,UDAIRAMPUR,16,1409,False,False,False
34929,46,8,KASHINAGAR-H,UDAIRAMPUR,20,27,True,False,False
34930,46,8,KASHINAGAR-H,UDAIRAMPUR,19,1409,True,False,False
34931,46,8,KASHINAGAR-H,UDAIRAMPUR,21,32,False,False,True
34932,46,8,KASHINAGAR-H,UDAIRAMPUR,19,1409,True,False,False
34933,46,8,KASHINAGAR-H,UDAIRAMPUR,22,32,False,False,True
34934,46,8,KASHINAGAR-H,UDAIRAMPUR,21,1406,False,False,True
34981,33,7,KASHINAGAR-H,UDAIRAMPUR,23,32,False,False,True
35011,26,9,AMARUN,KHETIA,5,1429,False,True,False
35012,26,9,AMARUN,KHETIA,6,9,False,True,False
35013,26,9,AMARUN,KHETIA,7,1429,False,True,False
35014,26,9,AMARUN,KHETIA,7,1429,False,True,False
35015,26,9,AMARUN,KHETIA,7,1429,False,True,False
35016,26,9,AMARUN,KHETIA,10,9,False,True,False
35017,46,15,AMARUN,SHRIPAT SHRI,14,51,False,False,False
35018,46,15,AMARUN,SHRIPAT SHRI,16,1398,False,False,False
35019,26,9,AMARUN,KHETIA,18,1429,True,False,False
35020,26,9,AMARUN,KHETIA,19,9,True,False,False
35021,26,9,AMARUN,KHETIA,20,1429,True,False,False
35022,26,9,AMARUN,KHETIA,21,9,False,False,True
36011,26,9,BELUR,LILUAH,9,1436,False,True,False
36012,26,9,BELUR,LILUAH,11,2,False,True,False
36031,40,14,BELUR,MADHUSUDANPU,8,37,False,True,False
36032,40,14,BELUR,MADHUSUDANPU,10,1402,False,True,False
36033,40,14,BELUR,MADHUSUDANPU,10,37,False,True,False
36034,40,14,BELUR,MADHUSUDANPU,12,1402,False,False,False
36035,40,14,BELUR,MADHUSUDANPU,14,38,False,False,False
36036,40,14,BELUR,MADHUSUDANPU,15,1401,False,False,False
36037,40,14,BELUR,MADHUSUDANPU,18,38,True,False,False
36038,40,14,BELUR,MADHUSUDANPU,20,1401,True,False,False
36071,58,18,BELUR,PORA BAZAR,5,47,False,True,False
36072,58,18,BELUR,PORA BAZAR,8,1391,False,True,False
36081,72,22,BELUR,PORA BAZAR,5,63,False,True,False
36082,72,24,BELUR,SIBAICHANDI,9,1384,False,True,False
36083,72,24,BELUR,SIBAICHANDI,15,57,False,False,False
36084,72,24,BELUR,SIBAICHANDI,18,1385,True,False,False
36085,72,24,BELUR,SIBAICHANDI,16,57,False,False,False
36086,72,24,BELUR,SIBAICHANDI,19,1384,True,False,False
36087,72,24,BELUR,SIBAICHANDI,19,57,True,False,False
36088,72,22,BELUR,PORA BAZAR,23,1392,False,False,True
36811,94,29,BELUR,SAKTI GARH J,4,92,False,True,False
36812,94,25,BELUR,PALLA ROAD,5,1321,False,True,False
36813,94,27,BELUR,SAKTI GARH J,5,92,False,True,False
36814,94,29,BELUR,SAKTI GARH J,5,1337,False,True,False
36815,94,30,BELUR,SAKTI GARH J,6,96,False,True,False
36816,94,28,BELUR,SAKTI GARH J,6,1347,False,True,False
36817,94,28,BELUR,SAKTI GARH J,7,94,False,True,False
36818,94,27,BELUR,SAKTI GARH J,7,1350,False,True,False
36819,94,29,BELUR,SAKTI GARH J,8,101,False,True,False
36820,94,29,BELUR,SAKTI GARH J,7,1347,False,True,False
36821,94,29,BELUR,SAKTI GARH J,9,96,False,True,False
36822,94,29,BELUR,SAKTI GARH J,8,1349,False,True,False
36823,94,29,BELUR,SAKTI GARH J,10,92,False,True,False
36824,94,28,BELUR,SAKTI GARH J,9,1350,False,True,False
36825,94,26,BELUR,SAKTI GARH J,11,106,False,True,False
36826,94,29,BELUR,SAKTI GARH J,9,1350,False,True,False
36827,94,29,BELUR,SAKTI GARH J,12,100,False,False,False
36828,94,29,BELUR,SAKTI GARH J,10,1338,False,True,False
36829,94,29,BELUR,SAKTI GARH J,13,107,False,False,False
36830,94,2,BARDDHAMAN J,HOWRAH JN.,8,90,False,True,False
36831,94,30,BELUR,SAKTI GARH J,14,93,False,False,False
36832,94,29,BELUR,SAKTI GARH J,10,1350,False,True,False
36833,94,29,BELUR,SAKTI GARH J,15,93,False,False,False
36834,94,28,BELUR,SAKTI GARH J,11,1350,False,True,False
36835,94,8,BELMURI,MASAGRAM,18,20,True,False,False
36836,94,29,BELUR,SAKTI GARH J,12,1343,False,False,False
36837,94,29,BELUR,SAKTI GARH J,17,98,True,False,False
36838,94,29,BELUR,SAKTI GARH J,13,1318,False,False,False
36839,94,29,BELUR,SAKTI GARH J,18,97,True,False,False
36840,94,29,BELUR,SAKTI GARH J,14,1350,False,False,False
36841,94,29,BELUR,SAKTI GARH J,18,95,True,False,False
36842,94,28,BELUR,SAKTI GARH J,16,1351,False,False,False
36843,94,28,BELUR,SAKTI GARH J,19,107,True,False,False
36844,94,30,BELUR,SAKTI GARH J,17,1355,True,False,False
36845,94,28,BELUR,SAKTI GARH J,19,105,True,False,False
36846,94,30,BELUR,SAKTI GARH J,18,1348,True,False,False
36847,94,29,BELUR,SAKTI GARH J,20,103,True,False,False
36848,94,29,BELUR,SAKTI GARH J,19,1350,True,False,False
36849,94,29,BELUR,SAKTI GARH J,20,103,True,False,False
36850,94,29,BELUR,SAKTI GARH J,20,1350,True,False,False
36851,94,26,BELUR,SAKTI GARH J,21,112,False,False,True
36852,94,29,BELUR,SAKTI GARH J,21,1333,False,False,True
36853,94,30,BELUR,SAKTI GARH J,22,99,False,False,True
36854,94,29,BELUR,SAKTI GARH J,21,1350,False,False,True
36855,94,29,BELUR,SAKTI GARH J,23,99,False,False,True
36856,94,29,BELUR,SAKTI GARH J,22,1350,False,False,True
36858,94,29,BELUR,SAKTI GARH J,22,1350,False,False,True
36860,94,30,BELUR,SAKTI GARH J,23,1349,False,False,True
37011,19,9,BELUR,UTTARPARA,7,5,False,True,False
37012,19,9,BELUR,UTTARPARA,8,1434,False,True,False
37013,19,9,BELUR,UTTARPARA,9,5,False,True,False
37014,19,9,BELUR,UTTARPARA,10,1434,False,True,False
37017,19,9,BELUR,UTTARPARA,11,5,False,True,False
37018,19,9,BELUR,UTTARPARA,12,1434,False,False,False
37019,19,9,BELUR,UTTARPARA,14,5,False,False,False
37020,19,9,BELUR,UTTARPARA,15,1434,False,False,False
37021,19,9,BELUR,UTTARPARA,17,5,True,False,False
37022,19,9,BELUR,UTTARPARA,18,1434,True,False,False
37041,22,10,BELUR,UTTARPARA,7,5,False,True,False
37042,22,10,BELUR,UTTARPARA,8,1435,False,True,False
37043,22,10,BELUR,UTTARPARA,8,5,False,True,False
37044,22,10,BELUR,UTTARPARA,9,1435,False,True,False
37045,22,10,BELUR,UTTARPARA,9,5,False,True,False
37046,22,10,BELUR,UTTARPARA,10,1435,False,True,False
37047,22,10,BELUR,UTTARPARA,9,5,False,True,False
37048,22,10,BELUR,UTTARPARA,10,1434,False,True,False
37049,22,10,BELUR,UTTARPARA,9,5,False,True,False
37050,22,10,BELUR,UTTARPARA,10,1435,False,True,False
37053,22,10,BELUR,UTTARPARA,11,6,False,True,False
37054,22,10,BELUR,UTTARPARA,12,1435,False,False,False
37055,22,10,BELUR,UTTARPARA,12,5,False,False,False
37056,22,10,BELUR,UTTARPARA,13,1432,False,False,False
37057,22,10,BELUR,UTTARPARA,16,5,False,False,False
37058,22,10,BELUR,UTTARPARA,17,1434,True,False,False
37060,22,10,BELUR,UTTARPARA,17,1434,True,False,False
37061,22,10,BELUR,UTTARPARA,17,5,True,False,False
37062,22,10,BELUR,UTTARPARA,18,1434,True,False,False
37063,22,10,BELUR,UTTARPARA,17,5,True,False,False
37064,22,10,BELUR,UTTARPARA,18,1434,True,False,False
37065,22,10,BELUR,UTTARPARA,18,5,True,False,False
37066,22,10,BELUR,UTTARPARA,19,1434,True,False,False
37067,22,10,BELUR,UTTARPARA,10,5,False,True,False
37068,22,10,BELUR,UTTARPARA,11,1434,False,True,False
37111,6,2,BELURMATH,HOWRAH JN.,8,1415,False,True,False
37112,6,3,BELURMATH,LILUAH,8,12,False,True,False
37113,6,2,BELURMATH,HOWRAH JN.,9,1415,False,True,False
37114,6,3,BELURMATH,LILUAH,9,10,False,True,False
37115,6,2,BELURMATH,HOWRAH JN.,10,1418,False,True,False
37116,6,3,BELURMATH,LILUAH,10,10,False,True,False
37117,6,2,BELURMATH,HOWRAH JN.,16,1415,False,False,False
37118,6,3,BELURMATH,LILUAH,16,11,False,False,False
37119,6,2,BELURMATH,HOWRAH JN.,17,1414,True,False,False
37120,6,3,BELURMATH,LILUAH,18,10,True,False,False
37121,6,2,BELURMATH,HOWRAH JN.,19,1410,True,False,False
37122,6,3,BELURMATH,LILUAH,19,9,True,False,False
37201,39,17,BAIDYABATI,UTTARPARA,19,1422,True,False,False
37202,39,17,BAIDYABATI,UTTARPARA,8,18,False,True,False
37211,39,17,BAIDYABATI,UTTARPARA,5,1422,False,True,False
37212,39,17,BAIDYABATI,UTTARPARA,3,16,False,False,True
37213,39,17,BAIDYABATI,UTTARPARA,5,1422,False,True,False
37214,39,17,BAIDYABATI,UTTARPARA,4,16,False,True,False
37215,39,17,BAIDYABATI,UTTARPARA,7,1420,False,True,False
37216,39,17,BAIDYABATI,UTTARPARA,5,17,False,True,False
37217,39,17,BAIDYABATI,UTTARPARA,7,1422,False,True,False
37218,39,17,BAIDYABATI,UTTARPARA,5,18,False,True,False
37219,39,17,BAIDYABATI,UTTARPARA,8,1418,False,True,False
37220,39,17,BAIDYABATI,UTTARPARA,5,17,False,True,False
37221,39,17,BAIDYABATI,UTTARPARA,8,1422,False,True,False
37222,39,17,BAIDYABATI,UTTARPARA,6,18,False,True,False
37223,39,17,BAIDYABATI,UTTARPARA,9,1422,False,True,False
37224,39,17,BAIDYABATI,UTTARPARA,7,17,False,True,False
37225,39,17,BAIDYABATI,UTTARPARA,9,1421,False,True,False
37226,39,17,BAIDYABATI,UTTARPARA,7,17,False,True,False
37227,39,17,BAIDYABATI,UTTARPARA,10,1419,False,True,False
37228,39,17,BAIDYABATI,UTTARPARA,8,17,False,True,False
37229,39,17,BAIDYABATI,UTTARPARA,10,1422,False,True,False
37230,39,17,BAIDYABATI,UTTARPARA,8,17,False,True,False
37231,39,17,BAIDYABATI,UTTARPARA,10,1422,False,True,False
37232,39,17,BAIDYABATI,UTTARPARA,9,19,False,True,False
37233,39,17,BAIDYABATI,UTTARPARA,11,1420,False,True,False
37234,39,17,BAIDYABATI,UTTARPARA,9,20,False,True,False
37235,39,17,BAIDYABATI,UTTARPARA,11,1422,False,True,False
37236,39,17,BAIDYABATI,UTTARPARA,10,18,False,True,False
37237,39,17,BAIDYABATI,UTTARPARA,11,1421,False,True,False
37238,39,17,BAIDYABATI,UTTARPARA,10,16,False,True,False
37239,39,17,BAIDYABATI,UTTARPARA,11,1421,False,True,False
37240,39,17,BAIDYABATI,UTTARPARA,11,18,False,True,False
37241,39,17,BAIDYABATI,UTTARPARA,12,1422,False,False,False
37242,39,17,BAIDYABATI,UTTARPARA,11,18,False,True,False
37243,39,17,BAIDYABATI,UTTARPARA,12,1421,False,False,False
37244,39,17,BAIDYABATI,UTTARPARA,12,15,False,False,False
37245,39,17,BAIDYABATI,UTTARPARA,13,1422,False,False,False
37246,39,17,BAIDYABATI,UTTARPARA,13,17,False,False,False
37247,39,17,BAIDYABATI,UTTARPARA,13,1422,False,False,False
37248,39,17,BAIDYABATI,UTTARPARA,13,21,False,False,False
37249,39,17,BAIDYABATI,UTTARPARA,14,1421,False,False,False
37250,39,17,BAIDYABATI,UTTARPARA,13,17,False,False,False
37251,39,17,BAIDYABATI,UTTARPARA,14,1422,False,False,False
37252,39,17,BAIDYABATI,UTTARPARA,14,18,False,False,False
37253,39,17,BAIDYABATI,UTTARPARA,15,1420,False,False,False
37254,39,17,BAIDYABATI,UTTARPARA,15,25,False,False,False
37255,39,17,BAIDYABATI,UTTARPARA,15,1420,False,False,False
37256,39,17,BAIDYABATI,UTTARPARA,15,18,False,False,False
37257,39,17,BAIDYABATI,UTTARPARA,16,1422,False,False,False
37258,39,17,BAIDYABATI,UTTARPARA,15,18,False,False,False
37259,39,17,BAIDYABATI,UTTARPARA,16,1421,False,False,False
37260,39,17,BAIDYABATI,UTTARPARA,16,23,False,False,False
37261,39,17,BAIDYABATI,UTTARPARA,17,1421,True,False,False
37262,39,17,BAIDYABATI,UTTARPARA,16,19,False,False,False
37263,39,17,BAIDYABATI,UTTARPARA,18,1422,True,False,False
37264,39,17,BAIDYABATI,UTTARPARA,17,18,True,False,False
37265,39,17,BAIDYABATI,UTTARPARA,18,1422,True,False,False
37266,39,17,BAIDYABATI,UTTARPARA,17,18,True,False,False
37267,39,17,BAIDYABATI,UTTARPARA,18,1422,True,False,False
37268,39,17,BAIDYABATI,UTTARPARA,17,18,True,False,False
37269,39,17,BAIDYABATI,UTTARPARA,19,1422,True,False,False
37270,39,17,BAIDYABATI,UTTARPARA,18,19,True,False,False
37271,39,17,BAIDYABATI,UTTARPARA,20,1422,True,False,False
37272,39,17,BAIDYABATI,UTTARPARA,18,18,True,False,False
37273,39,17,BAIDYABATI,UTTARPARA,20,1422,True,False,False
37274,39,17,BAIDYABATI,UTTARPARA,19,20,True,False,False
37275,39,17,BAIDYABATI,UTTARPARA,20,1422,True,False,False
37276,39,17,BAIDYABATI,UTTARPARA,19,22,True,False,False
37277,39,17,BAIDYABATI,UTTARPARA,21,1422,False,False,True
37278,39,17,BAIDYABATI,UTTARPARA,20,18,True,False,False
37279,39,17,BAIDYABATI,UTTARPARA,21,1422,False,False,True
37280,39,17,BAIDYABATI,UTTARPARA,20,18,True,False,False
37281,39,17,BAIDYABATI,UTTARPARA,22,1422,False,False,True
37282,39,17,BAIDYABATI,UTTARPARA,21,18,False,False,True
37283,39,17,BAIDYABATI,UTTARPARA,22,1422,False,False,True
37284,39,17,BAIDYABATI,UTTARPARA,22,18,False,False,True
37285,39,17,BAIDYABATI,UTTARPARA,22,1422,False,False,True
37286,39,17,BAIDYABATI,UTTARPARA,22,18,False,False,True
37287,39,17,BAIDYABATI,UTTARPARA,23,1421,False,False,True
37288,39,17,BAIDYABATI,UTTARPARA,22,18,False,False,True
37289,39,17,BAIDYABATI,UTTARPARA,23,1421,False,False,True
37290,39,17,BAIDYABATI,UTTARPARA,23,18,False,False,True
37291,39,17,BAIDYABATI,UTTARPARA,0,1421,False,False,True
37303,33,13,BELUR,UTTARPARA,5,5,False,True,False
37304,33,13,BELUR,UTTARPARA,8,1434,False,True,False
37305,33,13,BELUR,UTTARPARA,19,6,True,False,False
37306,33,13,BELUR,UTTARPARA,21,1434,False,False,True
37307,44,17,BELUR,UTTARPARA,7,5,False,True,False
37308,44,17,BELUR,UTTARPARA,9,1434,False,True,False
37311,57,21,BAHIR KHANDA,UTTARPARA,7,1383,False,True,False
37312,57,21,BAHIR KHANDA,UTTARPARA,3,56,False,False,True
37313,57,21,BAHIR KHANDA,UTTARPARA,7,1383,False,True,False
37314,57,21,BAHIR KHANDA,UTTARPARA,4,58,False,True,False
37315,57,21,BAHIR KHANDA,UTTARPARA,9,1384,False,True,False
37316,57,21,BAHIR KHANDA,UTTARPARA,5,58,False,True,False
37317,57,21,BAHIR KHANDA,UTTARPARA,10,1387,False,True,False
37318,57,21,BAHIR KHANDA,UTTARPARA,6,63,False,True,False
37319,57,21,BAHIR KHANDA,UTTARPARA,11,1385,False,True,False
37320,57,20,BAHIR KHANDA,UTTARPARA,7,59,False,True,False
37321,57,21,BAHIR KHANDA,UTTARPARA,12,1385,False,False,False
37322,57,18,BAHIR KHANDA,UTTARPARA,8,56,False,True,False
37323,57,21,BAHIR KHANDA,UTTARPARA,12,1387,False,False,False
37324,57,21,BAHIR KHANDA,UTTARPARA,9,57,False,True,False
37325,57,21,BAHIR KHANDA,UTTARPARA,14,1383,False,False,False
37326,57,21,BAHIR KHANDA,UTTARPARA,10,59,False,True,False
37327,57,21,BAHIR KHANDA,UTTARPARA,14,1385,False,False,False
37328,57,21,BAHIR KHANDA,UTTARPARA,11,58,False,True,False
37329,57,21,BAHIR KHANDA,UTTARPARA,15,1384,False,False,False
37330,57,21,BAHIR KHANDA,UTTARPARA,12,60,False,False,False
37331,57,21,BAHIR KHANDA,UTTARPARA,16,1378,False,False,False
37332,57,21,BAHIR KHANDA,UTTARPARA,12,60,False,False,False
37333,57,21,BAHIR KHANDA,UTTARPARA,17,1385,True,False,False
37334,57,21,BAHIR KHANDA,UTTARPARA,13,61,False,False,False
37335,57,21,BAHIR KHANDA,UTTARPARA,18,1381,True,False,False
37336,57,21,BAHIR KHANDA,UTTARPARA,14,58,False,False,False
37337,57,21,BAHIR KHANDA,UTTARPARA,19,1385,True,False,False
37338,57,21,BAHIR KHANDA,UTTARPARA,15,55,False,False,False
37339,57,21,BAHIR KHANDA,UTTARPARA,20,1379,True,False,False
37340,57,21,BAHIR KHANDA,UTTARPARA,16,52,False,False,False
37341,57,21,BAHIR KHANDA,UTTARPARA,21,1385,False,False,True
37342,57,21,BAHIR KHANDA,UTTARPARA,17,64,True,False,False
37343,57,21,BAHIR KHANDA,UTTARPARA,21,1380,False,False,True
37344,57,21,BAHIR KHANDA,UTTARPARA,18,60,True,False,False
37345,57,21,BAHIR KHANDA,UTTARPARA,21,1385,False,False,True
37346,57,21,BAHIR KHANDA,UTTARPARA,19,56,True,False,False
37347,57,21,BAHIR KHANDA,UTTARPARA,22,1385,False,False,True
37348,57,21,BAHIR KHANDA,UTTARPARA,19,60,True,False,False
37349,57,21,BAHIR KHANDA,UTTARPARA,23,1381,False,False,True
37350,57,21,BAHIR KHANDA,UTTARPARA,21,64,False,False,True
37351,57,21,BAHIR KHANDA,UTTARPARA,0,1382,False,False,True
37352,57,21,BAHIR KHANDA,UTTARPARA,21,58,False,False,True
37354,57,21,BAHIR KHANDA,UTTARPARA,22,57,False,False,True
37361,81,23,ARAMBAG,UTTARPARA,7,1306,False,True,False
37362,81,23,ARAMBAG,UTTARPARA,8,110,False,True,False
37363,81,23,ARAMBAG,UTTARPARA,12,1332,False,False,False
37364,81,23,ARAMBAG,UTTARPARA,12,112,False,False,False
37365,81,23,ARAMBAG,UTTARPARA,14,1311,False,False,False
37366,81,23,ARAMBAG,UTTARPARA,14,108,False,False,False
37367,81,23,ARAMBAG,UTTARPARA,19,1332,True,False,False
37368,81,23,ARAMBAG,UTTARPARA,19,104,True,False,False
37371,81,23,ARAMBAG,UTTARPARA,6,1316,False,True,False
37372,81,22,ARAMBAG,UTTARPARA,7,113,False,True,False
37373,81,23,ARAMBAG,UTTARPARA,9,1317,False,True,False
37374,81,23,ARAMBAG,UTTARPARA,13,98,False,False,False
37375,81,23,ARAMBAG,UTTARPARA,12,1328,False,False,False
37376,81,23,ARAMBAG,UTTARPARA,19,105,True,False,False
37378,81,23,ARAMBAG,UTTARPARA,21,113,False,False,True
37379,81,23,ARAMBAG,UTTARPARA,20,1319,True,False,False
37385,24,3,ARAMBAG,TARAKESHWAR,0,0,False,False,True
37386,24,3,ARAMBAG,TARAKESHWAR,4,40,False,True,False
37387,24,5,ARAMBAG,TALPUR,6,1409,False,True,False
37388,24,5,ARAMBAG,TALPUR,6,27,False,True,False
37389,24,3,ARAMBAG,TARAKESHWAR,16,1406,False,False,False
37390,24,3,ARAMBAG,TARAKESHWAR,10,35,False,True,False
37391,24,5,ARAMBAG,TALPUR,23,1405,False,False,True
37392,24,3,ARAMBAG,TARAKESHWAR,17,38,True,False,False
37394,24,5,ARAMBAG,TALPUR,23,27,False,False,True
37411,34,12,BAHIR KHANDA,TARAKESHWAR,5,10,False,True,False
37412,34,12,BAHIR KHANDA,TARAKESHWAR,4,1432,False,True,False
37413,34,12,BAHIR KHANDA,TARAKESHWAR,23,15,False,False,True
37414,34,12,BAHIR KHANDA,TARAKESHWAR,22,1432,False,False,True
37511,30,14,BAIDYABATI,UTTARPARA,18,1421,True,False,False
37512,30,14,BAIDYABATI,UTTARPARA,16,21,False,False,False
37521,8,4,BANDEL JN.,NAIHATI JN.,5,1420,False,True,False
37522,8,4,BANDEL JN.,NAIHATI JN.,4,20,False,True,False
37523,8,4,BANDEL JN.,NAIHATI JN.,6,1421,False,True,False
37524,8,4,BANDEL JN.,NAIHATI JN.,5,18,False,True,False
37525,8,4,BANDEL JN.,NAIHATI JN.,7,1420,False,True,False
37526,8,4,BANDEL JN.,NAIHATI JN.,6,19,False,True,False
37527,8,4,BANDEL JN.,NAIHATI JN.,8,1421,False,True,False
37528,8,4,BANDEL JN.,NAIHATI JN.,7,21,False,True,False
37529,8,4,BANDEL JN.,NAIHATI JN.,8,1421,False,True,False
37530,8,4,BANDEL JN.,NAIHATI JN.,8,20,False,True,False
37531,8,4,BANDEL JN.,NAIHATI JN.,10,1420,False,True,False
37532,8,4,BANDEL JN.,NAIHATI JN.,9,20,False,True,False
37533,8,4,BANDEL JN.,NAIHATI JN.,11,1420,False,True,False
37534,8,4,BANDEL JN.,NAIHATI JN.,10,20,False,True,False
37535,8,4,BANDEL JN.,NAIHATI JN.,12,1420,False,False,False
37536,8,4,BANDEL JN.,NAIHATI JN.,11,20,False,True,False
37537,8,4,BANDEL JN.,NAIHATI JN.,13,1420,False,False,False
37538,8,4,BANDEL JN.,NAIHATI JN.,12,22,False,False,False
37539,8,4,BANDEL JN.,NAIHATI JN.,15,1420,False,False,False
37540,8,4,BANDEL JN.,NAIHATI JN.,14,19,False,False,False
37541,8,4,BANDEL JN.,NAIHATI JN.,16,1420,False,False,False
37542,8,4,BANDEL JN.,NAIHATI JN.,15,20,False,False,False
37543,8,4,BANDEL JN.,NAIHATI JN.,16,1420,False,False,False
37544,8,4,BANDEL JN.,NAIHATI JN.,15,19,False,False,False
37545,8,4,BANDEL JN.,NAIHATI JN.,17,1421,True,False,False
37546,8,4,BANDEL JN.,NAIHATI JN.,16,20,False,False,False
37547,8,4,BANDEL JN.,NAIHATI JN.,18,1420,True,False,False
37548,8,4,BANDEL JN.,NAIHATI JN.,17,22,True,False,False
37549,8,4,BANDEL JN.,NAIHATI JN.,19,1422,True,False,False
37550,8,4,BANDEL JN.,NAIHATI JN.,18,20,True,False,False
37551,8,4,BANDEL JN.,NAIHATI JN.,20,1420,True,False,False
37552,8,4,BANDEL JN.,NAIHATI JN.,19,22,True,False,False
37553,8,4,BANDEL JN.,NAIHATI JN.,21,1422,False,False,True
37554,8,4,BANDEL JN.,NAIHATI JN.,20,22,True,False,False
37555,8,4,BANDEL JN.,NAIHATI JN.,22,1420,False,False,True
37556,8,4,BANDEL JN.,NAIHATI JN.,21,20,False,False,True
37557,8,4,BANDEL JN.,NAIHATI JN.,0,1418,False,False,True
37558,8,4,BANDEL JN.,NAIHATI JN.,23,19,False,False,True
37611,60,20,BAIDYABATI,UTTARPARA,12,1422,False,False,False
37612,60,15,ADI SAPTAGRA,TALANDU,9,1432,False,True,False
37614,60,20,BAIDYABATI,UTTARPARA,14,22,False,False,False
37651,81,18,ADI SAPTAGRA,UTTARPARA,9,1393,False,True,False
37652,81,18,ADI SAPTAGRA,UTTARPARA,11,53,False,True,False
37653,81,28,ADI SAPTAGRA,UTTARPARA,12,1390,False,False,False
37654,81,28,ADI SAPTAGRA,UTTARPARA,14,45,False,False,False
37655,81,28,ADI SAPTAGRA,UTTARPARA,13,1391,False,False,False
37656,81,28,ADI SAPTAGRA,UTTARPARA,15,52,False,False,False
37657,81,28,ADI SAPTAGRA,UTTARPARA,14,1393,False,False,False
37658,81,28,ADI SAPTAGRA,UTTARPARA,16,49,False,False,False
37711,21,6,ADI SAPTAGRA,TALANDU,8,5,False,True,False
37731,42,12,ADI SAPTAGRA,TALANDU,19,6,True,False,False
37732,42,12,ADI SAPTAGRA,TALANDU,22,1432,False,False,True
37741,104,27,AMBIKA KALNA,TRIBENI,3,1406,False,False,True
37742,104,25,AMBIKA KALNA,TRIBENI,5,35,False,True,False
37743,104,24,AMBIKA KALNA,TRIBENI,5,1406,False,True,False
37744,104,28,AMBIKA KALNA,BISNUPRIYA H,9,1411,False,True,False
37745,104,26,AMBIKA KALNA,BISNUPRIYA H,6,31,False,True,False
37746,104,27,AMBIKA KALNA,BISNUPRIYA H,12,1411,False,False,False
37747,104,27,AMBIKA KALNA,BISNUPRIYA H,8,31,False,True,False
37748,104,28,AMBIKA KALNA,BISNUPRIYA H,14,1411,False,False,False
37750,104,28,AMBIKA KALNA,BISNUPRIYA H,18,1412,True,False,False
37751,104,28,AMBIKA KALNA,BISNUPRIYA H,15,30,False,False,False
37752,104,28,AMBIKA KALNA,BISNUPRIYA H,20,1411,True,False,False
37753,104,28,AMBIKA KALNA,BISNUPRIYA H,17,30,True,False,False
37754,104,25,AMBIKA KALNA,TRIBENI,21,35,False,False,True
37756,104,28,AMBIKA KALNA,BISNUPRIYA H,22,1411,False,False,True
37757,104,24,AMBIKA KALNA,TRIBENI,0,1406,False,False,True
37758,104,25,AMBIKA KALNA,TRIBENI,22,35,False,False,True
37781,67,18,ADI SAPTAGRA,TALANDU,3,6,False,False,True
37782,67,18,ADI SAPTAGRA,TALANDU,7,1432,False,True,False
37783,67,18,ADI SAPTAGRA,TALANDU,4,6,False,True,False
37784,67,18,ADI SAPTAGRA,TALANDU,22,1428,False,False,True
37785,67,18,ADI SAPTAGRA,TALANDU,5,6,False,True,False
37786,67,18,ADI SAPTAGRA,TALANDU,4,1424,False,True,False
37811,106,34,ADI SAPTAGRA,UTTARPARA,5,1391,False,True,False
37812,106,32,ADI SAPTAGRA,UTTARPARA,4,50,False,True,False
37813,106,34,ADI SAPTAGRA,UTTARPARA,6,1392,False,True,False
37814,106,34,ADI SAPTAGRA,UTTARPARA,5,54,False,True,False
37815,106,27,ADI SAPTAGRA,UTTARPARA,6,1395,False,True,False
37816,106,34,ADI SAPTAGRA,UTTARPARA,6,47,False,True,False
37817,106,34,ADI SAPTAGRA,UTTARPARA,7,1395,False,True,False
37818,106,34,ADI SAPTAGRA,UTTARPARA,6,53,False,True,False
37819,106,34,ADI SAPTAGRA,UTTARPARA,8,1392,False,True,False
37820,106,34,ADI SAPTAGRA,UTTARPARA,7,47,False,True,False
37821,106,34,ADI SAPTAGRA,UTTARPARA,9,1391,False,True,False
37822,106,3,BANDEL JN.,HOWRAH JN.,7,50,False,True,False
37823,106,34,ADI SAPTAGRA,UTTARPARA,10,1391,False,True,False
37824,106,28,ADI SAPTAGRA,TALANDU,8,1432,False,True,False
37825,106,34,ADI SAPTAGRA,UTTARPARA,11,1388,False,True,False
37826,106,22,ADI SAPTAGRA,TALANDU,8,1432,False,True,False
37827,106,34,ADI SAPTAGRA,UTTARPARA,12,1392,False,False,False
37828,106,27,ADI SAPTAGRA,TALANDU,9,1431,False,True,False
37829,106,34,ADI SAPTAGRA,UTTARPARA,13,1391,False,False,False
37830,106,27,ADI SAPTAGRA,TALANDU,9,1432,False,True,False
37831,106,30,ADI SAPTAGRA,UTTARPARA,15,1389,False,False,False
37832,106,34,ADI SAPTAGRA,UTTARPARA,11,52,False,True,False
37833,106,33,ADI SAPTAGRA,UTTARPARA,16,1383,False,False,False
37834,106,34,ADI SAPTAGRA,UTTARPARA,12,54,False,False,False
37835,106,21,ADI SAPTAGRA,TALANDU,16,6,False,False,False
37836,106,34,ADI SAPTAGRA,UTTARPARA,13,51,False,False,False
37837,106,27,ADI SAPTAGRA,TALANDU,16,6,False,False,False
37838,106,34,ADI SAPTAGRA,UTTARPARA,14,55,False,False,False
37839,106,29,ADI SAPTAGRA,UTTARPARA,17,1392,True,False,False
37840,106,34,ADI SAPTAGRA,UTTARPARA,16,52,False,False,False
37841,106,22,ADI SAPTAGRA,TALANDU,18,6,True,False,False
37842,106,34,ADI SAPTAGRA,UTTARPARA,17,63,True,False,False
37843,106,3,BANDEL JN.,HOWRAH JN.,18,1391,True,False,False
37844,106,22,ADI SAPTAGRA,TALANDU,18,1432,True,False,False
37845,106,30,ADI SAPTAGRA,TALANDU,19,6,True,False,False
37846,106,33,ADI SAPTAGRA,UTTARPARA,18,55,True,False,False
37847,106,27,ADI SAPTAGRA,TALANDU,19,6,True,False,False
37848,106,34,ADI SAPTAGRA,UTTARPARA,19,53,True,False,False
37849,106,11,BANDEL JN.,SHRIRAMPUR,19,1410,True,False,False
37850,106,34,ADI SAPTAGRA,UTTARPARA,19,48,True,False,False
37851,106,34,ADI SAPTAGRA,UTTARPARA,20,1392,True,False,False
37852,106,34,ADI SAPTAGRA,UTTARPARA,20,52,True,False,False
37853,106,30,ADI SAPTAGRA,UTTARPARA,21,1380,False,False,True
37854,106,34,ADI SAPTAGRA,UTTARPARA,21,53,False,False,True
37855,106,34,ADI SAPTAGRA,UTTARPARA,21,1390,False,False,True
37857,106,34,ADI SAPTAGRA,UTTARPARA,23,1393,False,False,True
37911,143,44,AMBIKA KALNA,BISNUPRIYA H,7,30,False,True,False
37912,144,41,AMBIKA KALNA,UTTARPARA,4,101,False,True,False
37913,143,44,AMBIKA KALNA,BISNUPRIYA H,9,29,False,True,False
37914,144,29,AMBIKA KALNA,BISNUPRIYA H,6,1411,False,True,False
37915,144,30,AMBIKA KALNA,BISNUPRIYA H,11,30,False,True,False
37916,144,31,AMBIKA KALNA,BISNUPRIYA H,7,1410,False,True,False
37917,143,44,AMBIKA KALNA,BISNUPRIYA H,13,29,False,False,False
37918,144,44,AMBIKA KALNA,BISNUPRIYA H,8,1410,False,True,False
37919,144,33,AMBIKA KALNA,BISNUPRIYA H,16,29,False,False,False
37920,144,30,AMBIKA KALNA,BISNUPRIYA H,8,1411,False,True,False
37921,143,39,AMBIKA KALNA,BISNUPRIYA H,18,31,True,False,False
37922,144,44,AMBIKA KALNA,BISNUPRIYA H,11,1407,False,True,False
37923,144,31,AMBIKA KALNA,BISNUPRIYA H,19,31,True,False,False
37924,144,30,AMBIKA KALNA,BISNUPRIYA H,15,1411,False,False,False
37925,144,29,AMBIKA KALNA,BISNUPRIYA H,21,30,False,False,True
37926,144,44,AMBIKA KALNA,BISNUPRIYA H,16,1410,False,False,False
37927,143,41,AMBIKA KALNA,UTTARPARA,22,1347,False,False,True
37928,144,40,AMBIKA KALNA,BISNUPRIYA H,20,1411,True,False,False
38031,5,3,PADMAPUKUR,SANTRAGACHI,8,10,False,True,False
38032,5,3,PADMAPUKUR,SANTRAGACHI,9,1434,False,True,False
38033,5,3,PADMAPUKUR,SANTRAGACHI,17,10,True,False,False
38034,5,3,PADMAPUKUR,SANTRAGACHI,15,1434,False,False,False
38036,5,3,PADMAPUKUR,SANTRAGACHI,18,1434,True,False,False
38051,140,38,ABADA,ULUBARIA,6,19,False,True,False
38052,139,26,ANDUL,ULUBARIA,8,1412,False,True,False
38053,136,21,ANDUL,ULUBARIA,9,18,False,True,False
38054,68,14,BANDAR PH,TAMLUK,10,54,False,True,False
38055,68,14,BANDAR PH,TAMLUK,16,1380,False,False,False
38056,137,20,ANDUL,ULUBARIA,17,1413,True,False,False
38057,140,34,ANDUL,ULUBARIA,18,26,True,False,False
38058,139,26,ANDUL,ULUBARIA,20,1413,True,False,False
38101,24,9,ABADA,ULUBARIA,5,25,False,True,False
38102,24,9,ABADA,ULUBARIA,7,1420,False,True,False
38103,32,13,ANDUL,ULUBARIA,7,34,False,True,False
38104,32,13,ABADA,ULUBARIA,8,1419,False,True,False
38105,32,14,ABADA,ULUBARIA,9,31,False,True,False
38106,32,13,ABADA,ULUBARIA,10,1419,False,True,False
38107,24,9,ABADA,ULUBARIA,16,27,False,False,False
38108,32,13,ABADA,ULUBARIA,18,1419,True,False,False
38202,45,16,ABADA,ULUBARIA,8,1419,False,True,False
38204,45,16,ABADA,ULUBARIA,8,1419,False,True,False
38206,37,12,ABADA,ULUBARIA,19,1419,True,False,False
38301,50,17,ABADA,ULUBARIA,6,19,False,True,False
38302,58,20,ABADA,ULUBARIA,3,1419,False,False,True
38303,58,21,ABADA,ULUBARIA,8,20,False,True,False
38304,58,20,ABADA,ULUBARIA,4,1419,False,True,False
38305,56,18,ABADA,ULUBARIA,11,21,False,True,False
38306,58,20,ABADA,ULUBARIA,5,1419,False,True,False
38307,58,20,ABADA,ULUBARIA,13,19,False,False,False
38308,58,20,ABADA,ULUBARIA,7,1419,False,True,False
38310,55,18,ABADA,ULUBARIA,7,1420,False,True,False
38312,58,20,ABADA,ULUBARIA,10,1419,False,True,False
38314,58,20,ABADA,ULUBARIA,14,1419,False,False,False
38316,50,16,ABADA,ULUBARIA,15,1419,False,False,False
38318,58,20,ABADA,ULUBARIA,15,1419,False,False,False
38321,58,20,ABADA,ULUBARIA,23,22,False,False,True
38401,71,25,ABADA,ULUBARIA,5,19,False,True,False
38402,70,24,ABADA,ULUBARIA,4,1419,False,True,False
38403,71,25,ABADA,ULUBARIA,6,19,False,True,False
38404,70,24,ABADA,ULUBARIA,4,1419,False,True,False
38405,71,25,ABADA,ULUBARIA,7,19,False,True,False
38406,70,24,ABADA,ULUBARIA,5,1419,False,True,False
38407,63,21,ABADA,ULUBARIA,8,22,False,True,False
38408,70,24,ABADA,ULUBARIA,5,1419,False,True,False
38409,71,25,ABADA,ULUBARIA,8,21,False,True,False
38410,70,24,ABADA,ULUBARIA,6,1419,False,True,False
38411,71,24,ANDUL,ULUBARIA,8,26,False,True,False
38412,70,24,ABADA,ULUBARIA,6,1420,False,True,False
38413,71,25,ABADA,ULUBARIA,9,19,False,True,False
38414,70,24,ABADA,ULUBARIA,7,1419,False,True,False
38416,70,24,ABADA,ULUBARIA,8,1420,False,True,False
38419,71,25,ABADA,ULUBARIA,10,22,False,True,False
38421,71,24,ABADA,ULUBARIA,11,18,False,True,False
38423,71,24,ABADA,ULUBARIA,13,19,False,False,False
38425,71,24,ABADA,ULUBARIA,14,19,False,False,False
38427,71,23,ANDUL,ULUBARIA,15,25,False,False,False
38431,71,24,ABADA,ULUBARIA,16,19,False,False,False
38433,71,23,ANDUL,ULUBARIA,16,25,False,False,False
38437,71,24,ABADA,ULUBARIA,18,19,True,False,False
38447,71,24,ABADA,ULUBARIA,20,19,True,False,False
38449,71,24,ABADA,ULUBARIA,20,19,True,False,False
38451,71,24,ABADA,ULUBARIA,21,19,False,False,True
38452,70,24,ABADA,ULUBARIA,20,1419,True,False,False
38453,71,24,ABADA,ULUBARIA,23,19,False,False,True
38454,70,24,ABADA,ULUBARIA,21,1420,False,False,True
38455,71,24,ABADA,ULUBARIA,0,20,False,False,True
38456,70,24,ABADA,ULUBARIA,22,1419,False,False,True
38501,90,29,ABADA,ULUBARIA,12,18,False,False,False
38502,91,29,ABADA,ULUBARIA,15,1419,False,False,False
38601,54,20,ABADA,ULUBARIA,10,21,False,True,False
38602,54,19,ABADA,ULUBARIA,11,1419,False,True,False
38701,115,17,ANDUL,ULUBARIA,3,17,False,False,True
38702,115,33,ABADA,ULUBARIA,4,1420,False,True,False
38703,115,34,ABADA,ULUBARIA,4,19,False,True,False
38704,115,33,ABADA,ULUBARIA,5,1420,False,True,False
38705,115,33,ANDUL,ULUBARIA,5,25,False,True,False
38706,115,32,ABADA,ULUBARIA,7,1419,False,True,False
38707,115,34,ABADA,ULUBARIA,7,18,False,True,False
38708,115,33,ABADA,ULUBARIA,8,1420,False,True,False
38709,107,29,ABADA,ULUBARIA,11,19,False,True,False
38710,115,33,ABADA,ULUBARIA,9,1420,False,True,False
38711,115,32,ABADA,ULUBARIA,11,19,False,True,False
38713,115,33,ABADA,ULUBARIA,12,21,False,False,False
38719,115,33,ABADA,ULUBARIA,14,22,False,False,False
38726,115,33,ABADA,ULUBARIA,19,1415,True,False,False
38728,115,31,ABADA,ULUBARIA,20,1417,True,False,False
38730,115,27,ANDUL,ULUBARIA,22,1415,False,False,True
38801,128,30,ANDUL,ULUBARIA,3,23,False,False,True
38802,128,36,ABADA,ULUBARIA,6,1420,False,True,False
38803,128,36,ABADA,ULUBARIA,5,18,False,True,False
38804,128,34,ANDUL,ULUBARIA,8,1412,False,True,False
38805,128,37,ABADA,ULUBARIA,6,20,False,True,False
38806,128,14,BALICHAK,ULUBARIA,6,59,False,True,False
38807,128,37,ABADA,ULUBARIA,7,18,False,True,False
38808,128,26,ANDUL,ULUBARIA,8,1420,False,True,False
38809,128,37,ABADA,ULUBARIA,8,18,False,True,False
38810,128,36,ABADA,ULUBARIA,10,1418,False,True,False
38811,128,37,ABADA,ULUBARIA,9,18,False,True,False
38812,128,36,ABADA,ULUBARIA,11,1418,False,True,False
38813,128,36,ABADA,ULUBARIA,10,21,False,True,False
38814,128,36,ABADA,ULUBARIA,13,1417,False,False,False
38815,128,34,ANDUL,ULUBARIA,10,25,False,True,False
38816,128,33,ABADA,ULUBARIA,14,1419,False,False,False
38817,128,33,ANDUL,ULUBARIA,12,25,False,False,False
38818,128,36,ABADA,ULUBARIA,15,1419,False,False,False
38819,128,35,ABADA,ULUBARIA,14,19,False,False,False
38820,128,36,ABADA,ULUBARIA,16,1420,False,False,False
38821,128,19,BALICHAK,ULUBARIA,17,1376,True,False,False
38822,128,33,ANDUL,ULUBARIA,18,1412,True,False,False
38823,128,24,BALICHAK,ULUBARIA,19,1374,True,False,False
38824,128,29,ANDUL,ULUBARIA,18,1414,True,False,False
38825,129,13,BALICHAK,ULUBARIA,19,1384,True,False,False
38826,128,36,ABADA,ULUBARIA,20,1416,True,False,False
38827,128,24,ANDUL,ULUBARIA,18,20,True,False,False
38828,128,36,ABADA,ULUBARIA,21,1419,False,False,True
38829,128,26,ANDUL,ULUBARIA,19,24,True,False,False
38830,128,36,ABADA,ULUBARIA,23,1420,False,False,True
38831,128,34,ABADA,ULUBARIA,20,21,True,False,False
38832,12,4,GOKULPUR,MIDNAPORE,22,1430,False,False,True
38902,44,17,AMTA,SANTRAGACHI,4,75,False,True,False
38905,51,21,AMTA,TIKIAPARA,7,1349,False,True,False
38908,49,21,AMTA,TIKIAPARA,8,78,False,True,False
38909,51,21,AMTA,TIKIAPARA,12,1349,False,False,False
38923,51,21,AMTA,TIKIAPARA,23,1353,False,False,True
38924,49,21,AMTA,TIKIAPARA,21,75,False,False,True
40001,29,18,CHROMEPET,TIRUSULAM,5,1433,False,True,False
40002,29,18,CHROMEPET,TIRUSULAM,4,5,False,True,False
40003,29,18,CHROMEPET,TIRUSULAM,7,1433,False,True,False
40004,29,18,CHROMEPET,TIRUSULAM,4,5,False,True,False
40005,29,6,KODAMBAKKAM,TAMBARAM,7,37,False,True,False
40006,29,18,CHROMEPET,TIRUSULAM,4,5,False,True,False
40007,29,18,CHROMEPET,TIRUSULAM,8,1433,False,True,False
40008,29,18,CHROMEPET,TIRUSULAM,5,5,False,True,False
40009,29,18,CHROMEPET,TIRUSULAM,8,1433,False,True,False
40010,29,18,CHROMEPET,TIRUSULAM,6,5,False,True,False
40011,29,18,CHROMEPET,TIRUSULAM,8,1433,False,True,False
40012,29,18,CHROMEPET,TIRUSULAM,6,5,False,True,False
40013,29,18,CHROMEPET,TIRUSULAM,8,1433,False,True,False
40014,29,18,CHROMEPET,TIRUSULAM,6,5,False,True,False
40015,29,18,CHROMEPET,TIRUSULAM,8,1433,False,True,False
40016,29,18,CHROMEPET,TIRUSULAM,6,5,False,True,False
40017,29,18,CHROMEPET,TIRUSULAM,8,1433,False,True,False
40018,29,18,CHROMEPET,TIRUSULAM,6,5,False,True,False
40019,23,15,GUINDY,TIRUSULAM,8,10,False,True,False
40020,29,18,CHROMEPET,TIRUSULAM,7,5,False,True,False
40021,17,3,MAMBALAM,ST. THOMAS M,8,9,False,True,False
40022,29,18,CHROMEPET,TIRUSULAM,7,5,False,True,False
40023,29,18,CHROMEPET,TIRUSULAM,9,1433,False,True,False
40025,29,18,CHROMEPET,TIRUSULAM,9,1433,False,True,False
40026,29,18,CHROMEPET,TIRUSULAM,7,5,False,True,False
40027,29,18,CHROMEPET,TIRUSULAM,9,1433,False,True,False
40028,29,18,CHROMEPET,TIRUSULAM,8,5,False,True,False
40029,29,18,CHROMEPET,TIRUSULAM,9,1433,False,True,False
40030,29,18,CHROMEPET,TIRUSULAM,8,5,False,True,False
40031,29,18,CHROMEPET,TIRUSULAM,9,1433,False,True,False
40032,29,18,CHROMEPET,TIRUSULAM,8,5,False,True,False
40033,29,18,CHROMEPET,TIRUSULAM,10,1433,False,True,False
40034,29,18,CHROMEPET,TIRUSULAM,8,5,False,True,False
40035,29,18,CHROMEPET,TIRUSULAM,10,1433,False,True,False
40036,29,18,CHROMEPET,TIRUSULAM,8,5,False,True,False
40037,29,18,CHROMEPET,TIRUSULAM,10,1433,False,True,False
40038,29,18,CHROMEPET,TIRUSULAM,8,5,False,True,False
40039,29,18,CHROMEPET,TIRUSULAM,10,1433,False,True,False
40040,29,18,CHROMEPET,TIRUSULAM,8,5,False,True,False
40041,29,18,CHROMEPET,TIRUSULAM,10,1433,False,True,False
40042,17,2,CHENNAI BEAC,ST. THOMAS M,9,1405,False,True,False
40043,29,18,CHROMEPET,TIRUSULAM,10,1433,False,True,False
40044,23,2,CHENNAI BEAC,PALLAVARAM,9,1396,False,True,False
40045,29,18,CHROMEPET,TIRUSULAM,10,1433,False,True,False
40046,29,18,CHROMEPET,TIRUSULAM,9,5,False,True,False
40047,29,18,CHROMEPET,TIRUSULAM,11,1433,False,True,False
40048,29,18,CHROMEPET,TIRUSULAM,9,5,False,True,False
40049,29,18,CHROMEPET,TIRUSULAM,11,1433,False,True,False
40050,29,18,CHROMEPET,TIRUSULAM,9,5,False,True,False
40051,29,18,CHROMEPET,TIRUSULAM,11,1433,False,True,False
40052,29,2,CHENNAI BEAC,TAMBARAM,10,1385,False,True,False
40053,29,18,CHROMEPET,TIRUSULAM,11,1433,False,True,False
40054,29,18,CHROMEPET,TIRUSULAM,9,5,False,True,False
40055,29,18,CHROMEPET,TIRUSULAM,11,1433,False,True,False
40056,29,18,CHROMEPET,TIRUSULAM,10,5,False,True,False
40057,29,18,CHROMEPET,TIRUSULAM,11,1433,False,True,False
40058,29,18,CHROMEPET,TIRUSULAM,10,5,False,True,False
40059,29,18,CHROMEPET,TIRUSULAM,11,1433,False,True,False
40060,29,18,CHROMEPET,TIRUSULAM,10,5,False,True,False
40061,29,18,CHROMEPET,TIRUSULAM,11,1433,False,True,False
40062,29,18,CHROMEPET,TIRUSULAM,10,5,False,True,False
40063,29,18,CHROMEPET,TIRUSULAM,12,1433,False,False,False
40064,29,18,CHROMEPET,TIRUSULAM,10,5,False,True,False
40065,29,18,CHROMEPET,TIRUSULAM,12,1433,False,False,False
40066,29,18,CHROMEPET,TIRUSULAM,11,5,False,True,False
40067,29,18,CHROMEPET,TIRUSULAM,12,1433,False,False,False
40068,29,18,CHROMEPET,TIRUSULAM,11,5,False,True,False
40069,29,18,CHROMEPET,TIRUSULAM,12,1433,False,False,False
40070,29,18,CHROMEPET,TIRUSULAM,11,5,False,True,False
40071,29,18,CHROMEPET,TIRUSULAM,12,1433,False,False,False
40072,29,18,CHROMEPET,TIRUSULAM,12,5,False,False,False
40073,29,18,CHROMEPET,TIRUSULAM,13,1433,False,False,False
40074,29,2,CHENNAI BEAC,TAMBARAM,13,1385,False,False,False
40075,29,18,CHROMEPET,TIRUSULAM,13,1433,False,False,False
40076,29,2,CHENNAI BEAC,TAMBARAM,13,1385,False,False,False
40077,29,18,CHROMEPET,TIRUSULAM,13,1433,False,False,False
40078,29,2,CHENNAI BEAC,TAMBARAM,14,1385,False,False,False
40079,29,18,CHROMEPET,TIRUSULAM,14,1433,False,False,False
40080,29,2,CHENNAI BEAC,TAMBARAM,14,1385,False,False,False
40081,29,18,CHROMEPET,TIRUSULAM,14,1433,False,False,False
40082,29,2,CHENNAI BEAC,TAMBARAM,14,1385,False,False,False
40083,29,18,CHROMEPET,TIRUSULAM,15,1433,False,False,False
40084,29,2,CHENNAI BEAC,TAMBARAM,15,1385,False,False,False
40085,29,18,CHROMEPET,TIRUSULAM,15,1433,False,False,False
40086,29,2,CHENNAI BEAC,TAMBARAM,15,1385,False,False,False
40087,29,18,CHROMEPET,TIRUSULAM,15,1433,False,False,False
40088,29,2,CHENNAI BEAC,TAMBARAM,15,1385,False,False,False
40089,29,18,CHROMEPET,TIRUSULAM,15,1433,False,False,False
40090,29,2,CHENNAI BEAC,TAMBARAM,15,1385,False,False,False
40091,29,18,CHROMEPET,TIRUSULAM,16,1433,False,False,False
40092,29,2,CHENNAI BEAC,TAMBARAM,16,1385,False,False,False
40093,29,18,CHROMEPET,TIRUSULAM,16,1433,False,False,False
40094,29,2,CHENNAI BEAC,TAMBARAM,16,1385,False,False,False
40095,29,18,CHROMEPET,TIRUSULAM,16,1433,False,False,False
40096,29,2,CHENNAI BEAC,TAMBARAM,16,1385,False,False,False
40097,29,18,CHROMEPET,TIRUSULAM,17,1433,True,False,False
40098,29,2,CHENNAI BEAC,TAMBARAM,16,1385,False,False,False
40099,29,18,CHROMEPET,TIRUSULAM,17,1433,True,False,False
40100,29,2,CHENNAI BEAC,TAMBARAM,16,1385,False,False,False
40101,29,18,CHROMEPET,TIRUSULAM,17,1433,True,False,False
40102,29,2,CHENNAI BEAC,TAMBARAM,17,1385,True,False,False
40103,29,18,CHROMEPET,TIRUSULAM,17,1433,True,False,False
40104,29,2,CHENNAI BEAC,TAMBARAM,17,1385,True,False,False
40105,29,18,CHROMEPET,TIRUSULAM,18,1433,True,False,False
40106,29,2,CHENNAI BEAC,TAMBARAM,17,1385,True,False,False
40107,29,18,CHROMEPET,TIRUSULAM,18,1433,True,False,False
40108,29,2,CHENNAI BEAC,TAMBARAM,17,1385,True,False,False
40109,29,18,CHROMEPET,TIRUSULAM,18,1433,True,False,False
40110,29,2,CHENNAI BEAC,TAMBARAM,17,1385,True,False,False
40111,29,18,CHROMEPET,TIRUSULAM,18,1433,True,False,False
40112,29,2,CHENNAI BEAC,TAMBARAM,17,1385,True,False,False
40113,29,18,CHROMEPET,TIRUSULAM,19,1433,True,False,False
40114,29,2,CHENNAI BEAC,TAMBARAM,17,1385,True,False,False
40115,29,18,CHROMEPET,TIRUSULAM,19,1433,True,False,False
40116,29,2,CHENNAI BEAC,TAMBARAM,18,1385,True,False,False
40117,29,18,CHROMEPET,TIRUSULAM,19,1433,True,False,False
40118,29,2,CHENNAI BEAC,TAMBARAM,18,1385,True,False,False
40119,29,18,CHROMEPET,TIRUSULAM,19,1433,True,False,False
40120,29,2,CHENNAI BEAC,TAMBARAM,18,1385,True,False,False
40121,29,18,CHROMEPET,TIRUSULAM,19,1433,True,False,False
40122,29,2,CHENNAI BEAC,TAMBARAM,18,1385,True,False,False
40123,29,18,CHROMEPET,TIRUSULAM,19,1433,True,False,False
40124,29,2,CHENNAI BEAC,TAMBARAM,18,1385,True,False,False
40125,29,18,CHROMEPET,TIRUSULAM,20,1433,True,False,False
40126,29,2,CHENNAI BEAC,TAMBARAM,18,1385,True,False,False
40127,29,18,CHROMEPET,TIRUSULAM,20,1433,True,False,False
40128,29,2,CHENNAI BEAC,TAMBARAM,19,1385,True,False,False
40129,29,18,CHROMEPET,TIRUSULAM,20,1433,True,False,False
40130,29,2,CHENNAI BEAC,TAMBARAM,19,1385,True,False,False
40131,29,18,CHROMEPET,TIRUSULAM,20,1433,True,False,False
40132,29,2,CHENNAI BEAC,TAMBARAM,19,1385,True,False,False
40133,29,18,CHROMEPET,TIRUSULAM,20,1433,True,False,False
40134,29,2,CHENNAI BEAC,TAMBARAM,19,1385,True,False,False
40135,29,18,CHROMEPET,TIRUSULAM,21,1433,False,False,True
40136,29,2,CHENNAI BEAC,TAMBARAM,19,1385,True,False,False
40137,29,18,CHROMEPET,TIRUSULAM,21,1433,False,False,True
40138,29,6,KODAMBAKKAM,TAMBARAM,19,1408,True,False,False
40139,29,18,CHROMEPET,TIRUSULAM,21,1433,False,False,True
40140,29,6,KODAMBAKKAM,TAMBARAM,19,1408,True,False,False
40141,29,18,CHROMEPET,TIRUSULAM,21,1433,False,False,True
40142,29,6,KODAMBAKKAM,TAMBARAM,20,1406,True,False,False
40143,29,18,CHROMEPET,TIRUSULAM,21,1433,False,False,True
40144,29,2,CHENNAI BEAC,TAMBARAM,20,1385,True,False,False
40145,29,18,CHROMEPET,TIRUSULAM,22,1433,False,False,True
40146,29,2,CHENNAI BEAC,TAMBARAM,21,1385,False,False,True
40147,29,18,CHROMEPET,TIRUSULAM,22,1433,False,False,True
40148,29,2,CHENNAI BEAC,TAMBARAM,21,1385,False,False,True
40150,29,2,CHENNAI BEAC,TAMBARAM,22,1385,False,False,True
40151,29,18,CHROMEPET,TIRUSULAM,23,1433,False,False,True
40152,29,6,KODAMBAKKAM,TAMBARAM,22,1408,False,False,True
40153,29,18,CHROMEPET,TIRUSULAM,23,1433,False,False,True
40154,29,2,CHENNAI BEAC,TAMBARAM,23,1385,False,False,True
40155,29,18,CHROMEPET,TIRUSULAM,0,1433,False,False,True
40156,29,2,CHENNAI BEAC,TAMBARAM,23,1385,False,False,True
40157,29,18,CHROMEPET,TIRUSULAM,0,1433,False,False,True
40158,29,2,CHENNAI BEAC,TAMBARAM,0,1385,False,False,True
40301,29,18,CHROMEPET,TIRUSULAM,4,1433,False,True,False
40302,29,2,CHENNAI BEAC,TAMBARAM,4,1385,False,True,False
40303,29,18,CHROMEPET,TIRUSULAM,6,1433,False,True,False
40304,29,2,CHENNAI BEAC,TAMBARAM,5,1385,False,True,False
40305,29,18,CHROMEPET,TIRUSULAM,6,1433,False,True,False
40306,29,2,CHENNAI BEAC,TAMBARAM,5,1385,False,True,False
40307,29,18,CHROMEPET,TIRUSULAM,7,1433,False,True,False
40308,29,2,CHENNAI BEAC,TAMBARAM,6,1385,False,True,False
40309,29,18,CHROMEPET,TIRUSULAM,7,1433,False,True,False
40310,29,2,CHENNAI BEAC,TAMBARAM,6,1385,False,True,False
40311,29,18,CHROMEPET,TIRUSULAM,8,1433,False,True,False
40312,29,6,KODAMBAKKAM,TAMBARAM,7,1408,False,True,False
40313,29,18,CHROMEPET,TIRUSULAM,8,1433,False,True,False
40314,29,2,CHENNAI BEAC,TAMBARAM,7,1385,False,True,False
40315,29,18,CHROMEPET,TIRUSULAM,8,1433,False,True,False
40316,29,2,CHENNAI BEAC,TAMBARAM,8,1385,False,True,False
40317,29,18,CHROMEPET,TIRUSULAM,8,1433,False,True,False
40318,29,2,CHENNAI BEAC,TAMBARAM,9,1385,False,True,False
40319,29,18,CHROMEPET,TIRUSULAM,9,1433,False,True,False
40320,29,2,CHENNAI BEAC,TAMBARAM,9,1385,False,True,False
40321,29,18,CHROMEPET,TIRUSULAM,9,1433,False,True,False
40322,29,2,CHENNAI BEAC,TAMBARAM,10,1385,False,True,False
40323,29,18,CHROMEPET,TIRUSULAM,9,1433,False,True,False
40324,29,6,KODAMBAKKAM,TAMBARAM,10,1408,False,True,False
40325,29,18,CHROMEPET,TIRUSULAM,10,1433,False,True,False
40326,29,2,CHENNAI BEAC,TAMBARAM,10,1385,False,True,False
40327,29,18,CHROMEPET,TIRUSULAM,10,1433,False,True,False
40328,29,2,CHENNAI BEAC,TAMBARAM,10,1385,False,True,False
40329,29,18,CHROMEPET,TIRUSULAM,10,1433,False,True,False
40330,29,2,CHENNAI BEAC,TAMBARAM,11,1385,False,True,False
40331,29,18,CHROMEPET,TIRUSULAM,11,1433,False,True,False
40332,29,2,CHENNAI BEAC,TAMBARAM,11,1385,False,True,False
40333,29,18,CHROMEPET,TIRUSULAM,11,1433,False,True,False
40334,29,2,CHENNAI BEAC,TAMBARAM,11,1385,False,True,False
40335,29,18,CHROMEPET,TIRUSULAM,11,1433,False,True,False
40336,29,2,CHENNAI BEAC,TAMBARAM,11,1385,False,True,False
40337,29,18,CHROMEPET,TIRUSULAM,11,1433,False,True,False
40338,29,2,CHENNAI BEAC,TAMBARAM,11,1385,False,True,False
40339,29,18,CHROMEPET,TIRUSULAM,11,1433,False,True,False
40340,29,2,CHENNAI BEAC,TAMBARAM,12,1385,False,False,False
40341,29,18,CHROMEPET,TIRUSULAM,11,1433,False,True,False
40342,29,2,CHENNAI BEAC,TAMBARAM,12,1385,False,False,False
40343,29,18,CHROMEPET,TIRUSULAM,12,1433,False,False,False
40344,29,6,KODAMBAKKAM,TAMBARAM,12,1408,False,False,False
40345,29,18,CHROMEPET,TIRUSULAM,12,1433,False,False,False
40346,29,2,CHENNAI BEAC,TAMBARAM,12,1385,False,False,False
40347,29,18,CHROMEPET,TIRUSULAM,12,1433,False,False,False
40348,29,2,CHENNAI BEAC,TAMBARAM,12,1385,False,False,False
40349,29,18,CHROMEPET,TIRUSULAM,12,1433,False,False,False
40350,29,2,CHENNAI BEAC,TAMBARAM,13,1385,False,False,False
40351,29,18,CHROMEPET,TIRUSULAM,12,1433,False,False,False
40352,29,2,CHENNAI BEAC,TAMBARAM,13,1385,False,False,False
40353,29,18,CHROMEPET,TIRUSULAM,13,1433,False,False,False
40354,29,2,CHENNAI BEAC,TAMBARAM,13,1385,False,False,False
40355,29,18,CHROMEPET,TIRUSULAM,13,1433,False,False,False
40356,29,2,CHENNAI BEAC,TAMBARAM,14,1385,False,False,False
40357,29,18,CHROMEPET,TIRUSULAM,13,1433,False,False,False
40358,29,2,CHENNAI BEAC,TAMBARAM,14,1385,False,False,False
40359,29,18,CHROMEPET,TIRUSULAM,13,1433,False,False,False
40360,29,2,CHENNAI BEAC,TAMBARAM,14,1385,False,False,False
40361,29,18,CHROMEPET,TIRUSULAM,14,1433,False,False,False
40362,29,2,CHENNAI BEAC,TAMBARAM,15,1385,False,False,False
40363,29,18,CHROMEPET,TIRUSULAM,15,1433,False,False,False
40364,29,2,CHENNAI BEAC,TAMBARAM,15,1385,False,False,False
40365,29,18,CHROMEPET,TIRUSULAM,15,1433,False,False,False
40366,29,2,CHENNAI BEAC,TAMBARAM,15,1385,False,False,False
40367,29,18,CHROMEPET,TIRUSULAM,15,1433,False,False,False
40368,29,2,CHENNAI BEAC,TAMBARAM,16,1385,False,False,False
40369,29,18,CHROMEPET,TIRUSULAM,16,1433,False,False,False
40370,29,2,CHENNAI BEAC,TAMBARAM,16,1385,False,False,False
40371,29,18,CHROMEPET,TIRUSULAM,16,1433,False,False,False
40372,29,6,KODAMBAKKAM,TAMBARAM,16,1408,False,False,False
40373,29,18,CHROMEPET,TIRUSULAM,16,1433,False,False,False
40374,29,2,CHENNAI BEAC,TAMBARAM,17,1385,True,False,False
40375,29,18,CHROMEPET,TIRUSULAM,17,1433,True,False,False
40376,29,2,CHENNAI BEAC,TAMBARAM,17,1385,True,False,False
40377,29,18,CHROMEPET,TIRUSULAM,17,1433,True,False,False
40378,29,2,CHENNAI BEAC,TAMBARAM,17,1385,True,False,False
40379,29,18,CHROMEPET,TIRUSULAM,17,1433,True,False,False
40380,29,2,CHENNAI BEAC,TAMBARAM,17,1385,True,False,False
40381,29,18,CHROMEPET,TIRUSULAM,17,1433,True,False,False
40382,29,2,CHENNAI BEAC,TAMBARAM,17,1385,True,False,False
40383,29,18,CHROMEPET,TIRUSULAM,17,1433,True,False,False
40384,29,2,CHENNAI BEAC,TAMBARAM,18,1385,True,False,False
40385,29,18,CHROMEPET,TIRUSULAM,18,1433,True,False,False
40386,29,2,CHENNAI BEAC,TAMBARAM,18,1385,True,False,False
40387,29,18,CHROMEPET,TIRUSULAM,18,1433,True,False,False
40388,29,2,CHENNAI BEAC,TAMBARAM,18,1385,True,False,False
40389,29,18,CHROMEPET,TIRUSULAM,19,1433,True,False,False
40390,29,2,CHENNAI BEAC,TAMBARAM,18,1385,True,False,False
40391,29,18,CHROMEPET,TIRUSULAM,19,1433,True,False,False
40392,29,2,CHENNAI BEAC,TAMBARAM,19,1385,True,False,False
40393,29,18,CHROMEPET,TIRUSULAM,19,1433,True,False,False
40394,29,2,CHENNAI BEAC,TAMBARAM,19,1385,True,False,False
40395,29,18,CHROMEPET,TIRUSULAM,20,1433,True,False,False
40396,29,2,CHENNAI BEAC,TAMBARAM,19,1385,True,False,False
40397,29,18,CHROMEPET,TIRUSULAM,20,1433,True,False,False
40398,29,2,CHENNAI BEAC,TAMBARAM,19,1385,True,False,False
40399,29,18,CHROMEPET,TIRUSULAM,20,1433,True,False,False
40400,29,2,CHENNAI BEAC,TAMBARAM,20,1385,True,False,False
40401,29,18,CHROMEPET,TIRUSULAM,20,1433,True,False,False
40402,29,2,CHENNAI BEAC,TAMBARAM,20,1385,True,False,False
40403,29,18,CHROMEPET,TIRUSULAM,20,1433,True,False,False
40404,29,2,CHENNAI BEAC,TAMBARAM,20,1385,True,False,False
40405,29,18,CHROMEPET,TIRUSULAM,21,1433,False,False,True
40406,29,2,CHENNAI BEAC,TAMBARAM,20,1385,True,False,False
40407,29,18,CHROMEPET,TIRUSULAM,21,1433,False,False,True
40408,29,2,CHENNAI BEAC,TAMBARAM,20,1385,True,False,False
40409,29,18,CHROMEPET,TIRUSULAM,21,1433,False,False,True
40410,29,2,CHENNAI BEAC,TAMBARAM,21,1385,False,False,True
40411,29,18,CHROMEPET,TIRUSULAM,21,1433,False,False,True
40412,29,2,CHENNAI BEAC,TAMBARAM,21,1385,False,False,True
40413,29,18,CHROMEPET,TIRUSULAM,22,1433,False,False,True
40414,29,2,CHENNAI BEAC,TAMBARAM,21,1385,False,False,True
40415,29,18,CHROMEPET,TIRUSULAM,22,1433,False,False,True
40416,29,2,CHENNAI BEAC,TAMBARAM,21,1385,False,False,True
40417,29,18,CHROMEPET,TIRUSULAM,23,1433,False,False,True
40418,29,6,KODAMBAKKAM,TAMBARAM,22,1408,False,False,True
40419,29,18,CHROMEPET,TIRUSULAM,0,1433,False,False,True
40420,29,2,CHENNAI BEAC,TAMBARAM,23,1385,False,False,True
40421,29,18,CHROMEPET,TIRUSULAM,0,1433,False,False,True
40422,29,2,CHENNAI BEAC,TAMBARAM,0,1385,False,False,True
40501,59,2,CHENGALPATTU,CHENNAI BEAC,5,1340,False,True,False
40502,59,2,CHENGALPATTU,CHENNAI BEAC,3,115,False,False,True
40503,59,2,CHENGALPATTU,CHENNAI BEAC,6,1335,False,True,False
40504,59,6,CHENGALPATTU,VANDALUR,4,32,False,True,False
40505,59,2,CHENGALPATTU,CHENNAI BEAC,6,1335,False,True,False
40506,59,3,CHENGALPATTU,SINGAPERUMAL,4,10,False,True,False
40507,59,2,CHENGALPATTU,CHENNAI BEAC,7,1335,False,True,False
40508,59,3,CHENGALPATTU,TAMBARAM,5,45,False,True,False
40509,59,3,CHENGALPATTU,TAMBARAM,7,1394,False,True,False
40510,59,2,CHENGALPATTU,CHENNAI BEAC,5,110,False,True,False
40511,59,2,CHENGALPATTU,CHENNAI BEAC,7,1340,False,True,False
40512,59,3,CHENGALPATTU,TAMBARAM,6,45,False,True,False
40513,59,2,CHENGALPATTU,CHENNAI BEAC,8,1335,False,True,False
40514,59,3,CHENGALPATTU,TAMBARAM,7,43,False,True,False
40515,59,2,CHENGALPATTU,CHENNAI BEAC,8,1340,False,True,False
40516,59,2,CHENGALPATTU,CHENNAI BEAC,7,92,False,True,False
40517,59,2,CHENGALPATTU,CHENNAI BEAC,8,1340,False,True,False
40518,59,3,CHENGALPATTU,TAMBARAM,7,40,False,True,False
40519,59,3,CHENGALPATTU,TAMBARAM,9,1393,False,True,False
40520,59,2,CHENGALPATTU,CHENNAI BEAC,8,102,False,True,False
40522,59,2,CHENGALPATTU,CHENNAI BEAC,8,90,False,True,False
40523,59,2,CHENGALPATTU,CHENNAI BEAC,10,1336,False,True,False
40524,59,3,CHENGALPATTU,TAMBARAM,8,43,False,True,False
40525,59,3,CHENGALPATTU,TAMBARAM,11,1388,False,True,False
40526,59,3,CHENGALPATTU,TAMBARAM,8,41,False,True,False
40527,59,2,CHENGALPATTU,CHENNAI BEAC,12,1334,False,False,False
40528,59,2,CHENGALPATTU,CHENNAI BEAC,9,110,False,True,False
40529,59,3,CHENGALPATTU,TAMBARAM,12,1391,False,False,False
40531,59,3,CHENGALPATTU,TAMBARAM,13,1394,False,False,False
40532,59,11,CHENGALPATTU,VANDALUR,10,32,False,True,False
40533,59,3,CHENGALPATTU,TAMBARAM,14,1394,False,False,False
40534,59,7,CHENGALPATTU,TAMBARAM,11,43,False,True,False
40535,59,2,CHENGALPATTU,CHENNAI BEAC,15,1329,False,False,False
40536,59,2,CHENGALPATTU,CHENNAI BEAC,12,100,False,False,False
40538,59,2,CHENGALPATTU,CHENNAI BEAC,13,102,False,False,False
40539,59,3,CHENGALPATTU,TAMBARAM,15,1391,False,False,False
40540,59,2,CHENGALPATTU,CHENNAI BEAC,13,100,False,False,False
40541,59,2,CHENGALPATTU,CHENNAI BEAC,16,1333,False,False,False
40542,59,2,CHENGALPATTU,CHENNAI BEAC,14,105,False,False,False
40543,59,3,CHENGALPATTU,TAMBARAM,16,1391,False,False,False
40544,59,2,CHENGALPATTU,CHENNAI BEAC,15,100,False,False,False
40545,59,3,CHENGALPATTU,TAMBARAM,17,1389,True,False,False
40547,59,3,CHENGALPATTU,TAMBARAM,17,1394,True,False,False
40548,59,2,CHENGALPATTU,CHENNAI BEAC,15,102,False,False,False
40549,59,3,CHENGALPATTU,TAMBARAM,18,1381,True,False,False
40550,59,3,CHENGALPATTU,TAMBARAM,16,48,False,False,False
40551,59,11,CHENGALPATTU,VANDALUR,18,1392,True,False,False
40552,59,2,CHENGALPATTU,CHENNAI BEAC,17,101,True,False,False
40553,59,7,CHENGALPATTU,VANDALUR,19,1393,True,False,False
40554,59,2,CHENGALPATTU,CHENNAI BEAC,17,100,True,False,False
40555,59,3,CHENGALPATTU,TAMBARAM,19,1387,True,False,False
40556,59,3,CHENGALPATTU,TAMBARAM,18,45,True,False,False
40557,59,2,CHENGALPATTU,CHENNAI BEAC,19,1337,True,False,False
40558,59,9,CHENGALPATTU,VANDALUR,18,32,True,False,False
40559,59,3,CHENGALPATTU,TAMBARAM,20,1385,True,False,False
40560,59,11,CHENGALPATTU,VANDALUR,19,32,True,False,False
40561,59,3,CHENGALPATTU,TAMBARAM,20,1384,True,False,False
40562,59,3,CHENGALPATTU,TAMBARAM,19,42,True,False,False
40563,59,2,CHENGALPATTU,CHENNAI BEAC,21,1322,False,False,True
40564,59,2,CHENGALPATTU,CHENNAI BEAC,19,112,True,False,False
40565,59,3,CHENGALPATTU,TAMBARAM,21,1391,False,False,True
40566,59,2,CHENGALPATTU,CHENNAI BEAC,20,100,True,False,False
40567,59,3,CHENGALPATTU,TAMBARAM,22,1386,False,False,True
40568,59,10,CHENGALPATTU,VANDALUR,20,32,True,False,False
40569,59,7,CHENGALPATTU,VANDALUR,23,1402,False,False,True
40570,59,3,CHENGALPATTU,TAMBARAM,21,50,False,False,True
40571,59,3,CHENGALPATTU,TAMBARAM,23,1394,False,False,True
40572,59,2,CHENGALPATTU,CHENNAI BEAC,22,105,False,False,True
40573,59,3,CHENGALPATTU,TAMBARAM,0,1374,False,False,True
40574,59,3,CHENGALPATTU,TAMBARAM,23,43,False,False,True
40601,59,11,CHENGALPATTU,VANDALUR,5,1402,False,True,False
40602,59,3,CHENGALPATTU,TAMBARAM,3,50,False,False,True
40603,59,11,CHENGALPATTU,VANDALUR,6,1397,False,True,False
40604,59,11,CHENGALPATTU,VANDALUR,4,32,False,True,False
40605,59,11,CHENGALPATTU,VANDALUR,6,1397,False,True,False
40606,59,11,CHENGALPATTU,VANDALUR,4,32,False,True,False
40607,59,2,CHENGALPATTU,CHENNAI BEAC,7,1335,False,True,False
40608,59,3,CHENGALPATTU,TAMBARAM,5,40,False,True,False
40609,59,3,CHENGALPATTU,TAMBARAM,7,1393,False,True,False
40610,59,11,CHENGALPATTU,VANDALUR,5,32,False,True,False
40612,59,9,CHENGALPATTU,VANDALUR,6,32,False,True,False
40613,59,2,CHENGALPATTU,CHENNAI BEAC,8,1335,False,True,False
40614,59,2,CHENGALPATTU,CHENNAI BEAC,7,115,False,True,False
40615,59,11,CHENGALPATTU,VANDALUR,8,1402,False,True,False
40616,59,2,CHENGALPATTU,CHENNAI BEAC,7,115,False,True,False
40617,59,2,CHENGALPATTU,CHENNAI BEAC,9,1328,False,True,False
40618,59,11,CHENGALPATTU,VANDALUR,7,32,False,True,False
40619,59,2,CHENGALPATTU,CHENNAI BEAC,10,1340,False,True,False
40621,59,2,CHENGALPATTU,CHENNAI BEAC,11,1330,False,True,False
40622,59,2,CHENGALPATTU,CHENNAI BEAC,8,100,False,True,False
40623,59,2,CHENGALPATTU,CHENNAI BEAC,12,1335,False,False,False
40624,59,2,CHENGALPATTU,CHENNAI BEAC,8,100,False,True,False
40625,59,3,CHENGALPATTU,TAMBARAM,12,1390,False,False,False
40626,59,2,CHENGALPATTU,CHENNAI BEAC,9,105,False,True,False
40627,59,2,CHENGALPATTU,CHENNAI BEAC,13,1340,False,False,False
40628,59,11,CHENGALPATTU,VANDALUR,10,32,False,True,False
40629,59,2,CHENGALPATTU,CHENNAI BEAC,14,1340,False,False,False
40630,59,11,CHENGALPATTU,VANDALUR,11,32,False,True,False
40631,59,11,CHENGALPATTU,VANDALUR,15,1397,False,False,False
40632,59,2,CHENGALPATTU,CHENNAI BEAC,12,100,False,False,False
40633,59,2,CHENGALPATTU,CHENNAI BEAC,15,1335,False,False,False
40634,59,2,CHENGALPATTU,CHENNAI BEAC,13,100,False,False,False
40635,59,2,CHENGALPATTU,CHENNAI BEAC,16,1335,False,False,False
40636,59,4,CHENGALPATTU,TAMBARAM,13,45,False,False,False
40637,59,10,CHENGALPATTU,VANDALUR,16,1399,False,False,False
40638,59,2,CHENGALPATTU,CHENNAI BEAC,14,100,False,False,False
40639,59,2,CHENGALPATTU,CHENNAI BEAC,17,1340,True,False,False
40640,59,11,CHENGALPATTU,VANDALUR,15,32,False,False,False
40641,59,2,CHENGALPATTU,CHENNAI BEAC,17,1335,True,False,False
40642,59,2,CHENGALPATTU,CHENNAI BEAC,15,105,False,False,False
40643,59,11,CHENGALPATTU,VANDALUR,18,1392,True,False,False
40644,59,3,CHENGALPATTU,TAMBARAM,16,53,False,False,False
40645,59,11,CHENGALPATTU,VANDALUR,19,1393,True,False,False
40646,59,2,CHENGALPATTU,CHENNAI BEAC,17,105,True,False,False
40647,59,11,CHENGALPATTU,VANDALUR,19,1397,True,False,False
40648,59,2,CHENGALPATTU,CHENNAI BEAC,17,95,True,False,False
40649,59,3,CHENGALPATTU,TAMBARAM,20,1384,True,False,False
40650,59,3,CHENGALPATTU,TAMBARAM,18,53,True,False,False
40651,59,2,CHENGALPATTU,CHENNAI BEAC,20,1335,True,False,False
40652,59,2,CHENGALPATTU,CHENNAI BEAC,18,105,True,False,False
40653,59,2,CHENGALPATTU,CHENNAI BEAC,20,1340,True,False,False
40654,59,2,CHENGALPATTU,CHENNAI BEAC,19,100,True,False,False
40655,59,11,CHENGALPATTU,VANDALUR,21,1392,False,False,True
40656,59,3,CHENGALPATTU,TAMBARAM,19,53,True,False,False
40657,59,2,CHENGALPATTU,CHENNAI BEAC,21,1340,False,False,True
40658,59,2,CHENGALPATTU,CHENNAI BEAC,20,105,True,False,False
40659,59,2,CHENGALPATTU,CHENNAI BEAC,22,1332,False,False,True
40660,59,11,CHENGALPATTU,VANDALUR,20,32,True,False,False
40661,59,2,CHENGALPATTU,CHENNAI BEAC,23,1335,False,False,True
40662,59,3,CHENGALPATTU,TAMBARAM,21,48,False,False,True
40663,59,2,CHENGALPATTU,CHENNAI BEAC,23,1340,False,False,True
40664,59,2,CHENGALPATTU,CHENNAI BEAC,22,100,False,False,True
40665,59,11,CHENGALPATTU,VANDALUR,0,1387,False,False,True
40666,59,2,CHENGALPATTU,CHENNAI BEAC,23,100,False,False,True
40701,108,3,CHENGALPATTU,TIRUMALPUR,8,75,False,True,False
40702,108,4,CHENGALPATTU,TIRUMALPUR,6,1375,False,True,False
40704,108,4,CHENGALPATTU,TIRUMALPUR,8,1384,False,True,False
40705,108,15,CHENGALPATTU,WALAJABAD,15,27,False,False,False
40706,108,10,CHENGALPATTU,WALAJABAD,9,1401,False,True,False
40707,108,8,CHENGALPATTU,WALAJABAD,19,19,True,False,False
40708,108,8,CHENGALPATTU,TIRUMALPUR,11,1375,False,True,False
40709,108,5,CHENGALPATTU,TIRUMALPUR,21,75,False,False,True
40711,108,7,CHENGALPATTU,WALAJABAD,22,19,False,False,True
40712,108,12,CHENGALPATTU,VANDALUR,18,32,True,False,False
40751,108,4,CHENGALPATTU,TIRUMALPUR,8,84,False,True,False
40752,108,6,CHENGALPATTU,WALAJABAD,6,1405,False,True,False
40754,108,5,CHENGALPATTU,TIRUMALPUR,8,1375,False,True,False
40755,108,15,CHENGALPATTU,WALAJABAD,15,27,False,False,False
40756,108,8,CHENGALPATTU,TIRUMALPUR,9,1375,False,True,False
40757,108,14,CHENGALPATTU,WALAJABAD,19,19,True,False,False
40758,108,4,CHENGALPATTU,TIRUMALPUR,11,1375,False,True,False
40759,108,3,CHENGALPATTU,TIRUMALPUR,20,97,True,False,False
40761,108,2,CHENNAI BEAC,TIRUMALPUR,20,165,True,False,False
40762,108,4,CHENGALPATTU,TIRUMALPUR,18,1365,True,False,False
40801,95,3,CHENGALPATTU,CHENNAI BEAC,7,1335,False,True,False
40802,95,6,CHENGALPATTU,WALAJABAD,10,1399,False,True,False
40803,95,6,CHENGALPATTU,WALAJABAD,17,21,True,False,False
40804,95,14,CHENGALPATTU,WALAJABAD,20,1386,True,False,False
40901,48,10,CHENGALPATTU,WALAJABAD,5,27,False,True,False
40902,48,10,CHENGALPATTU,WALAJABAD,22,1410,False,False,True
41001,14,3,CHENNAI BEAC,VELACHEERY,3,45,False,False,True
41003,14,3,CHENNAI BEAC,VELACHEERY,4,45,False,True,False
41006,14,3,CHENNAI BEAC,VELACHEERY,6,1395,False,True,False
41008,14,3,CHENNAI BEAC,VELACHEERY,7,1395,False,True,False
41009,14,3,CHENNAI BEAC,VELACHEERY,5,45,False,True,False
41012,14,3,CHENNAI BEAC,VELACHEERY,7,1395,False,True,False
41013,14,3,CHENNAI BEAC,VELACHEERY,6,45,False,True,False
41014,14,3,CHENNAI BEAC,VELACHEERY,7,1395,False,True,False
41015,14,3,CHENNAI BEAC,VELACHEERY,6,45,False,True,False
41016,14,3,CHENNAI BEAC,VELACHEERY,7,1395,False,True,False
41017,14,3,CHENNAI BEAC,VELACHEERY,7,45,False,True,False
41020,14,3,CHENNAI BEAC,VELACHEERY,8,1395,False,True,False
41021,14,3,CHENNAI BEAC,VELACHEERY,7,45,False,True,False
41022,14,3,CHENNAI BEAC,VELACHEERY,8,1395,False,True,False
41023,14,3,CHENNAI BEAC,VELACHEERY,7,45,False,True,False
41024,14,3,CHENNAI BEAC,VELACHEERY,8,1395,False,True,False
41028,14,3,CHENNAI BEAC,VELACHEERY,9,1395,False,True,False
41029,14,3,CHENNAI BEAC,VELACHEERY,8,45,False,True,False
41033,14,3,CHENNAI BEAC,VELACHEERY,8,45,False,True,False
41035,14,3,CHENNAI BEAC,VELACHEERY,8,45,False,True,False
41036,14,3,CHENNAI BEAC,VELACHEERY,10,1395,False,True,False
41038,14,3,CHENNAI BEAC,VELACHEERY,10,1395,False,True,False
41040,14,3,CHENNAI BEAC,VELACHEERY,10,1395,False,True,False
41042,14,3,CHENNAI BEAC,VELACHEERY,10,1395,False,True,False
41043,14,3,CHENNAI BEAC,VELACHEERY,9,45,False,True,False
41046,14,3,CHENNAI BEAC,VELACHEERY,11,1395,False,True,False
41048,14,3,CHENNAI BEAC,VELACHEERY,11,1395,False,True,False
41050,14,3,CHENNAI BEAC,VELACHEERY,11,1395,False,True,False
41051,14,3,CHENNAI BEAC,VELACHEERY,10,45,False,True,False
41055,14,3,CHENNAI BEAC,VELACHEERY,10,45,False,True,False
41056,14,3,CHENNAI BEAC,VELACHEERY,12,1395,False,False,False
41057,14,3,CHENNAI BEAC,VELACHEERY,11,45,False,True,False
41060,14,3,CHENNAI BEAC,VELACHEERY,13,1395,False,False,False
41061,14,3,CHENNAI BEAC,VELACHEERY,11,45,False,True,False
41063,14,3,CHENNAI BEAC,VELACHEERY,11,45,False,True,False
41064,14,3,CHENNAI BEAC,VELACHEERY,14,1395,False,False,False
41065,14,3,CHENNAI BEAC,VELACHEERY,12,45,False,False,False
41069,14,3,CHENNAI BEAC,VELACHEERY,12,45,False,False,False
41070,14,3,CHENNAI BEAC,VELACHEERY,15,1395,False,False,False
41073,14,3,CHENNAI BEAC,VELACHEERY,13,45,False,False,False
41076,14,3,CHENNAI BEAC,VELACHEERY,15,1395,False,False,False
41077,14,3,CHENNAI BEAC,VELACHEERY,14,45,False,False,False
41078,14,3,CHENNAI BEAC,VELACHEERY,16,1395,False,False,False
41079,14,3,CHENNAI BEAC,VELACHEERY,14,45,False,False,False
41080,14,3,CHENNAI BEAC,VELACHEERY,16,1395,False,False,False
41081,14,3,CHENNAI BEAC,VELACHEERY,14,45,False,False,False
41082,14,3,CHENNAI BEAC,VELACHEERY,16,1395,False,False,False
41084,14,3,CHENNAI BEAC,VELACHEERY,16,1395,False,False,False
41085,14,3,CHENNAI BEAC,VELACHEERY,15,45,False,False,False
41086,14,2,CHENNAI BEAC,VELACHEERY,17,1395,True,False,False
41089,14,3,CHENNAI BEAC,VELACHEERY,16,45,False,False,False
41091,14,3,CHENNAI BEAC,VELACHEERY,16,45,False,False,False
41092,14,3,CHENNAI BEAC,VELACHEERY,17,1395,True,False,False
41093,14,3,CHENNAI BEAC,VELACHEERY,16,50,False,False,False
41095,14,3,CHENNAI BEAC,VELACHEERY,16,45,False,False,False
41096,14,3,CHENNAI BEAC,VELACHEERY,18,1395,True,False,False
41097,14,3,CHENNAI BEAC,VELACHEERY,17,45,True,False,False
41102,14,3,CHENNAI BEAC,VELACHEERY,18,1395,True,False,False
41103,14,3,CHENNAI BEAC,VELACHEERY,17,45,True,False,False
41104,14,3,CHENNAI BEAC,VELACHEERY,18,1395,True,False,False
41105,14,3,CHENNAI BEAC,VELACHEERY,17,45,True,False,False
41108,14,3,CHENNAI BEAC,VELACHEERY,19,1395,True,False,False
41110,14,3,CHENNAI BEAC,VELACHEERY,19,1395,True,False,False
41111,14,3,CHENNAI BEAC,VELACHEERY,18,45,True,False,False
41113,14,3,CHENNAI BEAC,VELACHEERY,18,45,True,False,False
41116,14,3,CHENNAI BEAC,VELACHEERY,20,1395,True,False,False
41117,14,3,CHENNAI BEAC,VELACHEERY,18,45,True,False,False
41119,14,3,CHENNAI BEAC,VELACHEERY,19,45,True,False,False
41120,14,3,CHENNAI BEAC,VELACHEERY,20,1395,True,False,False
41122,14,3,CHENNAI BEAC,VELACHEERY,20,1395,True,False,False
41127,14,3,CHENNAI BEAC,VELACHEERY,20,45,True,False,False
41128,14,3,CHENNAI BEAC,VELACHEERY,21,1395,False,False,True
41129,14,3,CHENNAI BEAC,VELACHEERY,20,45,True,False,False
41130,14,3,CHENNAI BEAC,VELACHEERY,22,1395,False,False,True
41131,14,3,CHENNAI BEAC,VELACHEERY,21,45,False,False,True
41132,14,3,CHENNAI BEAC,VELACHEERY,22,1395,False,False,True
41134,14,3,CHENNAI BEAC,VELACHEERY,22,1395,False,False,True
41135,14,3,CHENNAI BEAC,VELACHEERY,21,45,False,False,True
41138,14,3,CHENNAI BEAC,VELACHEERY,23,1395,False,False,True
41140,14,3,CHENNAI BEAC,VELACHEERY,23,1395,False,False,True
41501,14,3,CHENNAI BEAC,VELACHEERY,6,45,False,True,False
41502,14,3,CHENNAI BEAC,VELACHEERY,7,1395,False,True,False
41503,14,3,CHENNAI BEAC,VELACHEERY,6,45,False,True,False
41504,14,3,CHENNAI BEAC,VELACHEERY,7,1395,False,True,False
41505,14,3,CHENNAI BEAC,VELACHEERY,6,45,False,True,False
41506,14,3,CHENNAI BEAC,VELACHEERY,8,1395,False,True,False
41507,14,3,CHENNAI BEAC,VELACHEERY,7,45,False,True,False
41508,14,3,CHENNAI BEAC,VELACHEERY,8,1395,False,True,False
41509,14,3,CHENNAI BEAC,VELACHEERY,7,45,False,True,False
41510,14,3,CHENNAI BEAC,VELACHEERY,8,1395,False,True,False
41511,14,2,CHENNAI BEAC,VELACHEERY,7,45,False,True,False
41512,14,3,CHENNAI BEAC,VELACHEERY,9,1395,False,True,False
41513,14,3,CHENNAI BEAC,VELACHEERY,8,45,False,True,False
41514,14,3,CHENNAI BEAC,VELACHEERY,9,1395,False,True,False
41515,14,3,CHENNAI BEAC,VELACHEERY,8,45,False,True,False
41516,14,3,CHENNAI BEAC,VELACHEERY,9,1395,False,True,False
41517,14,3,CHENNAI BEAC,VELACHEERY,8,45,False,True,False
41518,14,3,CHENNAI BEAC,VELACHEERY,10,1395,False,True,False
41519,14,3,CHENNAI BEAC,VELACHEERY,9,45,False,True,False
41520,14,3,CHENNAI BEAC,VELACHEERY,10,1395,False,True,False
41521,14,3,CHENNAI BEAC,VELACHEERY,9,45,False,True,False
41522,14,3,CHENNAI BEAC,VELACHEERY,10,1395,False,True,False
41523,14,3,CHENNAI BEAC,VELACHEERY,9,45,False,True,False
41524,14,3,CHENNAI BEAC,VELACHEERY,11,1395,False,True,False
41525,14,3,CHENNAI BEAC,VELACHEERY,9,45,False,True,False
41526,14,3,CHENNAI BEAC,VELACHEERY,11,1395,False,True,False
41527,14,3,CHENNAI BEAC,VELACHEERY,10,45,False,True,False
41528,14,3,CHENNAI BEAC,VELACHEERY,11,1395,False,True,False
41529,14,3,CHENNAI BEAC,VELACHEERY,10,45,False,True,False
41530,14,3,CHENNAI BEAC,VELACHEERY,11,1395,False,True,False
41531,14,2,CHENNAI BEAC,VELACHEERY,10,45,False,True,False
41532,14,3,CHENNAI BEAC,VELACHEERY,12,1395,False,False,False
41533,14,3,CHENNAI BEAC,VELACHEERY,11,45,False,True,False
41534,14,3,CHENNAI BEAC,VELACHEERY,12,1395,False,False,False
41535,14,3,CHENNAI BEAC,VELACHEERY,11,45,False,True,False
41536,14,3,CHENNAI BEAC,VELACHEERY,12,1395,False,False,False
41537,14,3,CHENNAI BEAC,VELACHEERY,11,45,False,True,False
41538,14,3,CHENNAI BEAC,VELACHEERY,13,1395,False,False,False
41539,14,3,CHENNAI BEAC,VELACHEERY,12,45,False,False,False
41540,14,3,CHENNAI BEAC,VELACHEERY,13,1395,False,False,False
41541,14,3,CHENNAI BEAC,VELACHEERY,12,45,False,False,False
41542,14,3,CHENNAI BEAC,VELACHEERY,13,1395,False,False,False
41543,14,3,CHENNAI BEAC,VELACHEERY,12,45,False,False,False
41544,14,3,CHENNAI BEAC,VELACHEERY,14,1395,False,False,False
41545,14,3,CHENNAI BEAC,VELACHEERY,13,45,False,False,False
41546,14,3,CHENNAI BEAC,VELACHEERY,14,1395,False,False,False
41547,14,3,CHENNAI BEAC,VELACHEERY,13,45,False,False,False
41548,14,3,CHENNAI BEAC,VELACHEERY,14,1395,False,False,False
41549,14,3,CHENNAI BEAC,VELACHEERY,13,45,False,False,False
41550,14,3,CHENNAI BEAC,VELACHEERY,15,1395,False,False,False
41551,14,3,CHENNAI BEAC,VELACHEERY,14,45,False,False,False
41552,14,3,CHENNAI BEAC,VELACHEERY,15,1395,False,False,False
41553,14,3,CHENNAI BEAC,VELACHEERY,14,45,False,False,False
41554,14,3,CHENNAI BEAC,VELACHEERY,15,1395,False,False,False
41555,14,3,CHENNAI BEAC,VELACHEERY,14,45,False,False,False
41556,14,3,CHENNAI BEAC,VELACHEERY,16,1395,False,False,False
41557,14,3,CHENNAI BEAC,VELACHEERY,15,45,False,False,False
41558,14,3,CHENNAI BEAC,VELACHEERY,16,1395,False,False,False
41559,14,3,CHENNAI BEAC,VELACHEERY,15,45,False,False,False
41560,14,3,CHENNAI BEAC,VELACHEERY,16,1395,False,False,False
41561,14,3,CHENNAI BEAC,VELACHEERY,15,45,False,False,False
41562,14,3,CHENNAI BEAC,VELACHEERY,17,1395,True,False,False
41563,14,3,CHENNAI BEAC,VELACHEERY,16,45,False,False,False
41564,14,3,CHENNAI BEAC,VELACHEERY,17,1395,True,False,False
41565,14,3,CHENNAI BEAC,VELACHEERY,16,45,False,False,False
41566,14,3,CHENNAI BEAC,VELACHEERY,17,1395,True,False,False
41567,14,3,CHENNAI BEAC,VELACHEERY,16,45,False,False,False
41568,14,3,CHENNAI BEAC,VELACHEERY,18,1395,True,False,False
41569,14,3,CHENNAI BEAC,VELACHEERY,17,45,True,False,False
41570,14,3,CHENNAI BEAC,VELACHEERY,18,1395,True,False,False
41571,14,3,CHENNAI BEAC,VELACHEERY,17,45,True,False,False
41572,14,3,CHENNAI BEAC,VELACHEERY,18,1395,True,False,False
41573,14,3,CHENNAI BEAC,VELACHEERY,17,45,True,False,False
41574,14,3,CHENNAI BEAC,VELACHEERY,19,1395,True,False,False
41575,14,3,CHENNAI BEAC,VELACHEERY,18,45,True,False,False
41576,14,3,CHENNAI BEAC,VELACHEERY,19,1395,True,False,False
41577,14,3,CHENNAI BEAC,VELACHEERY,18,45,True,False,False
41578,14,3,CHENNAI BEAC,VELACHEERY,19,1395,True,False,False
41579,14,3,CHENNAI BEAC,VELACHEERY,18,45,True,False,False
41580,14,3,CHENNAI BEAC,VELACHEERY,20,1395,True,False,False
41581,14,3,CHENNAI BEAC,VELACHEERY,19,45,True,False,False
41582,14,3,CHENNAI BEAC,VELACHEERY,20,1395,True,False,False
41583,14,3,CHENNAI BEAC,VELACHEERY,19,45,True,False,False
41584,14,3,CHENNAI BEAC,VELACHEERY,20,1395,True,False,False
41585,14,3,CHENNAI BEAC,VELACHEERY,19,45,True,False,False
41586,14,3,CHENNAI BEAC,VELACHEERY,21,1395,False,False,True
41587,14,3,CHENNAI BEAC,VELACHEERY,20,45,True,False,False
41588,14,3,CHENNAI BEAC,VELACHEERY,21,1395,False,False,True
41589,14,3,CHENNAI BEAC,VELACHEERY,20,45,True,False,False
41590,14,3,CHENNAI BEAC,VELACHEERY,22,1395,False,False,True
41593,14,3,CHENNAI BEAC,VELACHEERY,21,45,False,False,True
41594,14,3,CHENNAI BEAC,VELACHEERY,22,1395,False,False,True
41597,14,3,CHENNAI BEAC,VELACHEERY,21,45,False,False,True
41598,14,3,CHENNAI BEAC,VELACHEERY,23,1395,False,False,True
41599,14,3,CHENNAI BEAC,VELACHEERY,22,45,False,False,True
41600,14,3,CHENNAI BEAC,VELACHEERY,23,1395,False,False,True
42001,47,16,ATTIPATTU,WIMCO NAGAR,0,1420,False,False,True
42002,47,15,ATTIPATTU,WIMCO NAGAR,3,11,False,False,True
42003,47,16,ATTIPATTU,WIMCO NAGAR,6,1421,False,True,False
42004,47,16,ATTIPATTU,WIMCO NAGAR,4,11,False,True,False
42005,47,16,ATTIPATTU,WIMCO NAGAR,7,1421,False,True,False
42006,47,16,ATTIPATTU,WIMCO NAGAR,5,11,False,True,False
42007,47,12,ATTIPATTU,TIRUVOTTIYUR,7,1415,False,True,False
42008,47,16,ATTIPATTU,WIMCO NAGAR,5,11,False,True,False
42009,47,16,ATTIPATTU,WIMCO NAGAR,8,1421,False,True,False
42010,47,16,ATTIPATTU,WIMCO NAGAR,6,11,False,True,False
42011,47,16,ATTIPATTU,WIMCO NAGAR,9,1421,False,True,False
42012,47,15,ATTIPATTU,WIMCO NAGAR,7,11,False,True,False
42013,47,16,ATTIPATTU,WIMCO NAGAR,10,1421,False,True,False
42014,47,16,ATTIPATTU,WIMCO NAGAR,8,11,False,True,False
42015,47,16,ATTIPATTU,WIMCO NAGAR,11,1421,False,True,False
42016,47,16,ATTIPATTU,WIMCO NAGAR,8,13,False,True,False
42017,47,16,ATTIPATTU,WIMCO NAGAR,12,1421,False,False,False
42018,47,16,ATTIPATTU,WIMCO NAGAR,10,11,False,True,False
42019,47,16,ATTIPATTU,WIMCO NAGAR,13,1421,False,False,False
42020,47,16,ATTIPATTU,WIMCO NAGAR,11,10,False,True,False
42021,47,16,ATTIPATTU,WIMCO NAGAR,14,1421,False,False,False
42022,47,16,ATTIPATTU,WIMCO NAGAR,11,12,False,True,False
42023,47,16,ATTIPATTU,WIMCO NAGAR,15,1421,False,False,False
42024,47,12,ATTIPATTU,TIRUVOTTIYUR,13,17,False,False,False
42025,47,16,ATTIPATTU,WIMCO NAGAR,15,1421,False,False,False
42026,47,12,ATTIPATTU,TIRUVOTTIYUR,14,17,False,False,False
42027,47,16,ATTIPATTU,WIMCO NAGAR,17,1421,True,False,False
42028,47,16,ATTIPATTU,WIMCO NAGAR,15,11,False,False,False
42029,47,16,ATTIPATTU,WIMCO NAGAR,17,1421,True,False,False
42030,47,12,ATTIPATTU,TIRUVOTTIYUR,15,17,False,False,False
42031,47,16,ATTIPATTU,WIMCO NAGAR,18,1421,True,False,False
42032,47,16,ATTIPATTU,WIMCO NAGAR,16,11,False,False,False
42033,47,16,ATTIPATTU,WIMCO NAGAR,19,1421,True,False,False
42034,47,16,ATTIPATTU,WIMCO NAGAR,17,11,True,False,False
42035,47,16,ATTIPATTU,WIMCO NAGAR,20,1421,True,False,False
42036,47,16,ATTIPATTU,WIMCO NAGAR,18,11,True,False,False
42037,47,16,ATTIPATTU,WIMCO NAGAR,20,1421,True,False,False
42038,47,16,ATTIPATTU,WIMCO NAGAR,18,12,True,False,False
42039,47,16,ATTIPATTU,WIMCO NAGAR,21,1421,False,False,True
42040,47,16,ATTIPATTU,WIMCO NAGAR,19,11,True,False,False
42041,47,16,ATTIPATTU,WIMCO NAGAR,22,1419,False,False,True
42042,47,16,ATTIPATTU,WIMCO NAGAR,20,11,True,False,False
42043,47,16,ATTIPATTU,WIMCO NAGAR,23,1421,False,False,True
42044,47,16,ATTIPATTU,WIMCO NAGAR,20,11,True,False,False
42045,47,16,ATTIPATTU,WIMCO NAGAR,0,1419,False,False,True
42046,47,16,ATTIPATTU,WIMCO NAGAR,22,11,False,False,True
42301,34,14,ATTIPATTU,WIMCO NAGAR,14,1421,False,False,False
42302,34,14,ATTIPATTU,WIMCO NAGAR,8,11,False,True,False
42401,82,21,ATTIPATTU,WIMCO NAGAR,5,1418,False,True,False
42402,82,21,ATTIPATTU,WIMCO NAGAR,6,11,False,True,False
42403,82,21,ATTIPATTU,WIMCO NAGAR,5,1421,False,True,False
42404,82,16,ATTIPATTU,TIRUVOTTIYUR,7,17,False,True,False
42406,82,21,ATTIPATTU,WIMCO NAGAR,11,11,False,True,False
42407,82,21,ATTIPATTU,WIMCO NAGAR,8,1421,False,True,False
42408,82,21,ATTIPATTU,WIMCO NAGAR,12,11,False,False,False
42409,82,21,ATTIPATTU,WIMCO NAGAR,9,1421,False,True,False
42411,82,21,ATTIPATTU,WIMCO NAGAR,10,1421,False,True,False
42412,82,21,ATTIPATTU,WIMCO NAGAR,14,11,False,False,False
42413,82,21,ATTIPATTU,WIMCO NAGAR,13,1421,False,False,False
42414,82,21,ATTIPATTU,WIMCO NAGAR,16,11,False,False,False
42416,82,21,ATTIPATTU,WIMCO NAGAR,19,11,True,False,False
42417,82,21,ATTIPATTU,WIMCO NAGAR,16,1421,False,False,False
42419,82,21,ATTIPATTU,WIMCO NAGAR,18,1421,True,False,False
42420,82,21,ATTIPATTU,WIMCO NAGAR,21,11,False,False,True
42421,82,20,ATTIPATTU,WIMCO NAGAR,19,1421,True,False,False
42422,82,21,ATTIPATTU,WIMCO NAGAR,22,11,False,False,True
42423,82,21,ATTIPATTU,WIMCO NAGAR,21,1421,False,False,True
42451,35,2,GUMMIDIPUNDI,SULLURUPETTA,4,50,False,True,False
42452,35,6,AKKAMPET,TADA,23,6,False,False,True
42601,47,17,ATTIPATTU,WASHERMANPET,10,1400,False,True,False
42602,47,17,ATTIPATTU,WASHERMANPET,9,28,False,True,False
42603,47,17,ATTIPATTU,WASHERMANPET,16,1405,False,False,False
42604,47,17,ATTIPATTU,WASHERMANPET,17,28,True,False,False
42605,47,17,ATTIPATTU,WASHERMANPET,19,1400,True,False,False
42606,47,17,ATTIPATTU,WASHERMANPET,20,28,True,False,False
42607,47,17,ATTIPATTU,WASHERMANPET,20,1401,True,False,False
42608,47,17,ATTIPATTU,WASHERMANPET,22,32,False,False,True
42651,62,15,ATTIPATTU,WASHERMANPET,10,1400,False,True,False
42652,62,15,ATTIPATTU,WASHERMANPET,9,31,False,True,False
42653,62,15,ATTIPATTU,WASHERMANPET,16,1400,False,False,False
42654,62,15,ATTIPATTU,WASHERMANPET,17,31,True,False,False
42655,62,15,ATTIPATTU,WASHERMANPET,19,1400,True,False,False
42656,62,15,ATTIPATTU,WASHERMANPET,20,31,True,False,False
42657,62,15,ATTIPATTU,WASHERMANPET,20,1400,True,False,False
42701,35,11,ATTIPATTU,WASHERMANPET,6,1400,False,True,False
42702,34,15,ATTIPATTU,WASHERMANPET,7,28,False,True,False
42751,50,13,ATTIPATTU,WASHERMANPET,6,1400,False,True,False
42752,49,13,ATTIPATTU,WASHERMANPET,7,28,False,True,False
42801,82,22,ATTIPATTU,WASHERMANPET,15,1401,False,False,False
42802,82,22,ATTIPATTU,WASHERMANPET,8,29,False,True,False
42804,82,22,ATTIPATTU,WASHERMANPET,18,27,True,False,False
42851,97,19,ATTIPATTU,WASHERMANPET,15,1400,False,False,False
42852,97,19,ATTIPATTU,WASHERMANPET,8,29,False,True,False
42854,97,19,ATTIPATTU,WASHERMANPET,18,40,True,False,False
42901,16,8,BASIN BRIDGE,WIMCO NAGAR,5,18,False,True,False
43001,20,11,AMBATTUR,VEYSARPADI,0,1420,False,False,True
43002,21,11,AMBATTUR,VEYSARPADI,4,18,False,True,False
43003,20,11,AMBATTUR,VEYSARPADI,8,1420,False,True,False
43005,20,11,AMBATTUR,VEYSARPADI,9,1420,False,True,False
43006,21,11,AMBATTUR,VEYSARPADI,5,18,False,True,False
43007,20,11,AMBATTUR,VEYSARPADI,9,1420,False,True,False
43008,21,11,AMBATTUR,VEYSARPADI,5,18,False,True,False
43009,20,11,AMBATTUR,VEYSARPADI,9,1420,False,True,False
43011,20,11,AMBATTUR,VEYSARPADI,10,1420,False,True,False
43013,20,11,AMBATTUR,VEYSARPADI,10,1420,False,True,False
43014,21,11,AMBATTUR,VEYSARPADI,9,18,False,True,False
43015,20,11,AMBATTUR,VEYSARPADI,11,1420,False,True,False
43016,21,11,AMBATTUR,VEYSARPADI,10,18,False,True,False
43017,20,11,AMBATTUR,VEYSARPADI,13,1420,False,False,False
43018,21,11,AMBATTUR,VEYSARPADI,11,18,False,True,False
43019,20,11,AMBATTUR,VEYSARPADI,16,1420,False,False,False
43020,21,11,AMBATTUR,VEYSARPADI,16,18,False,False,False
43021,20,7,AMBATTUR,VEYSARPADI,22,1420,False,False,True
43022,21,11,AMBATTUR,VEYSARPADI,17,18,True,False,False
43023,20,11,AMBATTUR,VEYSARPADI,23,1420,False,False,True
43025,20,7,AMBATTUR,VEYSARPADI,22,1420,False,False,True
43029,20,7,AMBATTUR,VEYSARPADI,23,1420,False,False,True
43101,30,14,AMBATTUR,VEYSARPADI,4,1420,False,True,False
43102,31,14,AMBATTUR,VEYSARPADI,3,18,False,False,True
43103,30,14,AMBATTUR,VEYSARPADI,5,1420,False,True,False
43104,31,14,AMBATTUR,VEYSARPADI,5,18,False,True,False
43105,30,14,AMBATTUR,VEYSARPADI,6,1420,False,True,False
43106,31,14,AMBATTUR,VEYSARPADI,7,18,False,True,False
43107,30,14,AMBATTUR,VEYSARPADI,7,1420,False,True,False
43108,31,14,AMBATTUR,VEYSARPADI,8,18,False,True,False
43109,30,14,AMBATTUR,VEYSARPADI,11,1419,False,True,False
43110,31,14,AMBATTUR,VEYSARPADI,10,18,False,True,False
43111,30,14,AMBATTUR,VEYSARPADI,12,1420,False,False,False
43112,31,14,AMBATTUR,VEYSARPADI,11,18,False,True,False
43113,30,14,AMBATTUR,VEYSARPADI,13,1420,False,False,False
43114,31,14,AMBATTUR,VEYSARPADI,13,18,False,False,False
43115,30,14,AMBATTUR,VEYSARPADI,15,1420,False,False,False
43116,31,14,AMBATTUR,VEYSARPADI,14,18,False,False,False
43117,30,14,AMBATTUR,VEYSARPADI,16,1420,False,False,False
43118,31,14,AMBATTUR,VEYSARPADI,14,18,False,False,False
43119,30,14,AMBATTUR,VEYSARPADI,18,1420,True,False,False
43120,31,14,AMBATTUR,VEYSARPADI,15,18,False,False,False
43121,30,14,AMBATTUR,VEYSARPADI,19,1420,True,False,False
43122,31,14,AMBATTUR,VEYSARPADI,16,18,False,False,False
43123,25,9,AMBATTUR,VEYSARPADI,20,1420,True,False,False
43124,31,14,AMBATTUR,VEYSARPADI,17,18,True,False,False
43125,25,8,AMBATTUR,VEYSARPADI,21,1420,False,False,True
43126,31,14,AMBATTUR,VEYSARPADI,19,18,True,False,False
43127,25,8,AMBATTUR,VEYSARPADI,23,1420,False,False,True
43128,31,14,AMBATTUR,VEYSARPADI,20,18,True,False,False
43130,31,14,AMBATTUR,VEYSARPADI,22,18,False,False,True
43132,31,14,AMBATTUR,VEYSARPADI,23,18,False,False,True
43201,46,18,AMBATTUR,VEYSARPADI,4,1420,False,True,False
43202,46,19,AMBATTUR,VEYSARPADI,4,18,False,True,False
43203,46,19,AMBATTUR,VEYSARPADI,5,1420,False,True,False
43204,46,19,AMBATTUR,VEYSARPADI,6,18,False,True,False
43205,46,19,AMBATTUR,VEYSARPADI,6,1420,False,True,False
43206,46,19,AMBATTUR,VEYSARPADI,6,18,False,True,False
43207,46,19,AMBATTUR,VEYSARPADI,7,1420,False,True,False
43208,46,19,AMBATTUR,VEYSARPADI,7,18,False,True,False
43209,46,19,AMBATTUR,VEYSARPADI,8,1420,False,True,False
43210,46,19,AMBATTUR,VEYSARPADI,7,18,False,True,False
43211,46,19,AMBATTUR,VEYSARPADI,8,1420,False,True,False
43212,46,19,AMBATTUR,VEYSARPADI,8,18,False,True,False
43213,46,19,AMBATTUR,VEYSARPADI,9,1420,False,True,False
43214,46,19,AMBATTUR,VEYSARPADI,8,18,False,True,False
43215,46,19,AMBATTUR,VEYSARPADI,9,1420,False,True,False
43216,41,6,BASIN BRIDGE,VILLIVAKKAM,8,1428,False,True,False
43217,46,19,AMBATTUR,VEYSARPADI,9,1420,False,True,False
43218,46,19,AMBATTUR,VEYSARPADI,9,18,False,True,False
43219,46,19,AMBATTUR,VEYSARPADI,10,1420,False,True,False
43220,46,19,AMBATTUR,VEYSARPADI,9,18,False,True,False
43221,46,19,AMBATTUR,VEYSARPADI,11,1420,False,True,False
43222,41,6,BASIN BRIDGE,VILLIVAKKAM,10,1429,False,True,False
43223,46,19,AMBATTUR,VEYSARPADI,12,1420,False,False,False
43224,46,19,AMBATTUR,VEYSARPADI,10,18,False,True,False
43225,46,19,AMBATTUR,VEYSARPADI,13,1420,False,False,False
43226,46,19,AMBATTUR,VEYSARPADI,11,18,False,True,False
43227,41,18,AMBATTUR,VEYSARPADI,14,1420,False,False,False
43228,46,19,AMBATTUR,VEYSARPADI,12,18,False,False,False
43229,46,19,AMBATTUR,VEYSARPADI,15,1420,False,False,False
43230,46,19,AMBATTUR,VEYSARPADI,12,18,False,False,False
43231,46,19,AMBATTUR,VEYSARPADI,15,1420,False,False,False
43232,46,19,AMBATTUR,VEYSARPADI,13,18,False,False,False
43233,46,19,AMBATTUR,VEYSARPADI,16,1420,False,False,False
43234,46,19,AMBATTUR,VEYSARPADI,15,18,False,False,False
43235,46,19,AMBATTUR,VEYSARPADI,16,1420,False,False,False
43236,46,19,AMBATTUR,VEYSARPADI,15,18,False,False,False
43237,46,19,AMBATTUR,VEYSARPADI,17,1420,True,False,False
43238,46,19,AMBATTUR,VEYSARPADI,16,18,False,False,False
43239,46,19,AMBATTUR,VEYSARPADI,17,1420,True,False,False
43240,46,18,AMBATTUR,VEYSARPADI,16,18,False,False,False
43241,46,19,AMBATTUR,VEYSARPADI,18,1420,True,False,False
43242,46,19,AMBATTUR,VEYSARPADI,17,18,True,False,False
43243,46,19,AMBATTUR,VEYSARPADI,18,1420,True,False,False
43244,46,19,AMBATTUR,VEYSARPADI,17,18,True,False,False
43245,46,19,AMBATTUR,VEYSARPADI,19,1420,True,False,False
43246,46,19,AMBATTUR,VEYSARPADI,18,16,True,False,False
43247,41,10,AMBATTUR,VEYSARPADI,20,1420,True,False,False
43248,46,19,AMBATTUR,VEYSARPADI,18,18,True,False,False
43250,46,19,AMBATTUR,VEYSARPADI,19,18,True,False,False
43251,41,9,AMBATTUR,VEYSARPADI,21,1420,False,False,True
43252,46,19,AMBATTUR,VEYSARPADI,20,18,True,False,False
43253,41,9,AMBATTUR,VEYSARPADI,22,1420,False,False,True
43254,46,19,AMBATTUR,VEYSARPADI,20,18,True,False,False
43255,41,9,AMBATTUR,VEYSARPADI,23,1420,False,False,True
43256,46,19,AMBATTUR,VEYSARPADI,21,18,False,False,True
43257,41,11,AMBATTUR,VEYSARPADI,0,1423,False,False,True
43258,46,19,AMBATTUR,VEYSARPADI,21,18,False,False,True
43260,46,19,AMBATTUR,VEYSARPADI,22,18,False,False,True
43401,68,11,AMBATTUR,VEYSARPADI,5,1427,False,True,False
43402,73,27,AMBATTUR,VEYSARPADI,4,18,False,True,False
43403,73,27,AMBATTUR,VEYSARPADI,6,1420,False,True,False
43404,73,27,AMBATTUR,VEYSARPADI,5,18,False,True,False
43405,73,27,AMBATTUR,VEYSARPADI,7,1420,False,True,False
43406,73,27,AMBATTUR,VEYSARPADI,6,18,False,True,False
43407,73,27,AMBATTUR,VEYSARPADI,8,1420,False,True,False
43408,68,7,ARAKKONAM JN,VILLIVAKKAM,6,62,False,True,False
43409,73,27,AMBATTUR,VEYSARPADI,9,1420,False,True,False
43410,68,10,ARAKKONAM JN,VILLIVAKKAM,7,79,False,True,False
43411,73,27,AMBATTUR,VEYSARPADI,11,1420,False,True,False
43412,73,27,AMBATTUR,VEYSARPADI,9,18,False,True,False
43413,73,27,AMBATTUR,VEYSARPADI,13,1420,False,False,False
43414,73,27,AMBATTUR,VEYSARPADI,10,18,False,True,False
43415,73,27,AMBATTUR,VEYSARPADI,14,1420,False,False,False
43418,73,27,AMBATTUR,VEYSARPADI,13,18,False,False,False
43419,73,27,AMBATTUR,VEYSARPADI,16,1420,False,False,False
43420,73,27,AMBATTUR,VEYSARPADI,15,18,False,False,False
43421,73,27,AMBATTUR,VEYSARPADI,17,1420,True,False,False
43422,73,27,AMBATTUR,VEYSARPADI,16,18,False,False,False
43423,68,14,AMBATTUR,VEYSARPADI,17,1420,True,False,False
43424,68,14,AMBATTUR,VEYSARPADI,18,18,True,False,False
43425,73,27,AMBATTUR,VEYSARPADI,18,1420,True,False,False
43426,68,12,AMBATTUR,VEYSARPADI,19,18,True,False,False
43427,73,27,AMBATTUR,VEYSARPADI,18,1420,True,False,False
43428,73,27,AMBATTUR,VEYSARPADI,20,18,True,False,False
43429,68,12,ARAKKONAM JN,VILLIVAKKAM,20,1331,True,False,False
43430,73,27,AMBATTUR,VEYSARPADI,20,18,True,False,False
43431,68,10,AMBATTUR,VILLIVAKKAM,19,1434,True,False,False
43433,68,12,AMBATTUR,VEYSARPADI,20,1420,True,False,False
43434,73,24,AMBATTUR,VEYSARPADI,21,18,False,False,True
43435,68,10,AMBATTUR,VILLIVAKKAM,20,1434,True,False,False
43436,73,27,AMBATTUR,VEYSARPADI,22,18,False,False,True
43437,68,12,AMBATTUR,VEYSARPADI,21,1420,False,False,True
43438,73,27,AMBATTUR,VEYSARPADI,22,18,False,False,True
43439,68,14,AMBATTUR,VEYSARPADI,22,1420,False,False,True
43501,86,28,AMBATTUR,VEYSARPADI,4,1420,False,True,False
43502,86,29,AMBATTUR,VEYSARPADI,7,18,False,True,False
43503,86,29,AMBATTUR,VEYSARPADI,7,1420,False,True,False
43504,86,29,AMBATTUR,VEYSARPADI,8,18,False,True,False
43505,86,28,AMBATTUR,VEYSARPADI,10,1420,False,True,False
43506,86,28,AMBATTUR,VEYSARPADI,11,18,False,True,False
43507,86,28,AMBATTUR,VEYSARPADI,12,1420,False,False,False
43508,86,28,AMBATTUR,VEYSARPADI,14,18,False,False,False
43509,86,29,AMBATTUR,VEYSARPADI,14,1420,False,False,False
43510,86,28,AMBATTUR,VEYSARPADI,16,18,False,False,False
43511,86,29,AMBATTUR,VEYSARPADI,15,1420,False,False,False
43512,86,28,AMBATTUR,VEYSARPADI,17,18,True,False,False
43513,86,28,AMBATTUR,VEYSARPADI,18,1420,True,False,False
43514,86,28,AMBATTUR,VEYSARPADI,18,18,True,False,False
43515,86,29,AMBATTUR,VEYSARPADI,19,1420,True,False,False
43516,86,28,AMBATTUR,VEYSARPADI,19,18,True,False,False
43517,80,13,AMBATTUR,VEYSARPADI,20,1420,True,False,False
43518,81,14,AMBATTUR,VEYSARPADI,21,18,False,False,True
43520,81,15,AMBATTUR,VEYSARPADI,23,18,False,False,True
43551,12,2,ARAKKONAM JN,TIRUTTANI,4,20,False,True,False
43552,12,2,ARAKKONAM JN,TIRUTTANI,0,0,False,False,True
43553,12,3,ARAKKONAM JN,TIRUTTANI,5,20,False,True,False
43554,12,2,ARAKKONAM JN,TIRUTTANI,21,1415,False,False,True
43556,12,2,ARAKKONAM JN,TIRUTTANI,0,0,False,False,True
43601,22,12,AMBATTUR,WASHERMANPET,7,1414,False,True,False
43602,22,12,AMBATTUR,WASHERMANPET,4,24,False,True,False
43603,22,12,AMBATTUR,WASHERMANPET,8,1414,False,True,False
43604,22,12,AMBATTUR,WASHERMANPET,4,24,False,True,False
43605,22,12,AMBATTUR,WASHERMANPET,11,1414,False,True,False
43606,22,12,AMBATTUR,WASHERMANPET,6,24,False,True,False
43607,22,12,AMBATTUR,WASHERMANPET,20,1414,True,False,False
43608,22,12,AMBATTUR,WASHERMANPET,7,24,False,True,False
43610,22,12,AMBATTUR,WASHERMANPET,8,24,False,True,False
43611,22,2,AVADI,CHENNAI BEAC,21,1390,False,False,True
43612,22,12,AMBATTUR,WASHERMANPET,8,24,False,True,False
43613,22,8,AMBATTUR,WASHERMANPET,22,1414,False,False,True
43614,22,12,AMBATTUR,WASHERMANPET,12,24,False,False,False
43615,22,8,AMBATTUR,WASHERMANPET,23,1414,False,False,True
43616,22,12,AMBATTUR,WASHERMANPET,14,24,False,False,False
43618,22,12,AMBATTUR,WASHERMANPET,16,24,False,False,False
43620,22,12,AMBATTUR,WASHERMANPET,16,24,False,False,False
43622,22,12,AMBATTUR,WASHERMANPET,18,24,True,False,False
43650,22,8,AMBATTUR,WASHERMANPET,7,24,False,True,False
43651,36,10,AMBATTUR,WASHERMANPET,7,1414,False,True,False
43652,37,10,AMBATTUR,WASHERMANPET,4,24,False,True,False
43653,36,10,AMBATTUR,WASHERMANPET,8,1414,False,True,False
43654,37,10,AMBATTUR,WASHERMANPET,4,24,False,True,False
43655,36,10,AMBATTUR,WASHERMANPET,11,1414,False,True,False
43656,37,10,AMBATTUR,WASHERMANPET,6,24,False,True,False
43657,36,10,AMBATTUR,WASHERMANPET,20,1414,True,False,False
43658,37,10,AMBATTUR,WASHERMANPET,7,24,False,True,False
43659,36,10,AMBATTUR,WASHERMANPET,22,1414,False,False,True
43660,37,10,AMBATTUR,WASHERMANPET,7,24,False,True,False
43661,36,10,AMBATTUR,WASHERMANPET,22,1414,False,False,True
43662,37,10,AMBATTUR,WASHERMANPET,8,24,False,True,False
43663,36,10,AMBATTUR,WASHERMANPET,23,1416,False,False,True
43664,37,10,AMBATTUR,WASHERMANPET,8,24,False,True,False
43666,37,10,AMBATTUR,WASHERMANPET,12,24,False,False,False
43668,37,10,AMBATTUR,WASHERMANPET,14,24,False,False,False
43670,37,10,AMBATTUR,WASHERMANPET,16,24,False,False,False
43672,37,10,AMBATTUR,WASHERMANPET,16,24,False,False,False
43674,37,10,AMBATTUR,WASHERMANPET,18,24,True,False,False
43701,48,20,AMBATTUR,WASHERMANPET,6,1414,False,True,False
43702,48,20,AMBATTUR,WASHERMANPET,11,24,False,True,False
43703,48,20,AMBATTUR,WASHERMANPET,6,1414,False,True,False
43704,48,20,AMBATTUR,WASHERMANPET,14,24,False,False,False
43705,48,20,AMBATTUR,WASHERMANPET,10,1415,False,True,False
43706,48,20,AMBATTUR,WASHERMANPET,18,24,True,False,False
43707,48,20,AMBATTUR,WASHERMANPET,13,1414,False,False,False
43708,48,20,AMBATTUR,WASHERMANPET,19,24,True,False,False
43709,48,20,AMBATTUR,WASHERMANPET,16,1414,False,False,False
43710,48,20,AMBATTUR,WASHERMANPET,20,24,True,False,False
43711,48,20,AMBATTUR,WASHERMANPET,18,1414,True,False,False
43713,42,10,AMBATTUR,WASHERMANPET,19,1414,True,False,False
43715,48,20,AMBATTUR,WASHERMANPET,20,1414,True,False,False
43751,32,15,AMBATTUR,WASHERMANPET,9,1414,False,True,False
43752,32,15,AMBATTUR,WASHERMANPET,9,24,False,True,False
43753,32,15,AMBATTUR,WASHERMANPET,10,1414,False,True,False
43754,32,15,AMBATTUR,WASHERMANPET,21,24,False,False,True
43755,32,15,AMBATTUR,WASHERMANPET,14,1415,False,False,False
43757,32,15,AMBATTUR,WASHERMANPET,17,1415,True,False,False
43761,57,14,AMBATTUR,WASHERMANPET,6,1414,False,True,False
43762,57,14,AMBATTUR,WASHERMANPET,11,24,False,True,False
43763,57,14,AMBATTUR,WASHERMANPET,10,1420,False,True,False
43764,57,14,AMBATTUR,WASHERMANPET,14,24,False,False,False
43765,57,14,AMBATTUR,WASHERMANPET,13,1414,False,False,False
43766,57,14,AMBATTUR,WASHERMANPET,18,24,True,False,False
43767,57,14,AMBATTUR,WASHERMANPET,16,1414,False,False,False
43768,57,14,AMBATTUR,WASHERMANPET,18,24,True,False,False
43769,57,14,AMBATTUR,WASHERMANPET,18,1414,True,False,False
43770,57,14,AMBATTUR,WASHERMANPET,20,24,True,False,False
43771,57,14,AMBATTUR,WASHERMANPET,19,1414,True,False,False
43773,57,14,AMBATTUR,WASHERMANPET,20,1414,True,False,False
43791,46,13,AMBATTUR,WASHERMANPET,9,1414,False,True,False
43792,47,17,AMBATTUR,WASHERMANPET,9,24,False,True,False
43793,46,13,AMBATTUR,WASHERMANPET,10,1414,False,True,False
43794,42,12,AMBATTUR,WASHERMANPET,21,24,False,False,True
43795,46,13,AMBATTUR,WASHERMANPET,14,1415,False,False,False
43797,46,13,AMBATTUR,WASHERMANPET,17,1416,True,False,False
43801,74,28,AMBATTUR,WASHERMANPET,1,1414,False,False,True
43802,75,28,AMBATTUR,WASHERMANPET,5,24,False,True,False
43803,74,28,AMBATTUR,WASHERMANPET,4,1414,False,True,False
43804,70,9,ARAKKONAM JN,WASHERMANPET,7,72,False,True,False
43805,74,28,AMBATTUR,WASHERMANPET,15,1414,False,False,False
43806,70,15,AMBATTUR,WASHERMANPET,17,24,True,False,False
43820,82,14,AMBATTUR,WASHERMANPET,10,25,False,True,False
43821,82,16,AMBATTUR,WASHERMANPET,12,1412,False,False,False
43823,82,13,AMBATTUR,WASHERMANPET,18,1421,True,False,False
43831,20,5,AVADI,TIRUVALLUR,7,35,False,True,False
43832,20,8,AVADI,VEPPAMPATTU,0,1294,False,False,True
43841,52,17,ARAKKONAM JN,VEPPAMPATTU,0,1016,False,False,True
43842,47,16,ARAKKONAM JN,VEPPAMPATTU,11,44,False,True,False
43844,47,2,ARAKKONAM JN,AVADI,21,75,False,False,True
43847,65,18,ARAKKONAM JN,VEPPAMPATTU,7,1376,False,True,False
43851,70,17,AMBATTUR,VEYSARPADI,16,1418,False,False,False
43852,75,29,AMBATTUR,WIMCO NAGAR,6,39,False,True,False
43861,51,13,AMBATTUR,VEYSARPADI,7,1420,False,True,False
43872,29,13,AMBATTUR,VEYSARPADI,9,18,False,True,False
43882,34,13,AMBATTUR,VEYSARPADI,8,18,False,True,False
43891,4,3,AVADI,PATTABIRAM E,2,20,False,False,True
43892,10,4,AVADI,PATTABIRAM E,0,0,False,False,True
43901,52,21,AMBATTUR,VEYSARPADI,10,1420,False,True,False
43902,52,21,AMBATTUR,VEYSARPADI,6,18,False,True,False
43903,52,21,AMBATTUR,VEYSARPADI,12,1420,False,False,False
43904,52,21,AMBATTUR,VEYSARPADI,14,18,False,False,False
43912,53,22,AMBATTUR,WASHERMANPET,12,24,False,False,False
43921,5,2,KADAMBATTUR,TIRUVALLUR,6,1430,False,True,False
43932,84,17,AMBATTUR,WASHERMANPET,5,24,False,True,False
43934,84,16,AMBATTUR,WASHERMANPET,8,24,False,True,False
43936,84,11,ARAKKONAM JN,WASHERMANPET,7,72,False,True,False
43938,84,17,AMBATTUR,WASHERMANPET,17,24,True,False,False
43941,97,17,AMBATTUR,WASHERMANPET,12,1414,False,False,False
43942,97,18,AMBATTUR,WASHERMANPET,10,24,False,True,False
43943,97,15,AMBATTUR,WASHERMANPET,18,1421,True,False,False
43952,63,15,AMBATTUR,WASHERMANPET,12,24,False,False,False
47100,25,13,BEGAMPET,NECKLACE ROA,4,1436,False,True,False
47101,25,13,BEGAMPET,NECKLACE ROA,5,1435,False,True,False
47102,25,13,BEGAMPET,NECKLACE ROA,6,1435,False,True,False
47103,25,13,BEGAMPET,NECKLACE ROA,7,1435,False,True,False
47104,25,13,BEGAMPET,NECKLACE ROA,7,1435,False,True,False
47105,25,13,BEGAMPET,NECKLACE ROA,8,1435,False,True,False
47106,25,13,BEGAMPET,NECKLACE ROA,9,1436,False,True,False
47107,25,13,BEGAMPET,NECKLACE ROA,9,1435,False,True,False
47108,25,13,BEGAMPET,NECKLACE ROA,10,1437,False,True,False
47109,25,13,BEGAMPET,NECKLACE ROA,11,1435,False,True,False
47110,25,13,BEGAMPET,NECKLACE ROA,11,1435,False,True,False
47111,25,13,BEGAMPET,NECKLACE ROA,12,1435,False,False,False
47112,25,13,BEGAMPET,NECKLACE ROA,13,1435,False,False,False
47113,25,13,BEGAMPET,NECKLACE ROA,14,1436,False,False,False
47114,25,13,BEGAMPET,NECKLACE ROA,15,1436,False,False,False
47115,25,13,BEGAMPET,NECKLACE ROA,15,1436,False,False,False
47116,25,13,BEGAMPET,NECKLACE ROA,16,1434,False,False,False
47117,25,13,BEGAMPET,NECKLACE ROA,17,1435,True,False,False
47118,25,13,BEGAMPET,NECKLACE ROA,17,1436,True,False,False
47119,25,13,BEGAMPET,NECKLACE ROA,18,1436,True,False,False
47120,25,13,BEGAMPET,NECKLACE ROA,19,1436,True,False,False
47121,25,13,BEGAMPET,NECKLACE ROA,19,1435,True,False,False
47122,25,13,BEGAMPET,NECKLACE ROA,20,1436,True,False,False
47123,25,13,BEGAMPET,NECKLACE ROA,21,1436,False,False,True
47124,25,13,BEGAMPET,NECKLACE ROA,22,1435,False,False,True
47125,25,13,BEGAMPET,NECKLACE ROA,22,1435,False,False,True
47126,23,13,BEGAMPET,NECKLACE ROA,5,3,False,True,False
47127,23,13,BEGAMPET,NECKLACE ROA,6,3,False,True,False
47128,23,13,BEGAMPET,NECKLACE ROA,7,3,False,True,False
47129,23,13,BEGAMPET,NECKLACE ROA,7,2,False,True,False
47130,23,13,BEGAMPET,NECKLACE ROA,8,1,False,True,False
47131,23,13,BEGAMPET,NECKLACE ROA,9,3,False,True,False
47132,23,13,BEGAMPET,NECKLACE ROA,9,3,False,True,False
47133,23,13,BEGAMPET,NECKLACE ROA,10,3,False,True,False
47134,23,13,BEGAMPET,NECKLACE ROA,10,3,False,True,False
47135,23,13,BEGAMPET,NECKLACE ROA,11,4,False,True,False
47136,23,13,BEGAMPET,NECKLACE ROA,12,3,False,False,False
47137,23,13,BEGAMPET,NECKLACE ROA,12,1,False,False,False
47138,23,13,BEGAMPET,NECKLACE ROA,13,2,False,False,False
47139,23,13,BEGAMPET,NECKLACE ROA,15,1,False,False,False
47140,23,13,BEGAMPET,NECKLACE ROA,16,2,False,False,False
47141,23,13,BEGAMPET,NECKLACE ROA,17,3,True,False,False
47142,23,13,BEGAMPET,NECKLACE ROA,18,2,True,False,False
47143,23,13,BEGAMPET,NECKLACE ROA,19,2,True,False,False
47144,23,13,BEGAMPET,NECKLACE ROA,19,3,True,False,False
47145,23,13,BEGAMPET,NECKLACE ROA,20,3,True,False,False
47146,23,13,BEGAMPET,NECKLACE ROA,21,3,False,False,True
47147,23,13,BEGAMPET,NECKLACE ROA,22,3,False,False,True
47148,23,13,BEGAMPET,NECKLACE ROA,23,3,False,False,True
47149,37,22,ARTS COLLAGE,YAKUT PURA,4,1423,False,True,False
47150,37,22,ARTS COLLAGE,YAKUT PURA,5,1423,False,True,False
47151,37,22,ARTS COLLAGE,YAKUT PURA,6,1423,False,True,False
47152,37,22,ARTS COLLAGE,YAKUT PURA,7,1423,False,True,False
47153,37,22,ARTS COLLAGE,YAKUT PURA,7,1423,False,True,False
47154,37,22,ARTS COLLAGE,YAKUT PURA,8,1423,False,True,False
47155,37,22,ARTS COLLAGE,YAKUT PURA,9,1423,False,True,False
47156,37,22,ARTS COLLAGE,YAKUT PURA,10,1422,False,True,False
47157,37,22,ARTS COLLAGE,YAKUT PURA,11,1423,False,True,False
47158,37,22,ARTS COLLAGE,YAKUT PURA,12,1423,False,False,False
47159,37,22,ARTS COLLAGE,YAKUT PURA,22,15,False,False,True
47160,37,22,ARTS COLLAGE,YAKUT PURA,13,1423,False,False,False
47161,37,22,ARTS COLLAGE,YAKUT PURA,15,1423,False,False,False
47162,37,22,ARTS COLLAGE,YAKUT PURA,16,1423,False,False,False
47163,37,22,ARTS COLLAGE,YAKUT PURA,17,1423,True,False,False
47164,37,22,ARTS COLLAGE,YAKUT PURA,18,1423,True,False,False
47165,37,22,ARTS COLLAGE,YAKUT PURA,10,1423,False,True,False
47166,37,22,ARTS COLLAGE,YAKUT PURA,19,1423,True,False,False
47167,37,22,ARTS COLLAGE,YAKUT PURA,20,1423,True,False,False
47168,14,11,ARTS COLLAGE,YAKUT PURA,23,1422,False,False,True
47169,37,22,ARTS COLLAGE,YAKUT PURA,13,1423,False,False,False
47170,37,22,ARTS COLLAGE,YAKUT PURA,22,1423,False,False,True
47171,37,22,ARTS COLLAGE,YAKUT PURA,5,14,False,True,False
47172,14,11,ARTS COLLAGE,YAKUT PURA,6,15,False,True,False
47173,37,22,ARTS COLLAGE,YAKUT PURA,6,14,False,True,False
47174,37,22,ARTS COLLAGE,YAKUT PURA,8,15,False,True,False
47175,37,22,ARTS COLLAGE,YAKUT PURA,8,14,False,True,False
47176,37,22,ARTS COLLAGE,YAKUT PURA,9,14,False,True,False
47177,37,22,ARTS COLLAGE,YAKUT PURA,9,15,False,True,False
47178,37,22,ARTS COLLAGE,YAKUT PURA,10,14,False,True,False
47179,37,22,ARTS COLLAGE,YAKUT PURA,11,14,False,True,False
47180,37,22,ARTS COLLAGE,YAKUT PURA,12,14,False,False,False
47181,37,22,ARTS COLLAGE,YAKUT PURA,13,15,False,False,False
47182,37,22,ARTS COLLAGE,YAKUT PURA,14,15,False,False,False
47183,37,22,ARTS COLLAGE,YAKUT PURA,15,14,False,False,False
47184,37,22,ARTS COLLAGE,YAKUT PURA,15,14,False,False,False
47185,37,22,ARTS COLLAGE,YAKUT PURA,16,14,False,False,False
47186,37,22,ARTS COLLAGE,YAKUT PURA,17,14,True,False,False
47187,37,22,ARTS COLLAGE,YAKUT PURA,18,14,True,False,False
47188,37,22,ARTS COLLAGE,YAKUT PURA,19,19,True,False,False
47189,37,22,ARTS COLLAGE,YAKUT PURA,12,16,False,False,False
47190,37,22,ARTS COLLAGE,YAKUT PURA,19,15,True,False,False
47191,37,22,ARTS COLLAGE,YAKUT PURA,20,14,True,False,False
47192,37,22,ARTS COLLAGE,YAKUT PURA,21,14,False,False,True
47193,37,22,ARTS COLLAGE,YAKUT PURA,21,14,False,False,True
47194,37,22,ARTS COLLAGE,YAKUT PURA,22,15,False,False,True
47195,22,12,BEGAMPET,SANJIVAIAH P,22,2,False,False,True
47196,9,7,HYDERABAD DE,SANJIVAIAH P,5,1415,False,True,False
47197,24,17,ARTS COLLAGE,YAKUT PURA,9,1424,False,True,False
47198,37,22,ARTS COLLAGE,YAKUT PURA,11,1423,False,True,False
47199,24,17,ARTS COLLAGE,YAKUT PURA,14,1424,False,False,False
47200,24,17,ARTS COLLAGE,YAKUT PURA,14,1422,False,False,False
47201,24,17,ARTS COLLAGE,YAKUT PURA,16,1422,False,False,False
47202,24,17,ARTS COLLAGE,YAKUT PURA,20,1422,True,False,False
47203,37,22,ARTS COLLAGE,YAKUT PURA,21,1423,False,False,True
47204,14,11,ARTS COLLAGE,YAKUT PURA,22,1422,False,False,True
47205,14,11,ARTS COLLAGE,YAKUT PURA,4,15,False,True,False
47206,25,17,ARTS COLLAGE,YAKUT PURA,6,15,False,True,False
47207,37,22,ARTS COLLAGE,YAKUT PURA,19,1423,True,False,False
47208,25,17,ARTS COLLAGE,YAKUT PURA,10,15,False,True,False
47209,25,17,ARTS COLLAGE,YAKUT PURA,13,16,False,False,False
47210,37,22,ARTS COLLAGE,YAKUT PURA,18,14,True,False,False
47211,37,22,ARTS COLLAGE,YAKUT PURA,8,1423,False,True,False
47212,37,22,ARTS COLLAGE,YAKUT PURA,10,15,False,True,False
47213,37,22,ARTS COLLAGE,YAKUT PURA,7,14,False,True,False
47214,37,22,ARTS COLLAGE,YAKUT PURA,11,1423,False,True,False
47215,37,22,ARTS COLLAGE,YAKUT PURA,14,16,False,False,False
47216,37,22,ARTS COLLAGE,YAKUT PURA,15,1423,False,False,False
47217,37,22,ARTS COLLAGE,YAKUT PURA,16,14,False,False,False
47218,37,22,ARTS COLLAGE,YAKUT PURA,18,1423,True,False,False
47219,37,22,ARTS COLLAGE,YAKUT PURA,20,15,True,False,False
47220,37,22,ARTS COLLAGE,YAKUT PURA,21,1424,False,False,True
50101,251,22,ADAVALI,ZARAP,3,152,False,False,True
50102,244,22,ADAVALI,ZARAP,23,1306,False,False,True
50103,347,38,ANJANI,VINHERE,21,1387,False,False,True
50104,349,38,ANJANI,VINHERE,7,46,False,True,False
50105,486,49,ADAVALI,ZARAP,15,146,False,False,False
50106,476,49,ADAVALI,ZARAP,11,1293,False,True,False
50107,78,9,KARMALI,VERNA,19,12,True,False,False
50108,83,9,KARMALI,VERNA,6,1423,False,True,False
50119,27,6,DIVA JN,TALAJA PANCH,0,21,False,False,True
50120,27,7,DIVA JN,TALAJA PANCH,0,302,False,False,True
51027,430,26,AMBERNATH,URULI,0,270,False,False,True
51028,430,29,AMBERNATH,VADGAON,2,1304,False,False,True
51029,565,31,AMBERNATH,URULI,0,270,False,False,True
51030,566,34,AMBERNATH,VADGAON,2,1304,False,False,True
51033,187,8,AHMADNAGAR,VISAPUR,8,1379,False,True,False
51034,187,7,AHMADNAGAR,VISAPUR,18,33,True,False,False
51111,56,9,BHORAS BUDRU,SHIRUD,6,36,False,True,False
51112,56,9,BHORAS BUDRU,SHIRUD,8,1400,False,True,False
51113,56,9,BHORAS BUDRU,SHIRUD,9,36,False,True,False
51114,56,9,BHORAS BUDRU,SHIRUD,12,1400,False,False,False
51115,56,9,BHORAS BUDRU,SHIRUD,13,36,False,False,False
51116,56,9,BHORAS BUDRU,SHIRUD,16,1400,False,False,False
51135,9,2,AMRAVATI,BADNERA JN.,1,1425,False,False,True
51136,9,2,AMRAVATI,BADNERA JN.,2,15,False,False,True
51137,9,2,AMRAVATI,BADNERA JN.,3,1425,False,False,True
51138,9,2,AMRAVATI,BADNERA JN.,3,15,False,False,True
51139,9,2,AMRAVATI,BADNERA JN.,6,1425,False,True,False
51140,9,2,AMRAVATI,BADNERA JN.,7,15,False,True,False
51141,9,2,AMRAVATI,BADNERA JN.,11,1425,False,True,False
51142,9,2,AMRAVATI,BADNERA JN.,12,15,False,False,False
51145,9,2,AMRAVATI,BADNERA JN.,18,1425,True,False,False
51146,9,2,AMRAVATI,BADNERA JN.,18,15,True,False,False
51147,9,2,AMRAVATI,BADNERA JN.,20,1425,True,False,False
51148,9,2,AMRAVATI,BADNERA JN.,20,15,True,False,False
51149,9,2,AMRAVATI,BADNERA JN.,23,1425,False,False,True
51150,9,2,AMRAVATI,BADNERA JN.,23,15,False,False,True
51151,108,8,CHANDUR BAZA,WARUD ORANGE,6,69,False,True,False
51152,109,11,ASHTEGAON,WARUD ORANGE,19,1391,True,False,False
51153,444,48,AMBIVLI,VASIND,6,82,False,True,False
51154,444,47,AMBIVLI,VASIND,17,1419,True,False,False
51157,306,37,ASIRGARH ROA,WAGHODA,22,1413,False,False,True
51158,306,37,ASIRGARH ROA,WAGHODA,6,19,False,True,False
51181,262,30,BHADLI,VAGHLI,9,1347,False,True,False
51182,262,30,BHADLI,VAGHLI,17,94,True,False,False
51183,361,36,ACHEGAON,YEULKHED,7,149,False,True,False
51184,339,37,ACHEGAON,YEULKHED,17,1275,True,False,False
51187,642,71,ADHARTAL,WAGHODA,1,566,False,False,True
51188,642,71,ADHARTAL,WAGHODA,0,901,False,False,True
51189,610,64,CHHEOKI,UNCHEHARA,9,893,False,True,False
51190,609,64,CHHEOKI,UNCHEHARA,19,418,True,False,False
51195,132,15,BHUGAON,WARORA,6,80,False,True,False
51196,132,16,BHUGAON,WARORA,20,1374,True,False,False
51197,318,35,ACHEGAON,YEULKHED,15,149,False,False,False
51198,318,36,ACHEGAON,YEULKHED,6,1297,False,True,False
51239,22,4,AMLA JN.,MALKAPUR ROA,7,18,False,True,False
51240,22,4,AMLA JN.,MALKAPUR ROA,18,1407,True,False,False
51253,115,16,AMLA JN.,PARASIA,8,179,False,True,False
51254,115,12,AMLA JN.,PARASIA,20,1298,True,False,False
51255,88,12,BARELIPAR,PARASIA,15,73,False,False,False
51256,88,12,BARELIPAR,PARASIA,14,1363,False,False,False
51259,78,12,AJNI,WARDHA JN.,19,1350,True,False,False
51260,78,11,AJNI,WARDHA JN.,8,95,False,True,False
51261,104,11,AMRAVATI,WARDHA JN.,15,175,False,False,False
51262,104,12,AMRAVATI,WARDHA JN.,14,1185,False,False,False
51285,397,46,ACHEGAON,YEULKHED,20,143,True,False,False
51286,397,47,ACHEGAON,YEULKHED,13,1270,False,False,False
51293,167,20,AMLA JN.,TINKHEDA,22,1268,False,False,True
51294,167,18,AMLA JN.,TINKHEDA,4,137,False,True,False
51317,91,19,AKURDI,VADGAON,17,1400,True,False,False
51318,91,20,AKURDI,VADGAON,11,30,False,True,False
51347,120,16,BARAMATI,YEVAT,21,1304,False,False,True
51348,43,6,BARAMATI,SHIRSAI,22,38,False,False,True
51350,77,11,DAUND JN.,YEVAT,7,40,False,True,False
51401,314,34,AKOLNER,YEVAT,4,1242,False,True,False
51402,311,34,AKOLNER,YEVAT,2,237,False,False,True
51405,212,24,BELGAUM,VIJAYA NAGAR,20,1264,True,False,False
51406,212,24,BELGAUM,VIJAYA NAGAR,7,169,False,True,False
51407,47,8,GUD MARKET,VALIVADE,17,1432,True,False,False
51408,47,6,HATKANANGALE,VALIVADE,22,1419,False,False,True
51409,325,42,AMBLE,WATHAR,10,124,False,True,False
51410,326,41,AMBLE,WATHAR,14,1274,False,False,False
51411,229,29,BELLARY JN.,UNKAL,14,341,False,False,False
51412,208,24,BELLARY JN.,HUBLI JN.,13,1070,False,False,False
51419,278,35,AMARGOL,VIJAYA NAGAR,14,1049,False,False,False
51420,279,33,BELGAUM,VIJAYA NAGAR,16,203,False,False,False
51421,769,83,AKOLNER,YEVAT,18,1270,True,False,False
51422,769,76,AKOLNER,YEVAT,16,206,False,False,False
51423,123,15,ASVALI,UGAON,18,67,True,False,False
51424,123,15,ASVALI,UGAON,15,1353,False,False,False
51425,427,36,AGRAN DHULGA,YEDSI,16,1144,False,False,False
51426,437,35,AGRAN DHULGA,YEDSI,21,278,False,False,True
51427,47,7,GUD MARKET,VALIVADE,14,1428,False,False,False
51428,47,7,GUD MARKET,VALIVADE,10,4,False,True,False
51429,54,8,HATKANANGALE,VALIVADE,21,20,False,False,True
51430,54,9,HATKANANGALE,VALIVADE,19,1414,True,False,False
51431,188,22,BELGAUM,VIJAYA NAGAR,9,1254,False,True,False
51432,188,21,BELGAUM,VIJAYA NAGAR,12,165,False,False,False
51433,523,52,BOLSA,YEDSI,14,628,False,False,False
51434,511,52,BOLSA,YEDSI,21,786,False,False,True
51435,145,19,AMBLE,WATHAR,18,144,True,False,False
51436,145,19,AMBLE,WATHAR,6,1324,False,True,False
51437,189,17,AGRAN DHULGA,WASUD,13,1354,False,False,False
51438,189,17,AGRAN DHULGA,WASUD,6,68,False,True,False
51441,180,24,AMNAPUR,VALIVADE,7,112,False,True,False
51442,180,24,AMNAPUR,VALIVADE,18,1322,True,False,False
51451,120,16,BARAMATI,YEVAT,10,1304,False,True,False
51452,121,16,BARAMATI,YEVAT,10,130,False,True,False
51458,20,2,DHARWAD,HUBLI JN.,22,45,False,False,True
51461,137,17,BELGAUM,VIJAYA NAGAR,13,1243,False,False,False
51462,137,16,BELGAUM,VIJAYA NAGAR,6,154,False,True,False
51463,137,16,BELGAUM,VIJAYA NAGAR,22,1242,False,False,True
51464,137,16,BELGAUM,VIJAYA NAGAR,14,179,False,False,False
51601,261,31,ASLANA,SALAIA,11,121,False,True,False
51602,264,31,ASLANA,SALAIA,17,1278,True,False,False
51603,263,32,ASLANA,SALAIA,16,98,False,False,False
51604,266,32,ASLANA,SALAIA,20,1329,True,False,False
51605,256,28,AMLAI,VILAYAT KALA,20,1242,True,False,False
51606,253,28,AMLAI,VILAYAT KALA,6,211,False,True,False
51607,118,17,ASHOK NAGAR,SEMER KHEDI,7,1364,False,True,False
51608,118,17,ASHOK NAGAR,SEMER KHEDI,10,86,False,True,False
51609,118,17,ASHOK NAGAR,SEMER KHEDI,16,1361,False,False,False
51610,118,17,ASHOK NAGAR,SEMER KHEDI,19,75,True,False,False
51611,303,38,ASHOK NAGAR,SALPURA,14,1201,False,False,False
51612,303,38,ASHOK NAGAR,SALPURA,11,242,False,True,False
51671,434,44,ADHARTAL,UNCHEHARA,10,185,False,True,False
51672,434,44,ADHARTAL,UNCHEHARA,15,1227,False,False,False
51673,434,40,ADHARTAL,UNCHEHARA,9,160,False,True,False
51674,434,40,ADHARTAL,UNCHEHARA,17,1205,True,False,False
51675,316,34,DUBRIKALAN,VIJAYSOTA,0,1373,False,False,True
51676,316,34,DUBRIKALAN,VIJAYSOTA,2,64,False,False,True
51678,81,11,ANPARA,SHAKTINAGAR,14,1402,False,False,False
51679,316,36,DUBRIKALAN,VIJAYSOTA,13,1373,False,False,False
51680,316,36,DUBRIKALAN,VIJAYSOTA,12,88,False,False,False
51685,32,5,BIR,TALVADIYA,14,1409,False,False,False
51686,33,5,BIR,TALVADIYA,9,26,False,True,False
51687,32,5,BIR,TALVADIYA,19,1404,True,False,False
51688,33,5,BIR,TALVADIYA,15,28,False,False,False
51701,238,26,ADHARTAL,UNCHEHARA,7,191,False,True,False
51702,238,26,ADHARTAL,UNCHEHARA,19,1244,True,False,False
51703,124,18,BARGI,BINAIKI,6,66,False,True,False
51704,121,17,BARGI,BINAIKI,8,1366,False,True,False
51705,121,17,BARGI,BINAIKI,11,66,False,True,False
51706,121,17,BARGI,BINAIKI,16,1367,False,False,False
51708,124,18,BARGI,BINAIKI,20,1371,True,False,False
51753,401,30,AMLAI,UMARIA,1,1323,False,False,True
51754,403,30,AMLAI,UMARIA,18,173,True,False,False
51755,86,11,ANUPPUR JN.,PARADOL,9,1283,False,True,False
51756,86,11,ANUPPUR JN.,PARADOL,11,155,False,True,False
51763,77,10,CHITAHARA,TIKARIYA,6,27,False,True,False
51764,77,10,CHITAHARA,TIKARIYA,9,1415,False,True,False
51765,77,10,CHITAHARA,TIKARIYA,17,43,True,False,False
51766,77,10,CHITAHARA,TIKARIYA,20,1416,True,False,False
51803,221,26,AIT JN,TILAUNCHI,10,121,False,True,False
51804,221,26,AIT JN,TILAUNCHI,9,1311,False,True,False
51805,291,31,ATARRA,TEHARKA,22,1192,False,False,True
51806,291,31,ATARRA,TEHARKA,3,278,False,False,True
51807,191,20,BANDA JN,TEHARKA,16,1234,False,False,False
51811,151,20,AGASOD,TALBAHAT,15,115,False,False,False
51812,151,20,AGASOD,TALBAHAT,10,1310,False,True,False
51813,295,38,AIT JN,TILAUNCHI,4,137,False,True,False
51814,295,39,AIT JN,TILAUNCHI,21,1328,False,False,True
51815,204,25,ANANTPAITH,SITHOULI,8,28,False,True,False
51816,204,25,ANANTPAITH,SITHOULI,18,1408,True,False,False
51817,254,26,BABINA,UDAIPURA,13,1213,False,False,False
51818,254,27,BABINA,UDAIPURA,8,154,False,True,False
51821,63,6,CHITHARI HAL,SINGHPURDUMR,10,19,False,True,False
51822,63,6,CHITHARI HAL,SINGHPURDUMR,13,1417,False,False,False
51827,381,44,AGASOD,TALBAHAT,4,156,False,True,False
51828,381,44,AGASOD,TALBAHAT,23,1222,False,False,True
51829,297,35,AMLA JN.,TINKHEDA,11,1301,False,True,False
51830,297,30,AMLA JN.,TEEGAON,16,79,False,False,False
51831,204,25,ANANTPAITH,SITHOULI,17,30,True,False,False
51832,204,25,ANANTPAITH,SITHOULI,9,1408,False,True,False
51861,13,2,AIT JN,KONCH,5,35,False,True,False
51862,13,2,AIT JN,KONCH,7,1405,False,True,False
51863,13,2,AIT JN,KONCH,7,35,False,True,False
51864,13,2,AIT JN,KONCH,9,1405,False,True,False
51865,13,2,AIT JN,KONCH,11,35,False,True,False
51866,13,2,AIT JN,KONCH,15,1405,False,False,False
51867,13,2,AIT JN,KONCH,17,35,True,False,False
51868,13,2,AIT JN,KONCH,20,1405,True,False,False
51869,13,2,AIT JN,KONCH,22,35,False,False,True
51870,13,2,AIT JN,KONCH,4,1405,False,True,False
51881,107,14,AGRA CANTT,SIKRODA KWAN,21,1301,False,False,True
51882,107,14,AGRA CANTT,SIKRODA KWAN,7,79,False,True,False
51883,345,31,ASHOK NAGAR,TARWATA,13,115,False,False,False
51884,345,31,ASHOK NAGAR,TARWATA,15,1261,False,False,False
51885,152,18,ASLANA,SUMRERI,21,1283,False,False,True
51886,154,18,ASLANA,SUMRERI,5,144,False,True,False
51901,190,31,AGRA CANTT,VRINDABAN RO,9,125,False,True,False
51902,194,32,AGRA CANTT,VRINDABAN RO,13,1278,False,False,False
51905,93,24,AHERA,SUJRA,20,14,True,False,False
51906,90,16,AHERA,SHAMLI,3,1372,False,False,True
51907,70,13,BHANKALA,TAPRI JN.,20,23,True,False,False
51908,70,13,BHANKALA,TAPRI JN.,16,1420,False,False,False
51909,163,36,AHERA,TAPRI JN.,6,243,False,True,False
51910,163,36,AHERA,TAPRI JN.,10,1210,False,True,False
51911,163,36,AHERA,TAPRI JN.,14,209,False,False,False
51912,163,36,AHERA,TAPRI JN.,22,1192,False,False,True
51913,163,32,AHERA,TAPRI JN.,19,217,True,False,False
51914,160,28,AHERA,TAPRI JN.,6,1233,False,True,False
51915,52,12,BASAI DHANKO,SULTANPUR KA,1,22,False,False,True
51916,51,12,BASAI DHANKO,SULTANPUR KA,4,1400,False,True,False
51971,122,13,ALWAR JN.,RAMGARH,13,1367,False,False,False
51972,123,13,ALWAR JN.,RAMGARH,13,24,False,False,False
51973,273,34,ARNIYA,SURER,11,1387,False,True,False
51974,273,34,ARNIYA,SURER,16,84,False,False,False
52073,202,15,BEJNAL,THAMLA MOGAN,10,26,False,True,False
52074,202,15,BEJNAL,THAMLA MOGAN,19,1406,True,False,False
52075,202,16,BEJNAL,THAMLA MOGAN,19,25,True,False,False
52076,202,16,BEJNAL,THAMLA MOGAN,7,1416,False,True,False
52171,186,28,AMBIKESHWAR,TARRA KALAN,8,398,False,True,False
52172,186,28,AMBIKESHWAR,TARRA KALAN,15,1025,False,False,False
52173,92,15,AMBIKESHWAR,THARA,17,40,True,False,False
52174,92,15,AMBIKESHWAR,THARA,9,1394,False,True,False
52175,92,8,BAMOUR GAON,SUMAOLI,10,48,False,True,False
52176,92,7,BAMOUR GAON,SUMAOLI,18,1373,True,False,False
52177,103,14,BIRPUR,TARRA KALAN,7,117,False,True,False
52178,103,14,BIRPUR,TARRA KALAN,17,1327,True,False,False
52179,70,9,ANGAI HALT,SOOROTHEE,6,1355,False,True,False
52180,70,9,ANGAI HALT,SOOROTHEE,7,87,False,True,False
52181,58,9,BARI,TANTPUR,11,70,False,True,False
52182,27,5,BARI,TANTPUR,14,1370,False,False,False
52183,39,5,ANGAI HALT,SIRMUTTRA,15,40,False,False,False
52184,70,9,ANGAI HALT,SOOROTHEE,17,87,True,False,False
52205,67,13,AKELA HANSPU,UDAYPUR KHUR,12,1406,False,False,False
52206,67,8,DUDHIA KHURD,SEHRAMAU,21,1419,False,False,True
52207,67,13,AKELA HANSPU,UDAYPUR KHUR,9,1405,False,True,False
52208,67,13,AKELA HANSPU,UDAYPUR KHUR,13,33,False,False,False
52221,67,13,AKELA HANSPU,UDAYPUR KHUR,16,1403,False,False,False
52222,67,13,AKELA HANSPU,UDAYPUR KHUR,10,33,False,True,False
52223,67,13,AKELA HANSPU,UDAYPUR KHUR,19,1401,True,False,False
52224,67,13,AKELA HANSPU,UDAYPUR KHUR,6,33,False,True,False
52225,67,8,DUDHIA KHURD,SEHRAMAU,22,19,False,False,True
52226,67,13,AKELA HANSPU,UDAYPUR KHUR,18,33,True,False,False
52229,84,15,ARELI (HALT),ZINDPURA (HA,6,40,False,True,False
52230,84,16,ARELI (HALT),ZINDPURA (HA,11,1389,False,True,False
52231,84,15,ARELI (HALT),ZINDPURA (HA,9,1406,False,True,False
52232,84,15,ARELI (HALT),ZINDPURA (HA,11,40,False,True,False
52233,83,15,ARELI (HALT),ZINDPURA (HA,15,1406,False,False,False
52234,84,16,ARELI (HALT),ZINDPURA (HA,14,32,False,False,False
52235,83,14,BHOPATPUR,ZINDPURA (HA,18,52,True,False,False
52236,84,13,ARELI (HALT),ZINDPURA (HA,17,35,True,False,False
52239,78,6,BHIRA KHERI,TIKUNIA,8,918,False,True,False
52240,78,6,BHIRA KHERI,TIKUNIA,18,130,True,False,False
52241,205,18,BICHIA,TIKUNIA,9,52,False,True,False
52242,205,18,BICHIA,TIKUNIA,18,1389,True,False,False
52251,205,18,BICHIA,TIKUNIA,13,48,False,False,False
52252,205,19,BICHIA,TIKUNIA,10,1378,False,True,False
52253,205,18,BICHIA,TIKUNIA,16,49,False,False,False
52254,205,18,BICHIA,TIKUNIA,13,1388,False,False,False
52255,205,19,BICHIA,TIKUNIA,21,65,False,False,True
52256,205,18,BICHIA,TIKUNIA,23,1386,False,False,True
52257,205,16,BICHIA,TIKUNIA,1,48,False,False,True
52258,205,16,BICHIA,TIKUNIA,6,1393,False,True,False
52259,205,16,BICHIA,TIKUNIA,7,52,False,True,False
52260,205,16,BICHIA,TIKUNIA,3,1384,False,False,True
52263,54,6,BABAGANJ HAL,RISIA,16,1370,False,False,False
52264,54,6,BABAGANJ HAL,RISIA,7,58,False,True,False
52265,54,6,BABAGANJ HAL,RISIA,22,1367,False,False,True
52266,54,6,BABAGANJ HAL,RISIA,18,70,True,False,False
52267,54,6,BABAGANJ HAL,RISIA,9,1356,False,True,False
52268,54,6,BABAGANJ HAL,RISIA,14,62,False,False,False
52297,84,6,BHOPATPUR,SHAHJAHANPUR,5,110,False,True,False
52298,84,6,BHOPATPUR,SHAHJAHANPUR,10,1320,False,True,False
52451,95,3,BAROG,SHIMLA,7,154,False,True,False
52452,95,3,BAROG,SHIMLA,20,1275,True,False,False
52453,95,12,BAROG,TARADEVI,8,126,False,True,False
52454,95,14,BAROG,TARADEVI,21,1307,False,False,True
52455,95,11,BAROG,TARADEVI,14,128,False,False,False
52456,95,10,BAROG,TARADEVI,13,1300,False,False,False
52457,95,18,BAROG,TARADEVI,5,130,False,True,False
52458,95,18,BAROG,TARADEVI,17,1273,True,False,False
52461,93,17,BALLE-DA-PIR,TRIPAL,19,117,True,False,False
52462,104,17,BALLE-DA-PIR,TRIPAL,7,1313,False,True,False
52463,156,28,BAIJNATH PAP,TRIPAL,10,1264,False,True,False
52464,176,27,BAIJNATH PAP,TRIPAL,4,163,False,True,False
52465,162,30,BAIJNATH PAP,TRIPAL,14,1214,False,False,False
52466,185,30,BAIJNATH PAP,TRIPAL,7,205,False,True,False
52467,162,30,BAIJNATH PAP,TRIPAL,20,1190,True,False,False
52468,185,30,BAIJNATH PAP,TRIPAL,14,163,False,False,False
52469,164,25,BAIJNATH PAP,TRIPAL,22,1260,False,False,True
52470,169,23,BAIJNATH PAP,TALARA,17,316,True,False,False
52471,192,30,AHJU,TRIPAL,10,1151,False,True,False
52472,215,34,AHJU,TRIPAL,8,327,False,True,False
52473,191,34,AHJU,TRIPAL,18,1125,True,False,False
52474,213,33,AHJU,TRIPAL,13,339,False,False,False
52540,87,12,DARJEELING,TUNG,8,114,False,True,False
52541,87,12,DARJEELING,TUNG,15,1310,False,False,False
52570,30,5,DARJEELING,TUNG,9,150,False,True,False
52571,30,5,DARJEELING,TUNG,17,1250,True,False,False
52587,30,5,DARJEELING,TUNG,9,1318,False,True,False
52588,30,5,DARJEELING,TUNG,16,117,False,False,False
52591,12,3,DARJEELING,GHUM,7,40,False,True,False
52592,12,3,DARJEELING,GHUM,9,50,False,True,False
52593,12,3,DARJEELING,GHUM,9,50,False,True,False
52594,12,3,DARJEELING,GHUM,10,50,False,True,False
52595,12,3,DARJEELING,GHUM,12,50,False,False,False
52596,12,3,DARJEELING,GHUM,12,50,False,False,False
52597,12,3,DARJEELING,GHUM,12,40,False,False,False
52598,12,3,DARJEELING,GHUM,16,50,False,False,False
52599,12,3,DARJEELING,GHUM,16,40,False,False,False
52911,134,14,AHMEDABAD JN,SABARMATI JN,0,567,False,False,True
52912,134,14,AHMEDABAD JN,SABARMATI JN,17,17,True,False,False
52913,134,14,AHMEDABAD JN,SABARMATI JN,0,1005,False,False,True
52914,134,14,AHMEDABAD JN,SABARMATI JN,7,18,False,True,False
52929,189,17,AMRELI,VISAVADAR,15,1300,False,False,False
52930,189,17,AMRELI,VISAVADAR,13,129,False,False,False
52931,104,11,CHITAL,VAVDI,9,1365,False,True,False
52932,104,11,CHITAL,VAVDI,18,69,True,False,False
52933,189,17,AMRELI,VISAVADAR,18,1314,True,False,False
52934,154,21,ARNEJ,VASTRAPUR,7,121,False,True,False
52935,154,20,ARNEJ,VASTRAPUR,17,1341,True,False,False
52938,175,14,AHMEDABAD JN,VASTRAPUR,0,1235,False,False,True
52939,175,14,AHMEDABAD JN,VASTRAPUR,6,69,False,True,False
52940,154,20,ARNEJ,VASTRAPUR,16,122,False,False,False
52941,154,20,ARNEJ,VASTRAPUR,10,1330,False,True,False
52942,154,12,ARNEJ,VASTRAPUR,8,82,False,True,False
52943,154,12,ARNEJ,VASTRAPUR,19,1362,True,False,False
52944,154,17,ARNEJ,VASTRAPUR,6,85,False,True,False
52945,154,17,ARNEJ,VASTRAPUR,20,1352,True,False,False
52946,189,17,AMRELI,VISAVADAR,8,121,False,True,False
52947,104,11,CHITAL,VAVDI,21,1370,False,False,True
52948,104,11,CHITAL,VAVDI,7,68,False,True,False
52949,95,12,DELVADA,VERAVAL MG,0,0,False,False,True
52950,95,12,DELVADA,VERAVAL MG,8,195,False,True,False
52951,159,19,BILKHA,VISAVADAR,19,1404,True,False,False
52952,159,19,BILKHA,VISAVADAR,7,41,False,True,False
52953,70,7,GIR GADHADA,VERAVAL MG,17,99,True,False,False
52954,70,7,GIR GADHADA,VERAVAL MG,13,648,False,False,False
52955,133,12,AMRELI,VISAVADAR,6,125,False,True,False
52956,133,12,AMRELI,VISAVADAR,21,1306,False,False,True
52963,63,8,BARAWAHA,SANAWAD,8,31,False,True,False
52964,63,8,BARAWAHA,SANAWAD,14,1421,False,False,False
52973,63,8,BARAWAHA,SANAWAD,21,32,False,False,True
52974,63,8,BARAWAHA,SANAWAD,6,1421,False,True,False
52975,63,8,BARAWAHA,SANAWAD,15,32,False,False,False
52976,63,8,BARAWAHA,SANAWAD,19,1421,True,False,False
52987,63,8,BARAWAHA,SANAWAD,21,32,False,False,True
52988,63,8,BARAWAHA,SANAWAD,6,1056,False,True,False
53001,209,42,AMBIKA KALNA,TENYA,18,147,True,False,False
53002,216,36,AMBIKA KALNA,TENYA,0,1305,False,False,True
53005,65,17,AZIMGANJ JN.,TENYA,10,1342,False,True,False
53006,72,16,AZIMGANJ JN.,TENYA,3,60,False,False,True
53007,131,28,AZIMGANJ  CI,TENYA,11,1329,False,True,False
53008,131,29,AZIMGANJ  CI,TENYA,11,141,False,True,False
53009,65,18,AZIMGANJ JN.,TENYA,14,1352,False,False,False
53010,72,19,AZIMGANJ JN.,TENYA,4,69,False,True,False
53011,65,15,AZIMGANJ JN.,TENYA,15,1357,False,False,False
53012,72,20,AZIMGANJ JN.,TENYA,7,72,False,True,False
53013,72,17,AZIMGANJ JN.,TENYA,18,1358,True,False,False
53014,72,17,AZIMGANJ JN.,TENYA,8,72,False,True,False
53015,65,16,AZIMGANJ JN.,TENYA,20,1357,True,False,False
53016,72,16,AZIMGANJ JN.,TENYA,13,74,False,False,False
53017,72,17,AZIMGANJ JN.,TENYA,21,1343,False,False,True
53018,72,20,AZIMGANJ JN.,TENYA,15,72,False,False,False
53019,65,13,AZIMGANJ JN.,TENYA,23,1367,False,False,True
53020,65,15,AZIMGANJ JN.,TENYA,16,60,False,False,False
53021,142,25,AZIMGANJ  CI,TINPAHAR JN.,3,200,False,False,True
53022,142,25,AZIMGANJ  CI,TINPAHAR JN.,18,1221,True,False,False
53023,59,11,AZIMGANJ  CI,TAKIPUR,5,56,False,True,False
53024,59,10,AZIMGANJ  CI,TAKIPUR,23,1382,False,False,True
53025,59,11,AZIMGANJ  CI,TAKIPUR,9,56,False,True,False
53026,59,11,AZIMGANJ  CI,TAKIPUR,19,1351,True,False,False
53027,112,22,AZIMGANJ  CI,SANKOPARA H,16,101,False,False,False
53028,112,22,AZIMGANJ  CI,SANKOPARA H,10,1309,False,True,False
53029,217,42,AZIMGANJ  CI,TINPAHAR JN.,16,214,False,False,False
53030,217,41,AZIMGANJ  CI,TINPAHAR JN.,12,1226,False,False,False
53031,59,11,AZIMGANJ  CI,TAKIPUR,18,56,True,False,False
53034,59,11,AZIMGANJ  CI,TAKIPUR,17,1377,True,False,False
53035,87,18,AZIMGANJ  CI,TILDANGA,21,218,False,False,True
53036,87,20,AZIMGANJ  CI,TILDANGA,6,1321,False,True,False
53037,74,14,AMMAPALI,SHIVNARAYANP,9,29,False,True,False
53038,74,14,AMMAPALI,SHIVNARAYANP,13,1417,False,False,False
53041,718,118,ABHAIPUR,UREN,0,13,False,False,True
53042,718,107,ABHAIPUR,UREN,5,1422,False,True,False
53043,653,83,ABHAIPUR,WENA,0,454,False,False,True
53044,653,73,ABHAIPUR,WENA,19,1122,True,False,False
53045,286,21,BANDEL JN.,UKHRA,17,183,True,False,False
53046,287,20,BANDEL JN.,UKHRA,10,1247,False,True,False
53047,218,23,AHMADPUR JN.,TARAPITH ROA,20,41,True,False,False
53048,218,23,AHMADPUR JN.,TARAPITH ROA,6,1396,False,True,False
53049,453,53,ADI SAPTAGRA,VIDYASAGAR,0,296,False,False,True
53050,454,50,ASANSOL MAIN,VIDYASAGAR,20,1288,True,False,False
53061,348,50,ASANSOL MAIN,KULTI,9,20,False,True,False
53062,346,50,ASANSOL MAIN,KULTI,18,1393,True,False,False
53063,194,31,AHMADPUR JN.,TARAPITH ROA,8,39,False,True,False
53064,194,31,AHMADPUR JN.,TARAPITH ROA,17,1399,True,False,False
53068,111,19,AHMADPUR JN.,TARAPITH ROA,10,1397,False,True,False
53069,111,19,AHMADPUR JN.,TARAPITH ROA,21,37,False,False,True
53073,137,22,BARHARWA JN.,TINPAHAR JN.,22,22,False,False,True
53074,137,22,BARHARWA JN.,TINPAHAR JN.,6,1404,False,True,False
53075,82,13,BARHARWA JN.,TILBHITA,0,1393,False,False,True
53076,82,13,BARHARWA JN.,TILBHITA,2,25,False,False,True
53081,64,8,ADALPAHARI,SHIKARIPARA,11,39,False,True,False
53131,571,70,ASANSOL MAIN,VIDYASAGAR,11,68,False,True,False
53132,572,70,ASANSOL MAIN,VIDYASAGAR,21,1319,False,False,True
53137,82,13,BARHARWA JN.,TILBHITA,6,1393,False,True,False
53138,82,13,BARHARWA JN.,TILBHITA,9,25,False,True,False
53139,324,18,ASANSOL MAIN,ANDAL JN.,3,1375,False,False,True
53140,325,18,ASANSOL MAIN,ANDAL JN.,9,29,False,True,False
53171,231,40,BADKULLA,TAHERPUR,6,1432,False,True,False
53172,229,38,BADKULLA,TAHERPUR,1,6,False,False,True
53175,231,35,BADKULLA,TAHERPUR,14,1432,False,False,False
53176,229,36,BADKULLA,TAHERPUR,10,6,False,True,False
53177,230,29,BADKULLA,TAHERPUR,18,1432,True,False,False
53178,229,36,BADKULLA,TAHERPUR,12,6,False,False,False
53179,223,35,BADKULLA,TAHERPUR,16,1432,False,False,False
53180,222,39,BADKULLA,TAHERPUR,17,6,True,False,False
53181,230,34,BADKULLA,TAHERPUR,1,1432,False,False,True
53186,229,33,BELDANGA,SONADANGA,8,47,False,True,False
53207,42,5,DANIYAWAN BA,ISLAMPUR,15,1375,False,False,False
53208,42,5,DANIYAWAN BA,ISLAMPUR,11,83,False,True,False
53209,71,8,BIHAR SHARIF,SILAO,8,1396,False,True,False
53210,71,8,BIHAR SHARIF,SILAO,19,49,True,False,False
53211,146,13,ARA,BIKRAM GANJ,17,84,True,False,False
53212,146,13,ARA,BIKRAM GANJ,9,1292,False,True,False
53213,94,26,BARABAR HALT,WANABAR HALT,16,1431,False,False,False
53214,88,25,BARABAR HALT,WANABAR HALT,18,9,True,False,False
53221,53,8,BIHAR SHARIF,WENA,22,20,False,False,True
53222,53,8,BIHAR SHARIF,WENA,16,1407,False,False,False
53223,53,8,BIHAR SHARIF,WENA,10,23,False,True,False
53224,53,7,BIHAR SHARIF,WENA,6,1409,False,True,False
53225,140,13,BIHAR SHARIF,WAZERGANJ,15,196,False,False,False
53226,140,13,BIHAR SHARIF,WAZERGANJ,12,1227,False,False,False
53229,108,19,BIHAR SHARIF,WENA,6,35,False,True,False
53230,108,18,BIHAR SHARIF,WENA,21,1405,False,False,True
53231,154,20,BIHAR SHARIF,WENA,17,23,True,False,False
53232,154,20,BIHAR SHARIF,WENA,12,1406,False,False,False
53323,27,7,DHANBAD JN.,SINDRI MARSH,9,1365,False,True,False
53324,27,7,DHANBAD JN.,SINDRI MARSH,6,61,False,True,False
53327,56,12,BHULI,TETULMARI,15,8,False,False,False
53328,56,12,BHULI,TETULMARI,16,1430,False,False,False
53333,27,6,DHANBAD JN.,SINDRI MARSH,21,1355,False,False,True
53334,27,6,DHANBAD JN.,SINDRI MARSH,12,43,False,False,False
53343,460,59,AMLO,WYNDHAMGANJ,6,615,False,True,False
53344,460,58,AMLO,WYNDHAMGANJ,18,865,True,False,False
53345,223,23,AGORI KHAS,UNCHDIH,4,330,False,True,False
53346,223,23,AGORI KHAS,UNCHDIH,22,1049,False,False,True
53347,258,36,AMLO,TORI,10,253,False,True,False
53348,258,35,AMLO,TORI,12,1122,False,False,False
53349,159,24,ANKORAH (AKO,UNTARI ROAD,20,1362,True,False,False
53350,159,24,ANKORAH (AKO,UNTARI ROAD,6,98,False,True,False
53351,304,31,AGORI KHAS,WYNDHAMGANJ,8,1257,False,True,False
53352,304,31,AGORI KHAS,WYNDHAMGANJ,16,176,False,False,False
53357,316,43,ANKORAH (AKO,UNTARI ROAD,14,1343,False,False,False
53358,316,42,ANKORAH (AKO,UNTARI ROAD,16,84,False,False,False
53363,85,14,ANUGRAH NARA,SON NAGAR JN,11,14,False,True,False
53364,85,14,ANUGRAH NARA,SON NAGAR JN,13,1421,False,False,False
53365,87,9,DHANWAR,REMA,10,1426,False,True,False
53366,87,9,DHANWAR,REMA,7,10,False,True,False
53369,87,9,DHANWAR,REMA,19,1426,True,False,False
53370,87,9,DHANWAR,REMA,16,10,False,False,False
53371,139,16,ARIGADA,URWAN,9,1227,False,True,False
53372,139,16,ARIGADA,URWAN,6,201,False,True,False
53373,139,16,ARIGADA,URWAN,16,1231,False,False,False
53374,139,16,ARIGADA,URWAN,18,201,True,False,False
53401,103,19,BONIDANGA,TINPAHAR JN.,7,1384,False,True,False
53402,103,19,BONIDANGA,TINPAHAR JN.,17,43,True,False,False
53403,433,66,ABHAIPUR,WAZERGANJ,17,304,True,False,False
53404,174,21,ABHAIPUR,WAZERGANJ,12,1126,False,False,False
53405,137,22,BARHARWA JN.,TINPAHAR JN.,9,22,False,True,False
53406,137,22,BARHARWA JN.,TINPAHAR JN.,20,1404,True,False,False
53408,259,46,AKBARNAGAR,TINPAHAR JN.,14,254,False,False,False
53411,54,10,BARHARWA JN.,TINPAHAR JN.,12,22,False,False,False
53412,54,10,BARHARWA JN.,TINPAHAR JN.,13,1404,False,False,False
53415,127,31,ABJUGANJ,SHIVNARAYANP,18,1296,True,False,False
53416,127,31,ABJUGANJ,SHIVNARAYANP,8,119,False,True,False
53417,233,39,AHMADPUR JN.,TARAPITH ROA,6,40,False,True,False
53418,233,39,AHMADPUR JN.,TARAPITH ROA,19,1397,True,False,False
53423,45,13,ABHAIPUR,UREN,12,16,False,False,False
53424,44,13,ABHAIPUR,UREN,14,1418,False,False,False
53431,127,31,ABJUGANJ,SHIVNARAYANP,10,1276,False,True,False
53432,127,31,ABJUGANJ,SHIVNARAYANP,16,123,False,False,False
53433,87,19,AZIMGANJ  CI,TILDANGA,8,140,False,True,False
53434,87,19,AZIMGANJ  CI,TILDANGA,16,1327,False,False,False
53435,65,19,AZIMGANJ JN.,TENYA,8,1342,False,True,False
53436,65,18,AZIMGANJ JN.,TENYA,18,75,True,False,False
53441,71,16,BELA,TIKANI,12,16,False,False,False
53442,72,16,BELA,TIKANI,4,1422,False,True,False
53443,71,16,BELA,TIKANI,17,15,True,False,False
53444,73,18,BELA,TIKANI,13,1413,False,False,False
53445,71,16,BELA,TIKANI,23,17,False,False,True
53446,72,16,BELA,TIKANI,19,1421,True,False,False
53447,50,15,BANKA,TIKANI,19,88,True,False,False
53448,51,15,BANKA,TIKANI,0,1042,False,False,True
53449,50,15,BANKA,TIKANI,9,92,False,True,False
53450,51,15,BANKA,TIKANI,0,438,False,False,True
53451,41,6,BARAPALASI,NONIHAT,9,18,False,True,False
53452,41,6,BARAPALASI,NONIHAT,7,1420,False,True,False
53479,45,13,ABHAIPUR,UREN,5,15,False,True,False
53480,44,13,ABHAIPUR,UREN,8,1418,False,True,False
53481,11,2,RAJMAHAL,TINPAHAR JN.,4,1415,False,True,False
53482,11,2,RAJMAHAL,TINPAHAR JN.,2,25,False,False,True
53483,11,2,RAJMAHAL,TINPAHAR JN.,6,1415,False,True,False
53484,11,2,RAJMAHAL,TINPAHAR JN.,4,25,False,True,False
53485,11,2,RAJMAHAL,TINPAHAR JN.,10,1412,False,True,False
53486,11,2,RAJMAHAL,TINPAHAR JN.,6,25,False,True,False
53487,11,2,RAJMAHAL,TINPAHAR JN.,14,1412,False,False,False
53488,11,2,RAJMAHAL,TINPAHAR JN.,12,25,False,False,False
53489,11,2,RAJMAHAL,TINPAHAR JN.,16,1415,False,False,False
53490,11,2,RAJMAHAL,TINPAHAR JN.,14,25,False,False,False
53491,11,2,RAJMAHAL,TINPAHAR JN.,19,1415,True,False,False
53492,11,2,RAJMAHAL,TINPAHAR JN.,17,28,True,False,False
53493,11,2,RAJMAHAL,TINPAHAR JN.,21,1415,False,False,True
53494,11,2,RAJMAHAL,TINPAHAR JN.,20,25,True,False,False
53495,11,2,RAJMAHAL,TINPAHAR JN.,23,1415,False,False,True
53496,11,2,RAJMAHAL,TINPAHAR JN.,22,25,False,False,True
53497,52,18,ABJUGANJ,SULTANGANJ,22,4,False,False,True
53498,52,18,ABJUGANJ,SULTANGANJ,20,1409,True,False,False
53511,38,7,GIRDIH,SUGAPAHARI H,4,1388,False,True,False
53512,37,7,GIRDIH,SUGAPAHARI H,4,44,False,True,False
53513,38,7,GIRDIH,SUGAPAHARI H,9,1388,False,True,False
53514,37,7,GIRDIH,SUGAPAHARI H,9,44,False,True,False
53515,38,7,GIRDIH,SUGAPAHARI H,13,1388,False,False,False
53516,37,7,GIRDIH,SUGAPAHARI H,13,44,False,False,False
53517,38,7,GIRDIH,SUGAPAHARI H,17,1388,True,False,False
53518,37,7,GIRDIH,SUGAPAHARI H,17,44,True,False,False
53519,38,7,GIRDIH,SUGAPAHARI H,22,1393,False,False,True
53520,37,7,GIRDIH,SUGAPAHARI H,22,44,False,False,True
53523,188,35,AMLO,KULTI,20,1227,True,False,False
53524,188,35,AMLO,KULTI,4,262,False,True,False
53525,453,63,ANKORAH (AKO,VYASANAGAR,12,289,False,False,False
53526,453,62,ANKORAH (AKO,VYASANAGAR,11,1195,False,True,False
53551,70,9,BASUKINATH,NEW MADANPUR,9,1416,False,True,False
53552,70,9,BASUKINATH,NEW MADANPUR,8,22,False,True,False
53553,70,9,BASUKINATH,NEW MADANPUR,13,1416,False,False,False
53554,70,9,BASUKINATH,NEW MADANPUR,12,22,False,False,False
53555,70,9,BASUKINATH,NEW MADANPUR,18,1416,True,False,False
53556,70,9,BASUKINATH,NEW MADANPUR,16,22,False,False,False
53611,159,24,ANKORAH (AKO,UNTARI ROAD,9,1350,False,True,False
53612,159,24,ANKORAH (AKO,UNTARI ROAD,19,92,True,False,False
53615,174,19,ABHAIPUR,WAZERGANJ,8,266,False,True,False
53616,174,19,ABHAIPUR,WAZERGANJ,19,1184,True,False,False
53623,183,20,BHALUI,WAZERGANJ,14,256,False,False,False
53624,183,21,BHALUI,WAZERGANJ,11,1134,False,True,False
53625,129,13,GAYA JN.,WAZERGANJ,10,1309,False,True,False
53626,129,13,GAYA JN.,WAZERGANJ,7,45,False,True,False
53627,129,12,GAYA JN.,WAZERGANJ,11,1311,False,True,False
53628,129,12,GAYA JN.,WAZERGANJ,11,39,False,True,False
53629,129,12,GAYA JN.,WAZERGANJ,18,1377,True,False,False
53630,129,13,GAYA JN.,WAZERGANJ,19,39,True,False,False
53631,129,12,GAYA JN.,WAZERGANJ,22,1358,False,False,True
53632,129,12,GAYA JN.,WAZERGANJ,20,31,True,False,False
53641,53,9,BAHORA CHAND,ZAMANIA,19,1430,True,False,False
53642,53,9,BAHORA CHAND,ZAMANIA,7,5,False,True,False
53643,18,4,DILDARNAGAR,TARIGHAT,8,60,False,True,False
53644,18,4,DILDARNAGAR,TARIGHAT,10,1380,False,True,False
53645,18,4,DILDARNAGAR,TARIGHAT,12,60,False,False,False
53646,18,4,DILDARNAGAR,TARIGHAT,14,1380,False,False,False
53647,18,4,DILDARNAGAR,TARIGHAT,16,60,False,False,False
53648,18,4,DILDARNAGAR,TARIGHAT,19,1380,True,False,False
54001,73,20,ASTHAL BOHAR,VIVEKANANDPU,20,1337,True,False,False
54002,73,20,ASTHAL BOHAR,VIVEKANANDPU,6,95,False,True,False
54005,119,23,ASTHAL BOHAR,VIVEKANANDPU,6,1348,False,True,False
54006,141,25,ASAN,SILA KHERI,6,1395,False,True,False
54007,141,25,ASAN,SILA KHERI,12,43,False,False,False
54008,141,25,ASAN,SILA KHERI,11,1395,False,True,False
54009,141,25,ASAN,SILA KHERI,20,43,True,False,False
54010,33,5,BARSOLA,UCHANA,23,1426,False,False,True
54011,227,39,BASAI DHANKO,ZERPUR PALI,19,178,True,False,False
54012,227,39,BASAI DHANKO,ZERPUR PALI,7,1265,False,True,False
54013,49,7,BAMLA,ROHTAK JN.,14,1396,False,False,False
54014,49,7,BAMLA,ROHTAK JN.,7,77,False,True,False
54015,49,7,BAMLA,ROHTAK JN.,18,1396,True,False,False
54016,49,7,BAMLA,ROHTAK JN.,10,58,False,True,False
54018,49,7,BAMLA,ROHTAK JN.,16,67,False,False,False
54019,81,8,ASTHAL BOHAR,ROHTAK JN.,6,12,False,True,False
54023,57,9,BISHANPUR HA,SAMAR GOPALP,8,1385,False,True,False
54024,127,25,ASTHAL BOHAR,VIVEKANANDPU,19,144,True,False,False
54025,60,6,GOHANA,ROHTAK JN.,12,1392,False,False,False
54026,71,6,GOHANA,ROHTAK JN.,15,46,False,False,False
54031,127,25,ASTHAL BOHAR,VIVEKANANDPU,13,1341,False,False,False
54032,127,25,ASTHAL BOHAR,VIVEKANANDPU,8,101,False,True,False
54033,160,29,ASTHAL BOHAR,VIVEKANANDPU,19,1341,True,False,False
54034,127,25,ASTHAL BOHAR,VIVEKANANDPU,17,113,True,False,False
54035,199,35,ASTHAL BOHAR,VIVEKANANDPU,17,1342,True,False,False
54036,199,35,ASTHAL BOHAR,VIVEKANANDPU,8,101,False,True,False
54037,120,17,BARSOLA,UCHANA,10,1427,False,True,False
54038,119,17,BARSOLA,UCHANA,4,11,False,True,False
54039,120,17,BARSOLA,UCHANA,15,1426,False,False,False
54040,119,17,BARSOLA,UCHANA,8,11,False,True,False
54041,120,17,BARSOLA,UCHANA,21,1425,False,False,True
54042,119,17,BARSOLA,UCHANA,13,10,False,False,False
54043,327,40,MANDI ADAMPU,UCHANA,23,1027,False,False,True
54044,327,40,MANDI ADAMPU,UCHANA,5,524,False,True,False
54045,257,34,BUDHLADA,UCHANA,6,1307,False,True,False
54046,257,36,AJIT GILL MA,UCHANA,16,320,False,False,False
54047,120,10,BARSOLA,UCHANA,0,1426,False,False,True
54048,119,17,BARSOLA,UCHANA,17,12,True,False,False
54049,141,25,ASAN,SILA KHERI,6,43,False,True,False
54050,141,25,ASAN,SILA KHERI,17,1397,True,False,False
54051,123,14,AJITWAL,TALWANDI,11,60,False,True,False
54052,123,14,AJITWAL,TALWANDI,15,1380,False,False,False
54053,128,19,AHMED GARH,SUNAM,7,1343,False,True,False
54054,128,19,AHMED GARH,SUNAM,19,109,True,False,False
54055,160,26,ADHYATMIK NA,VIVEK VIHAR,20,48,True,False,False
54056,160,26,ADHYATMIK NA,VIVEK VIHAR,11,1387,False,True,False
54057,93,24,AHERA,SUJRA,22,23,False,False,True
54058,93,24,AHERA,SUJRA,4,1422,False,True,False
54059,90,16,AHERA,SHAMLI,0,68,False,False,True
54060,93,24,AHERA,SUJRA,8,1424,False,True,False
54075,408,40,AMROHA,UNCHAULIA,23,960,False,False,True
54076,408,44,AMROHA,VIVEK VIHAR,3,1260,False,False,True
54077,110,18,ASAFPUR,SISARKA,19,8,True,False,False
54078,110,19,ASAFPUR,SISARKA,7,1428,False,True,False
54085,82,18,BASAI DHANKO,TAJ NAGAR,8,24,False,True,False
54086,82,18,BASAI DHANKO,TAJ NAGAR,11,1414,False,True,False
54091,24,3,KOTDWARA,SANEH ROAD,20,1412,True,False,False
54092,24,3,KOTDWARA,SANEH ROAD,7,16,False,True,False
54101,208,34,ACHAL GANJ,UNCHAHAR JN.,21,1274,False,False,True
54102,208,34,ACHAL GANJ,UNCHAHAR JN.,3,161,False,False,True
54103,120,16,ALLAHABAD JN,UNCHDIH,0,476,False,False,True
54104,120,16,ALLAHABAD JN,UNCHDIH,18,55,True,False,False
54107,113,19,ALLAHABAD JN,ZAFARABAD JN,17,266,True,False,False
54108,113,19,ALLAHABAD JN,ZAFARABAD JN,10,1174,False,True,False
54109,214,33,AKBARPUR JN.,ZAFARABAD JN,20,1325,True,False,False
54110,214,33,AKBARPUR JN.,ZAFARABAD JN,4,129,False,True,False
54152,77,13,AUNG,SIRSAUL,19,1415,True,False,False
54153,167,27,ACHAL GANJ,UNCHAHAR JN.,7,1239,False,True,False
54154,167,27,ACHAL GANJ,UNCHAHAR JN.,17,205,True,False,False
54155,138,27,ARAUL MAKANP,YAQUTGANJ (H,14,97,False,False,False
54156,139,27,ARAUL MAKANP,YAQUTGANJ (H,12,1335,False,False,False
54158,136,26,ARAUL MAKANP,YAQUTGANJ (H,22,1351,False,False,True
54159,397,44,ALLAHABAD JN,TEHARKA,18,803,True,False,False
54161,261,27,AKONA,SINGHPURDUMR,7,1253,False,True,False
54162,261,28,AKONA,SINGHPURDUMR,19,193,True,False,False
54201,37,7,ALAM NAGAR,RAHIMABAD,13,47,False,False,False
54211,128,23,ACHAL GANJ,UBARNI,9,1276,False,True,False
54212,128,23,ACHAL GANJ,UBARNI,15,159,False,False,False
54221,57,10,BAHAI HALT,UBARNI,6,1397,False,True,False
54222,57,10,BAHAI HALT,UBARNI,8,49,False,True,False
54223,57,10,BAHAI HALT,UBARNI,19,1380,True,False,False
54224,57,10,BAHAI HALT,UBARNI,21,40,False,False,True
54225,37,5,DARYAPUR,UNCHAHAR JN.,10,1404,False,True,False
54226,37,5,DARYAPUR,UNCHAHAR JN.,8,40,False,True,False
54227,37,5,DARYAPUR,UNCHAHAR JN.,18,1395,True,False,False
54228,37,5,DARYAPUR,UNCHAHAR JN.,15,40,False,False,False
54231,127,18,BARA BANKI J,SAIDKHANPUR,8,1384,False,True,False
54232,127,18,BARA BANKI J,SAIDKHANPUR,5,37,False,True,False
54233,127,18,BARA BANKI J,SAIDKHANPUR,18,1406,True,False,False
54234,127,18,BARA BANKI J,SAIDKHANPUR,17,34,True,False,False
54237,46,7,ACHARYA NARE,TIKRI HALT,21,1378,False,False,True
54238,45,7,ACHARYA NARE,TIKRI HALT,4,56,False,True,False
54239,38,5,AYODHYA,TIKRI HALT,9,1388,False,True,False
54240,38,5,AYODHYA,TIKRI HALT,9,35,False,True,False
54243,38,5,AYODHYA,TIKRI HALT,18,1391,True,False,False
54244,38,5,AYODHYA,TIKRI HALT,18,43,True,False,False
54251,508,74,AIGAWAN,UMAR TALI,2,1116,False,False,True
54252,518,75,AIGAWAN,UMAR TALI,22,115,False,False,True
54253,225,32,AMETHI,BHUPIA MAU,18,1334,True,False,False
54254,225,32,AMETHI,BHUPIA MAU,8,106,False,True,False
54255,301,43,AMETHI,UTRAITIA JN,10,238,False,True,False
54256,301,42,AMETHI,UTRAITIA JN,14,1244,False,False,False
54261,75,14,BIRAPATTI,ZAFARABAD JN,20,61,True,False,False
54262,57,11,BIRAPATTI,ZAFARABAD JN,4,1370,False,True,False
54263,143,21,BHADAIYAN,ZAFARABAD JN,10,1336,False,True,False
54264,143,21,BHADAIYAN,ZAFARABAD JN,6,92,False,True,False
54265,143,21,BHADAIYAN,ZAFARABAD JN,19,1345,True,False,False
54266,143,21,BHADAIYAN,ZAFARABAD JN,18,85,True,False,False
54267,18,4,VARANASI JN.,VYASANAGAR,9,1411,False,True,False
54268,18,4,VARANASI JN.,VYASANAGAR,7,25,False,True,False
54270,18,4,VARANASI JN.,VYASANAGAR,18,21,True,False,False
54271,198,31,ARA,BIKRAM GANJ,12,118,False,False,False
54272,198,31,ARA,BIKRAM GANJ,1,1316,False,False,True
54273,97,17,ARA,BIKRAM GANJ,3,104,False,False,True
54274,97,17,ARA,BIKRAM GANJ,11,1273,False,True,False
54281,139,19,ADHINPUR,WARISGANJ HA,6,5,False,True,False
54282,139,18,ADHINPUR,WARISGANJ HA,8,1432,False,True,False
54283,139,18,ADHINPUR,WARISGANJ HA,20,6,True,False,False
54284,139,18,ADHINPUR,WARISGANJ HA,21,1429,False,False,True
54291,128,18,BHADOHI,SUWANSA,18,83,True,False,False
54292,128,18,BHADOHI,SUWANSA,6,1365,False,True,False
54293,172,25,AMETHI,UTRAITIA JN,7,249,False,True,False
54294,172,27,AMETHI,UTRAITIA JN,18,1196,True,False,False
54303,266,41,AMIN,AMBALA CANTT,20,85,True,False,False
54304,331,47,BAMANHERI,YAMUNANAGER,14,1194,False,False,False
54307,160,23,AMROHA,VIVEK VIHAR,17,287,True,False,False
54308,160,23,AMROHA,VIVEK VIHAR,6,1197,False,True,False
54309,82,18,BASAI DHANKO,TAJ NAGAR,6,24,False,True,False
54310,82,18,BASAI DHANKO,TAJ NAGAR,10,1411,False,True,False
54311,110,20,ASAFPUR,SISARKA,13,8,False,False,False
54312,110,20,ASAFPUR,SISARKA,9,1430,False,True,False
54313,43,9,CHANDAUSI JN,RAJA-KA-SAHA,18,50,True,False,False
54314,43,9,CHANDAUSI JN,RAJA-KA-SAHA,18,1388,True,False,False
54321,64,13,ARSENI,SITAPUR KUTC,7,263,False,True,False
54322,64,13,ARSENI,SITAPUR KUTC,20,1307,True,False,False
54323,98,11,BURHWAL JN.,TAHSIL FATEH,15,21,False,False,False
54324,97,14,BABUPUR (HAL,TAHSIL FATEH,14,28,False,False,False
54325,176,30,ARSENI,UGU,12,273,False,False,False
54326,176,30,ARSENI,UGU,12,1106,False,False,False
54327,86,11,HEMPUR,UNCHAULIA,17,78,True,False,False
54328,86,11,HEMPUR,UNCHAULIA,8,1363,False,True,False
54329,95,16,AIGAWAN,TODARPUR,19,1412,True,False,False
54330,95,16,AIGAWAN,TODARPUR,9,24,False,True,False
54331,68,11,ALAM NAGAR,UMAR TALI,17,64,True,False,False
54332,68,10,ALAM NAGAR,UMAR TALI,9,1331,False,True,False
54333,323,46,AKBARPUR JN.,ZAFARABAD JN,6,1327,False,True,False
54334,323,46,AKBARPUR JN.,ZAFARABAD JN,16,131,False,False,False
54335,117,20,ATWA KURSATH,UGU,7,97,False,True,False
54336,117,20,ATWA KURSATH,UGU,18,1340,True,False,False
54341,131,21,AITHAL,SAHARANPUR J,17,1264,True,False,False
54342,131,21,AITHAL,SAHARANPUR J,10,182,False,True,False
54351,164,27,ASAFPUR,SUNMAI HALT,15,1243,False,False,False
54352,164,27,ASAFPUR,SUNMAI HALT,6,180,False,True,False
54353,164,22,ASAFPUR,SUNMAI HALT,21,1261,False,False,True
54354,164,27,ASAFPUR,SUNMAI HALT,10,201,False,True,False
54355,78,13,BAREILLY JN.,TISUA,0,440,False,False,True
54356,78,13,BAREILLY JN.,TISUA,18,46,True,False,False
54371,150,21,BISHNATH GAN,BHUPIA MAU,5,9,False,True,False
54372,150,21,BISHNATH GAN,BHUPIA MAU,17,1427,True,False,False
54373,150,21,BISHNATH GAN,BHUPIA MAU,8,11,False,True,False
54374,150,21,BISHNATH GAN,BHUPIA MAU,21,1422,False,False,True
54375,107,18,BARSATHI,ZAFARABAD JN,8,105,False,True,False
54376,107,18,BARSATHI,ZAFARABAD JN,18,1362,True,False,False
54377,429,62,AIGAWAN,UTRAITIA JN,11,1155,False,True,False
54378,429,62,AIGAWAN,UTRAITIA JN,10,399,False,True,False
54381,106,17,AMHERA  HALT,SUAHERI HALT,9,64,False,True,False
54382,106,18,AMHERA  HALT,SUAHERI HALT,10,1323,False,True,False
54383,106,18,AMHERA  HALT,SUAHERI HALT,16,67,False,False,False
54384,106,17,AMHERA  HALT,SUAHERI HALT,19,1367,True,False,False
54385,24,3,KOTDWARA,SANEH ROAD,9,1412,False,True,False
54386,24,3,KOTDWARA,SANEH ROAD,10,16,False,True,False
54387,24,3,KOTDWARA,SANEH ROAD,12,1412,False,False,False
54388,24,3,KOTDWARA,SANEH ROAD,12,16,False,False,False
54389,24,3,KOTDWARA,SANEH ROAD,18,1412,True,False,False
54390,24,3,KOTDWARA,SANEH ROAD,18,16,True,False,False
54391,142,24,ALIGARH JN.,SUNMAI HALT,4,33,False,True,False
54392,142,24,ALIGARH JN.,SUNMAI HALT,22,1394,False,False,True
54393,53,9,AMROHA,MAHESRA,10,22,False,True,False
54394,53,9,AMROHA,MAHESRA,14,1415,False,False,False
54395,159,23,AMROHA,SISAUNA,20,139,True,False,False
54396,159,23,AMROHA,SISAUNA,7,1300,False,True,False
54397,47,9,FARHEDI HALT,SIRSI MUKHDU,17,1351,True,False,False
54398,47,9,FARHEDI HALT,SIRSI MUKHDU,13,81,False,False,False
54401,92,14,BARAL,NURNAGAR  HA,6,140,False,True,False
54402,92,14,BARAL,NURNAGAR  HA,8,1257,False,True,False
54403,92,14,BARAL,NURNAGAR  HA,14,100,False,False,False
54404,92,14,BARAL,NURNAGAR  HA,12,1332,False,False,False
54405,92,14,BARAL,NURNAGAR  HA,18,137,True,False,False
54406,92,13,BARAL,NURNAGAR  HA,19,1343,True,False,False
54411,160,37,ANAND VIHAR,VIVEKANANDPU,18,1348,True,False,False
54412,160,37,ANAND VIHAR,VIVEKANANDPU,8,75,False,True,False
54413,82,18,BASAI DHANKO,TAJ NAGAR,4,21,False,True,False
54414,82,18,BASAI DHANKO,TAJ NAGAR,8,1414,False,True,False
54416,82,18,BASAI DHANKO,TAJ NAGAR,14,1415,False,False,False
54417,82,18,BASAI DHANKO,TAJ NAGAR,17,22,True,False,False
54420,82,18,BASAI DHANKO,TAJ NAGAR,20,1415,True,False,False
54421,82,18,BASAI DHANKO,TAJ NAGAR,12,23,False,False,False
54423,119,23,ASTHAL BOHAR,VIVEKANANDPU,18,1344,True,False,False
54424,119,23,ASTHAL BOHAR,VIVEKANANDPU,6,88,False,True,False
54461,415,55,AGRA  FORT,TUNDLA JN,19,120,True,False,False
54462,416,56,AGRA  FORT,TUNDLA JN,7,1325,False,True,False
54463,233,38,AITHAL,VIRBHADRA,12,90,False,False,False
54464,233,36,AITHAL,VIRBHADRA,13,1348,False,False,False
54465,142,21,ARAON,UGARPUR,18,1301,True,False,False
54466,142,21,ARAON,UGARPUR,6,159,False,True,False
54467,73,10,AWA GARH,TUNDLA JN,7,1354,False,True,False
54468,73,10,AWA GARH,TUNDLA JN,8,74,False,True,False
54469,73,10,AWA GARH,TUNDLA JN,11,1372,False,True,False
54470,73,10,AWA GARH,TUNDLA JN,16,84,False,False,False
54471,283,45,AITHAL,VIVEK VIHAR,1,971,False,False,True
54472,283,46,AITHAL,VIVEK VIHAR,8,547,False,True,False
54473,189,33,ANAND VIHAR,TAPRI JN.,19,274,True,False,False
54474,189,28,ANAND VIHAR,TILAK BRIDGE,8,11,False,True,False
54475,243,50,AHERA,TAPRI JN.,11,274,False,True,False
54476,243,50,AHERA,TAPRI JN.,13,1170,False,False,False
54481,22,5,HARIDWAR JN,VIRBHADRA,4,37,False,True,False
54482,22,5,HARIDWAR JN,VIRBHADRA,8,1390,False,True,False
54483,22,5,HARIDWAR JN,VIRBHADRA,10,37,False,True,False
54484,22,5,HARIDWAR JN,VIRBHADRA,15,1380,False,False,False
54485,22,5,HARIDWAR JN,VIRBHADRA,16,47,False,False,False
54486,22,5,HARIDWAR JN,VIRBHADRA,19,1395,True,False,False
54531,69,8,CHANDIGARH,AMBALA CANTT,19,1370,True,False,False
54532,69,8,CHANDIGARH,AMBALA CANTT,13,70,False,False,False
54539,272,42,BAMANHERI,YAMUNANAGER,9,202,False,True,False
54540,272,40,BAMANHERI,YAMUNANAGER,19,1210,True,False,False
54541,194,28,BAMANHERI,YAMUNANAGER,7,148,False,True,False
54542,194,28,BAMANHERI,YAMUNANAGER,21,1201,False,False,True
54551,201,26,ALAL,AMBALA CANTT,14,1253,False,False,False
54552,201,26,ALAL,AMBALA CANTT,9,203,False,True,False
54553,106,14,CHHINTANWALA,AMBALA CANTT,18,1312,True,False,False
54555,95,13,ALAL,TAPA,6,52,False,True,False
54556,201,24,ALAL,AMBALA CANTT,19,201,True,False,False
54557,53,7,DAUN KALAN,AMBALA CANTT,8,1379,False,True,False
54558,53,7,DAUN KALAN,AMBALA CANTT,17,69,True,False,False
54559,116,12,ABOHAR,PAKKI,11,1397,False,True,False
54560,116,12,ABOHAR,PAKKI,14,14,False,False,False
54561,87,13,AJIT GILL MA,ROMANA ALBEL,7,5,False,True,False
54562,87,13,AJIT GILL MA,ROMANA ALBEL,8,1431,False,True,False
54563,87,13,AJIT GILL MA,ROMANA ALBEL,14,5,False,False,False
54564,87,13,AJIT GILL MA,ROMANA ALBEL,18,1433,True,False,False
54571,123,20,AJITWAL,TALWANDI,18,64,True,False,False
54572,123,20,AJITWAL,TALWANDI,12,1378,False,False,False
54575,77,15,BILGA,SIDHWAN,19,22,True,False,False
54576,77,15,BILGA,SIDHWAN,7,1409,False,True,False
54581,43,7,AMB  ANDAURA,UNA HIMACHAL,19,1400,True,False,False
54582,43,7,AMB  ANDAURA,UNA HIMACHAL,9,31,False,True,False
54601,345,38,AHMED GARH,UKLANA,4,1231,False,True,False
54602,415,39,AHMED GARH,UKLANA,21,230,False,False,True
54603,209,29,AHMED GARH,UKLANA,9,1212,False,True,False
54604,209,29,AHMED GARH,UKLANA,15,217,False,False,False
54605,279,35,AHMED GARH,UKLANA,13,1187,False,False,False
54606,209,29,AHMED GARH,UKLANA,17,227,True,False,False
54611,106,16,AMRITSAR JN.,VERKA JN.,4,11,False,True,False
54612,106,17,AMRITSAR JN.,VERKA JN.,8,1418,False,True,False
54613,106,17,AMRITSAR JN.,VERKA JN.,6,10,False,True,False
54614,106,17,AMRITSAR JN.,VERKA JN.,11,1414,False,True,False
54615,106,17,AMRITSAR JN.,VERKA JN.,17,9,True,False,False
54616,106,17,AMRITSAR JN.,VERKA JN.,20,1413,True,False,False
54621,115,18,ALAWAL PUR,UNCHI BASSI,17,65,True,False,False
54622,115,18,ALAWAL PUR,UNCHI BASSI,11,1359,False,True,False
54625,87,17,BAHRAM,SAILA KHURD,7,1323,False,True,False
54626,87,17,BAHRAM,SAILA KHURD,18,125,True,False,False
54631,207,24,BHIWANI JN.,UKLANA,16,174,False,False,False
54632,229,27,MANDI ADAMPU,UKLANA,10,1281,False,True,False
54633,291,36,MANDI ADAMPU,UKLANA,12,115,False,False,False
54634,269,34,AHMED GARH,UKLANA,6,244,False,True,False
54635,209,28,AHMED GARH,UKLANA,21,1169,False,False,True
54636,209,29,AHMED GARH,UKLANA,10,203,False,True,False
54637,42,7,BOLINNA DOAB,SHAM CHAURAS,12,1417,False,False,False
54638,42,7,BOLINNA DOAB,SHAM CHAURAS,10,21,False,True,False
54641,384,60,ASTHAL BOHAR,VIVEKANANDPU,9,1345,False,True,False
54642,384,59,ASTHAL BOHAR,VIVEKANANDPU,20,124,True,False,False
54643,117,18,BUTEWALA,TALLI SAIDA,17,18,True,False,False
54644,117,18,BUTEWALA,TALLI SAIDA,7,1420,False,True,False
54645,123,14,AJITWAL,TALWANDI,21,44,False,False,True
54646,123,20,AJITWAL,TALWANDI,6,1376,False,True,False
54651,53,6,BAJALTA,UDHAMPUR,11,66,False,True,False
54654,53,6,BAJALTA,UDHAMPUR,19,1377,True,False,False
54701,319,31,AMARPURA RAT,SURATGARH JN,13,22,False,False,False
54702,394,39,ABOHAR,SURATGARH JN,18,1060,True,False,False
54703,661,60,ASARANADA,UDRAMSAR,11,1112,False,True,False
54704,601,56,ASARANADA,UDRAMSAR,15,313,False,False,False
54751,413,48,ABOHAR,SUI,23,931,False,False,True
54752,412,48,ABOHAR,SUI,2,426,False,False,True
54753,126,18,ABOHAR,SHRI GANGANA,12,105,False,False,False
54754,126,18,ABOHAR,SHRI GANGANA,7,1360,False,True,False
54755,126,18,ABOHAR,SHRI GANGANA,8,85,False,True,False
54756,126,18,ABOHAR,SHRI GANGANA,17,1374,True,False,False
54757,327,43,ABOHAR,AMBALA CANTT,14,975,False,False,False
54758,327,43,ABOHAR,AMBALA CANTT,12,444,False,False,False
54759,137,17,BHAGWANSAR,ZORAWARPURA,11,1343,False,True,False
54760,125,16,BHAGWANSAR,ZORAWARPURA,12,91,False,False,False
54761,125,16,BHAGWANSAR,ZORAWARPURA,19,1348,True,False,False
54762,125,16,BHAGWANSAR,ZORAWARPURA,7,96,False,True,False
54763,190,31,ANUP SHAHR,TAHSIL BHADR,12,22,False,False,False
54764,190,26,ANUP SHAHR,TAHSIL BHADR,9,1415,False,True,False
54765,95,11,ALAL,TAPA,3,41,False,False,True
54766,95,11,ALAL,TAPA,21,1383,False,False,True
54781,300,38,MANDI ADAMPU,SUI,20,132,True,False,False
54782,300,42,MANDI ADAMPU,SUI,13,1332,False,False,False
54783,422,60,MANDI ADAMPU,WANDER JATAN,15,1123,False,False,False
54784,423,60,MANDI ADAMPU,WANDER JATAN,8,322,False,True,False
54785,88,14,BAHMNIWALA,THEH QALANDA,7,18,False,True,False
54786,88,14,BAHMNIWALA,THEH QALANDA,17,1420,True,False,False
54787,82,13,BHIWANI JN.,SUDHRANA,6,63,False,True,False
54788,82,10,BHIWANI JN.,SUDHRANA,23,1377,False,False,True
54789,384,45,ASLU,ZERPUR PALI,8,1254,False,True,False
54790,384,45,ASLU,ZERPUR PALI,18,186,True,False,False
54791,279,32,AJARKA,SUDHRANA,17,128,True,False,False
54792,279,34,AJARKA,SUDHRANA,7,1321,False,True,False
54793,212,22,BHARATPUR JN,SAWAI MADHOP,9,1190,False,True,False
54794,212,23,BHARATPUR JN,SAWAI MADHOP,14,297,False,False,False
54803,457,58,ABU ROAD,AMBLIYASAN J,16,205,False,False,False
54804,455,58,ABU ROAD,AMBLIYASAN J,12,1183,False,False,False
54805,618,86,ABU ROAD,AMBLIYASAN J,7,1034,False,True,False
54806,621,81,ABU ROAD,AMBLIYASAN J,18,359,True,False,False
54809,542,64,ASARANADA,ZERPUR PALI,0,788,False,False,True
54810,543,64,ASARANADA,ZERPUR PALI,1,663,False,False,True
54813,208,24,AJIT,UTARLAI,10,145,False,True,False
54819,300,22,ASHAPURA GOM,TIVARI,16,205,False,False,False
54820,300,22,ASHAPURA GOM,TIVARI,11,1224,False,True,False
54822,21,2,MAKRANA JN.,PARVATSAR CI,9,60,False,True,False
54825,88,12,ASARANADA,SILARI,18,77,True,False,False
54826,87,12,ASARANADA,SILARI,6,1372,False,True,False
54833,367,41,AJARKA,SATROD,23,269,False,False,True
54834,367,41,AJARKA,SATROD,3,1212,False,False,True
54835,142,21,AURANG NAGAR,SUI,7,26,False,True,False
54836,143,21,AURANG NAGAR,SUI,20,1411,True,False,False
54881,118,8,BHACHHBAR,RAMSAR,8,12,False,True,False
54882,118,8,BHACHHBAR,RAMSAR,11,1424,False,True,False
55001,164,26,AYODHYA,TIKRI HALT,13,1372,False,False,False
55002,164,24,AYODHYA,TIKRI HALT,13,43,False,False,False
55007,290,50,AMBIKA BHAWA,UNAULA,19,506,True,False,False
55008,290,50,AMBIKA BHAWA,UNAULA,9,957,False,True,False
55009,108,17,BHATPAR RANI,JIRADEI,19,1395,True,False,False
55010,109,17,BHATPAR RANI,JIRADEI,6,32,False,True,False
55011,118,18,AHALYAPUR F,JIRADEI,7,1328,False,True,False
55012,119,18,AHALYAPUR F,JIRADEI,20,115,True,False,False
55013,200,33,ANKUSPUR,YUSUFPUR,18,1396,True,False,False
55014,201,33,ANKUSPUR,YUSUFPUR,6,57,False,True,False
55017,132,23,BANSDIH ROAD,SAGARPALI,18,40,True,False,False
55018,134,23,BANSDIH ROAD,SAGARPALI,7,1406,False,True,False
55019,178,27,AHALYAPUR F,JIRADEI,14,1362,False,False,False
55020,179,27,AHALYAPUR F,JIRADEI,9,116,False,True,False
55021,225,40,AWATARNAGAR,TURKI,20,1282,True,False,False
55022,225,40,AWATARNAGAR,TURKI,6,174,False,True,False
55025,152,25,BABHANJYOTIY,TINICH,7,1397,False,True,False
55026,153,25,BABHANJYOTIY,TINICH,5,41,False,True,False
55027,152,25,BABHANJYOTIY,TINICH,20,1403,True,False,False
55028,153,25,BABHANJYOTIY,TINICH,18,40,True,False,False
55029,150,21,AWASANI,VALMIKINAGAR,20,8,True,False,False
55030,150,21,AWASANI,VALMIKINAGAR,21,1430,False,False,True
55031,339,58,AHIRAULI (HA,USKA BAZAR,9,1413,False,True,False
55032,332,55,AHIRAULI (HA,USKA BAZAR,2,19,False,False,True
55033,160,24,BABUPUR (HAL,TAHSIL FATEH,13,1408,False,False,False
55034,163,25,BABUPUR (HAL,TAHSIL FATEH,8,40,False,True,False
55035,159,22,BABUPUR (HAL,TAHSIL FATEH,7,1404,False,True,False
55036,158,22,BABUPUR (HAL,TAHSIL FATEH,19,40,True,False,False
55037,103,16,BABUPUR (HAL,TAHSIL FATEH,19,1409,True,False,False
55038,97,14,BABUPUR (HAL,TAHSIL FATEH,16,28,False,False,False
55041,150,16,BODARWAR,VALMIKINAGAR,4,1346,False,True,False
55042,189,26,BODARWAR,UNAULA,3,1409,False,False,True
55043,81,19,ANAND NAGAR,RAWATGANJ F,20,1375,True,False,False
55044,81,19,ANAND NAGAR,RAWATGANJ F,7,34,False,True,False
55045,90,14,BARTARA  HAL,UNCHAULIA,11,1426,False,True,False
55046,90,13,HEMPUR,UNCHAULIA,16,1363,False,False,False
55049,332,55,AHIRAULI (HA,USKA BAZAR,0,1417,False,False,True
55050,340,58,AHIRAULI (HA,USKA BAZAR,15,21,False,False,False
55051,81,19,ANAND NAGAR,RAWATGANJ F,16,1400,False,False,False
55052,81,19,ANAND NAGAR,RAWATGANJ F,21,29,False,False,True
55055,39,6,BODARWAR,UNAULA,12,33,False,False,False
55056,38,6,BODARWAR,UNAULA,10,1412,False,True,False
55071,150,21,AWASANI,VALMIKINAGAR,16,5,False,False,False
55072,150,21,AWASANI,VALMIKINAGAR,10,1427,False,True,False
55073,150,21,AWASANI,VALMIKINAGAR,5,5,False,True,False
55074,150,14,BODARWAR,UNAULA,23,1416,False,False,True
55075,166,28,AMLORI SARSA,UNAULA,3,337,False,False,True
55076,166,28,AMLORI SARSA,UNAULA,0,1118,False,False,True
55077,112,22,AHIRAULI (HA,USKA BAZAR,13,1408,False,False,False
55078,112,22,AHIRAULI (HA,USKA BAZAR,16,18,False,False,False
55079,189,28,AWASANI,VALMIKINAGAR,11,5,False,True,False
55080,150,21,AWASANI,VALMIKINAGAR,15,1430,False,False,False
55081,150,16,BODARWAR,VALMIKINAGAR,3,1246,False,False,True
55082,150,21,AWASANI,VALMIKINAGAR,20,1430,True,False,False
55101,30,7,BARHAJ BAZAR,SATRAON F,6,1409,False,True,False
55102,30,7,BARHAJ BAZAR,SATRAON F,10,17,False,True,False
55103,30,7,BARHAJ BAZAR,SATRAON F,16,1409,False,False,False
55104,30,7,BARHAJ BAZAR,SATRAON F,20,17,True,False,False
55105,20,5,BARHAJ BAZAR,SATRAON F,9,1403,False,True,False
55106,20,5,BARHAJ BAZAR,SATRAON F,6,17,False,True,False
55107,28,5,AMLORI SARSA,THAWE JN.,6,34,False,True,False
55108,28,5,AMLORI SARSA,THAWE JN.,8,1417,False,True,False
55109,28,5,AMLORI SARSA,THAWE JN.,9,42,False,True,False
55110,28,5,AMLORI SARSA,THAWE JN.,13,1414,False,False,False
55111,28,5,AMLORI SARSA,THAWE JN.,15,33,False,False,False
55112,28,5,AMLORI SARSA,THAWE JN.,17,1416,True,False,False
55113,28,5,AMLORI SARSA,THAWE JN.,19,39,True,False,False
55114,28,5,AMLORI SARSA,THAWE JN.,21,1410,False,False,True
55115,108,17,BHATPAR RANI,JIRADEI,10,1348,False,True,False
55116,109,17,BHATPAR RANI,JIRADEI,17,36,True,False,False
55119,227,34,AHALYAPUR F,TURTIPAR F,16,121,False,False,False
55120,227,34,AHALYAPUR F,TURTIPAR F,17,1312,True,False,False
55122,164,26,AUNRIHAR JN.,TURTIPAR F,7,180,False,True,False
55123,156,24,AUNRIHAR JN.,TURTIPAR F,18,1214,True,False,False
55125,118,22,AHIMANPUR,SARAI JAGDIS,7,25,False,True,False
55126,118,22,AHIMANPUR,SARAI JAGDIS,8,1417,False,True,False
55127,118,22,AHIMANPUR,SARAI JAGDIS,13,29,False,False,False
55128,118,22,AHIMANPUR,SARAI JAGDIS,14,1417,False,False,False
55129,118,22,AHIMANPUR,SARAI JAGDIS,18,20,True,False,False
55130,118,22,AHIMANPUR,SARAI JAGDIS,19,1409,True,False,False
55131,200,33,ANKUSPUR,YUSUFPUR,12,1384,False,False,False
55132,201,33,ANKUSPUR,YUSUFPUR,14,47,False,False,False
55133,136,22,ANKUSPUR,YUSUFPUR,7,1400,False,True,False
55134,136,22,ANKUSPUR,YUSUFPUR,18,60,True,False,False
55135,131,20,AZAMGARH,SARNATH,5,263,False,True,False
55136,131,20,AZAMGARH,SARNATH,22,1170,False,False,True
55137,167,26,AZAMGARH,SAGARPALI,9,1226,False,True,False
55138,168,26,AZAMGARH,SAGARPALI,7,178,False,True,False
55139,167,26,AZAMGARH,SAGARPALI,20,1252,True,False,False
55140,168,26,AZAMGARH,SAGARPALI,17,253,True,False,False
55141,81,19,ANAND NAGAR,RAWATGANJ F,9,1398,False,True,False
55142,81,19,ANAND NAGAR,RAWATGANJ F,13,30,False,False,False
55143,56,9,AUNRIHAR JN.,YADVENDRANAG,7,62,False,True,False
55144,58,9,AUNRIHAR JN.,YADVENDRANAG,20,1357,True,False,False
55145,20,5,BARHAJ BAZAR,SATRAON F,19,1409,True,False,False
55146,20,5,BARHAJ BAZAR,SATRAON F,17,17,True,False,False
55149,227,27,AHALYAPUR F,TURTIPAR F,1,67,False,False,True
55150,227,28,AHALYAPUR F,TURTIPAR F,5,1348,False,True,False
55159,56,9,AUNRIHAR JN.,YADVENDRANAG,15,74,False,False,False
55160,58,9,AUNRIHAR JN.,YADVENDRANAG,11,1357,False,True,False
55163,157,24,AZAMGARH,SARAIMIR,1,1398,False,False,True
55164,157,24,AZAMGARH,SARAIMIR,2,56,False,False,True
55165,43,8,CHHAPRA JN.,TEK NEWAS,5,6,False,True,False
55166,43,8,CHHAPRA JN.,TEK NEWAS,22,1416,False,False,True
55167,17,3,DURAUNDHA JN,SIWAN JN.,9,25,False,True,False
55168,17,3,DURAUNDHA JN,SIWAN JN.,11,1415,False,True,False
55169,17,3,DURAUNDHA JN,SIWAN JN.,16,30,False,False,False
55170,17,3,DURAUNDHA JN,SIWAN JN.,18,1420,True,False,False
55171,6,2,DURAUNDHA JN,MAHARAJGANJ,7,25,False,True,False
55172,6,2,DURAUNDHA JN,MAHARAJGANJ,8,1415,False,True,False
55173,6,2,DURAUNDHA JN,MAHARAJGANJ,11,25,False,True,False
55174,6,2,DURAUNDHA JN,MAHARAJGANJ,12,1415,False,False,False
55175,6,2,DURAUNDHA JN,MAHARAJGANJ,13,25,False,False,False
55176,6,2,DURAUNDHA JN,MAHARAJGANJ,14,1415,False,False,False
55177,6,2,DURAUNDHA JN,MAHARAJGANJ,15,25,False,False,False
55178,6,2,DURAUNDHA JN,MAHARAJGANJ,16,1415,False,False,False
55179,6,2,DURAUNDHA JN,MAHARAJGANJ,18,20,True,False,False
55180,6,2,DURAUNDHA JN,MAHARAJGANJ,19,1415,True,False,False
55181,106,27,AGAUTHAR HAL,Tenua Dumari,11,65,False,True,False
55182,106,27,AGAUTHAR HAL,Tenua Dumari,6,1386,False,True,False
55183,106,27,AGAUTHAR HAL,Tenua Dumari,20,72,True,False,False
55184,106,27,AGAUTHAR HAL,Tenua Dumari,15,1385,False,False,False
55207,159,19,BAPUDHAM MOT,SEMRA,4,18,False,True,False
55208,159,24,BAPUDHAM MOT,SEMRA,22,1421,False,False,True
55209,159,18,BAPUDHAM MOT,SAGAULI JN.,18,25,True,False,False
55211,129,22,BANGARI,SEMRA,10,52,False,True,False
55212,129,15,BAPUDHAM MOT,SEMRA,15,1418,False,False,False
55213,159,19,BAPUDHAM MOT,SEMRA,15,27,False,False,False
55214,159,19,BAPUDHAM MOT,SEMRA,0,1421,False,False,True
55215,74,15,BENIPATTI PI,TURKI,8,1417,False,True,False
55216,74,15,BENIPATTI PI,TURKI,19,36,True,False,False
55217,74,14,BENIPATTI PI,TURKI,15,1417,False,False,False
55218,74,14,BENIPATTI PI,TURKI,12,39,False,False,False
55220,159,19,BAPUDHAM MOT,SEMRA,11,1402,False,True,False
55221,179,24,BEGU SARAI,UMESHNAGAR,21,1390,False,False,True
55222,179,25,BEGU SARAI,UMESHNAGAR,3,43,False,False,True
55223,267,41,BACHWARA JN.,UMESHNAGAR,18,1268,True,False,False
55224,267,41,BACHWARA JN.,UMESHNAGAR,6,147,False,True,False
55225,129,21,BANGARI,SEMRA,20,35,True,False,False
55226,129,20,BAPUDHAM MOT,SEMRA,7,1417,False,True,False
55227,51,10,DHOLI,VISHNUPUR BA,7,1425,False,True,False
55228,51,9,DHOLI,SAMASTIPUR J,22,62,False,False,True
55229,108,22,AKSHAYWAT RA,VIDYAPATINAG,8,1334,False,True,False
55230,108,22,AKSHAYWAT RA,VIDYAPATINAG,18,81,True,False,False
55231,12,4,PATNA JN.,SACHIWALAYA,13,1373,False,False,False
55232,12,4,PATNA JN.,SACHIWALAYA,15,6,False,False,False
55237,50,9,BACHWARA JN.,UJIARPUR,7,58,False,True,False
55238,50,9,BACHWARA JN.,UJIARPUR,21,1402,False,False,True
55239,51,9,DHOLI,SAMASTIPUR J,15,1395,False,False,False
55240,51,10,DHOLI,VISHNUPUR BA,18,15,True,False,False
55301,116,13,BILASPUR ROA,RUDRAPUR CIT,15,15,False,False,False
55302,116,13,BILASPUR ROA,RUDRAPUR CIT,9,1414,False,True,False
55303,125,14,ALIGANJ,SARKARA,7,49,False,True,False
55304,125,13,ALIGANJ,SARKARA,20,1355,True,False,False
55305,76,7,ALIGANJ,RAMNAGAR,5,67,False,True,False
55306,85,12,ALIGANJ,SEHAL HALT,8,48,False,True,False
55307,76,8,ALIGANJ,RAMNAGAR,11,76,False,True,False
55308,85,12,ALIGANJ,SEHAL HALT,12,41,False,False,False
55309,85,12,ALIGANJ,SEHAL HALT,18,1386,True,False,False
55310,76,8,ALIGANJ,RAMNAGAR,14,1393,False,False,False
55311,58,9,ALIGANJ,SEHAL HALT,14,1403,False,False,False
55312,58,9,ALIGANJ,SEHAL HALT,18,46,True,False,False
55313,27,4,GAUSHALA F,RAMNAGAR,15,24,False,False,False
55314,27,4,GAUSHALA F,RAMNAGAR,17,1422,True,False,False
55315,54,7,BAZPUR,SARKARA,9,9,False,True,False
55316,54,7,BAZPUR,SARKARA,6,1430,False,True,False
55317,54,7,BAZPUR,SARKARA,14,9,False,False,False
55318,54,7,BAZPUR,SARKARA,12,1430,False,False,False
55319,54,6,BAZPUR,SARKARA,21,9,False,False,True
55320,54,6,BAZPUR,SARKARA,18,1428,True,False,False
55321,85,12,ALIGANJ,SEHAL HALT,8,1389,False,True,False
55322,76,7,ALIGANJ,RAMNAGAR,21,1398,False,False,True
55323,76,6,GAUSHALA F,RAMNAGAR,22,38,False,False,True
55324,76,6,GAUSHALA F,RAMNAGAR,4,1424,False,True,False
55325,319,55,AJGAIN,YAQUTGANJ (H,5,290,False,True,False
55326,320,55,AJGAIN,YAQUTGANJ (H,23,1121,False,False,True
55327,138,27,ARAUL MAKANP,YAQUTGANJ (H,20,92,True,False,False
55328,139,27,ARAUL MAKANP,YAQUTGANJ (H,7,1354,False,True,False
55329,213,33,ARAON,UGARPUR,16,150,False,False,False
55330,214,33,ARAON,UGARPUR,10,1300,False,True,False
55331,107,17,BALLUPUR FLA,SAHAWAR TOWN,6,48,False,True,False
55332,107,17,BALLUPUR FLA,SAHAWAR TOWN,18,1381,True,False,False
55333,166,22,AGRA  FORT,SONAI,12,1253,False,False,False
55334,166,22,AGRA  FORT,SONAI,15,160,False,False,False
55335,81,10,ATAMANDA,RICHHA ROAD,7,17,False,True,False
55336,81,10,ATAMANDA,RICHHA ROAD,21,1420,False,False,True
55337,139,18,ACHHNERA JN.,SONAI,9,1300,False,True,False
55338,139,18,ACHHNERA JN.,SONAI,10,115,False,True,False
55339,105,14,AGSAULI,SONAI,12,78,False,False,False
55340,105,7,HATHRAS CITY,SIKANDRA RAO,22,39,False,False,True
55341,167,22,ACHHNERA JN.,SONAI,22,1268,False,False,True
55342,167,22,ACHHNERA JN.,SONAI,7,105,False,True,False
55343,141,19,BAREILLY CIT,UJHANI,9,1300,False,True,False
55344,141,19,BAREILLY CIT,UJHANI,7,107,False,True,False
55345,141,19,BAREILLY CIT,UJHANI,13,1306,False,False,False
55346,141,19,BAREILLY CIT,UJHANI,10,116,False,True,False
55347,81,10,ATAMANDA,RICHHA ROAD,11,22,False,True,False
55348,81,10,ATAMANDA,RICHHA ROAD,8,1420,False,True,False
55349,81,10,ATAMANDA,RICHHA ROAD,18,23,True,False,False
55350,81,10,ATAMANDA,RICHHA ROAD,15,1417,False,False,False
55351,81,10,ATAMANDA,RICHHA ROAD,14,21,False,False,False
55352,81,10,ATAMANDA,RICHHA ROAD,11,1416,False,True,False
55353,105,7,HATHRAS CITY,SIKANDRA RAO,22,1403,False,False,True
55354,105,14,AGSAULI,SONAI,7,1361,False,True,False
55355,141,19,BAREILLY CIT,UJHANI,16,1296,False,False,False
55356,141,19,BAREILLY CIT,UJHANI,13,103,False,False,False
55357,141,19,BAREILLY CIT,UJHANI,20,1311,True,False,False
55358,141,19,BAREILLY CIT,UJHANI,17,101,True,False,False
55359,119,8,BAREILLY CIT,UJHANI,0,1327,False,False,True
55360,119,8,BAREILLY CIT,UJHANI,20,83,True,False,False
55361,55,9,BAREILLY CIT,SAITHAL (HAL,7,51,False,True,False
55362,55,9,BAREILLY CIT,SAITHAL (HAL,9,1367,False,True,False
55363,55,9,BAREILLY CIT,SAITHAL (HAL,11,59,False,True,False
55364,55,9,BAREILLY CIT,SAITHAL (HAL,11,1366,False,True,False
55365,55,9,BAREILLY CIT,SAITHAL (HAL,14,56,False,False,False
55366,55,9,BAREILLY CIT,SAITHAL (HAL,15,1362,False,False,False
55367,55,9,BAREILLY CIT,SAITHAL (HAL,18,60,True,False,False
55368,55,9,BAREILLY CIT,SAITHAL (HAL,20,1363,True,False,False
55369,55,7,BAREILLY CIT,SAITHAL (HAL,21,43,False,False,True
55370,55,7,BAREILLY CIT,SAITHAL (HAL,23,1367,False,False,True
55371,25,3,MAJHOLA PAKA,PILIBHIT JN.,8,1395,False,True,False
55372,25,3,MAJHOLA PAKA,PILIBHIT JN.,8,45,False,True,False
55373,25,3,MAJHOLA PAKA,PILIBHIT JN.,11,1395,False,True,False
55374,25,3,MAJHOLA PAKA,PILIBHIT JN.,12,45,False,False,False
55375,25,3,MAJHOLA PAKA,PILIBHIT JN.,18,1395,True,False,False
55376,25,3,MAJHOLA PAKA,PILIBHIT JN.,18,45,True,False,False
55421,106,14,ADINA,RAMPUR BAZAR,7,122,False,True,False
55422,106,14,ADINA,RAMPUR BAZAR,19,1317,True,False,False
55465,72,14,ABUTARA HALT,BHETAGURI,8,1387,False,True,False
55466,72,14,ABUTARA HALT,BHETAGURI,16,48,False,False,False
55467,233,34,ABUTARA HALT,BHETAGURI,15,1390,False,False,False
55468,233,34,ABUTARA HALT,BHETAGURI,9,48,False,True,False
55513,105,16,DARBHANGA JN,TARSARAI,19,21,True,False,False
55514,105,23,BIJULI HALT,UGNA,9,1405,False,True,False
55517,68,9,DARBHANGA JN,TARSARAI,17,21,True,False,False
55518,68,9,DARBHANGA JN,TARSARAI,15,1363,False,False,False
55519,105,16,DARBHANGA JN,TARSARAI,7,21,False,True,False
55520,105,16,DARBHANGA JN,TARSARAI,19,1398,True,False,False
55525,50,10,BACHWARA JN.,UJIARPUR,8,42,False,True,False
55526,50,10,BACHWARA JN.,UJIARPUR,19,1402,True,False,False
55527,266,37,ATHMAL GOLA,UJIARPUR,10,1233,False,True,False
55528,266,37,ATHMAL GOLA,UJIARPUR,17,277,True,False,False
55533,138,23,ANGAR GHAT,SAMASTIPUR J,11,62,False,True,False
55534,139,23,ANGAR GHAT,SAMASTIPUR J,22,1421,False,False,True
55537,230,34,BACHWARA JN.,UMESHNAGAR,14,1260,False,False,False
55538,230,35,BACHWARA JN.,UMESHNAGAR,13,144,False,False,False
55539,267,44,AKSHAYWAT RA,VIDYAPATINAG,14,1315,False,False,False
55540,267,43,AKSHAYWAT RA,VIDYAPATINAG,14,114,False,False,False
55541,159,28,AMLORI SARSA,TEK NEWAS,20,1306,True,False,False
55542,159,28,AMLORI SARSA,TEK NEWAS,7,145,False,True,False
55549,87,17,AKSHAYWAT RA,VIDYAPATINAG,2,1276,False,False,True
55550,87,18,AKSHAYWAT RA,VIDYAPATINAG,4,106,False,True,False
55553,138,23,ANGAR GHAT,SAMASTIPUR J,2,64,False,False,True
55554,139,23,ANGAR GHAT,SAMASTIPUR J,13,1421,False,False,False
55555,139,20,ANGAR GHAT,SAMASTIPUR J,8,48,False,True,False
55556,139,23,ANGAR GHAT,SAMASTIPUR J,15,1421,False,False,False
55559,139,19,ANGAR GHAT,SAMASTIPUR J,18,40,True,False,False
55560,139,23,ANGAR GHAT,SAMASTIPUR J,8,1421,False,True,False
55563,100,13,BUDHMA,SARSI,8,1352,False,True,False
55564,100,13,BUDHMA,SARSI,2,90,False,False,True
55565,139,19,ANGAR GHAT,SAMASTIPUR J,22,43,False,False,True
55566,139,19,ANGAR GHAT,SAMASTIPUR J,4,1421,False,True,False
55567,139,19,ANGAR GHAT,SAMASTIPUR J,15,54,False,False,False
55568,139,19,ANGAR GHAT,SAMASTIPUR J,18,1418,True,False,False
55569,21,3,BAIJNATHPUR,SAHARSA JN.,11,29,False,True,False
55570,21,3,BAIJNATHPUR,SAHARSA JN.,10,1428,False,True,False
55571,100,13,BUDHMA,SARSI,12,1354,False,False,False
55572,100,13,BUDHMA,SARSI,6,79,False,True,False
55575,54,5,BIRAUL,TARSARAI,10,1318,False,True,False
55576,54,5,BIRAUL,TARSARAI,18,107,True,False,False
55577,54,5,BIRAUL,TARSARAI,18,1324,True,False,False
55578,54,5,BIRAUL,TARSARAI,12,99,False,False,False
55583,100,13,BUDHMA,SARSI,21,1357,False,False,True
55584,100,13,BUDHMA,SARSI,15,80,False,False,False
55601,181,26,AUJURI,TETELIA,8,1391,False,True,False
55602,180,26,AUJURI,TETELIA,18,39,True,False,False
55603,160,29,AUJURI,TETELIA,20,1400,True,False,False
55604,160,29,AUJURI,TETELIA,7,42,False,True,False
55615,380,33,ARUNACHAL,WADRENGDISA,13,1099,False,False,False
55616,379,33,ARUNACHAL,WADRENGDISA,7,349,False,True,False
55661,60,12,ARUNACHAL,SILCHAR,21,21,False,False,True
55662,60,12,ARUNACHAL,SILCHAR,6,1428,False,True,False
55663,256,35,AMBASSA,TELIAMURA,12,1403,False,False,False
55664,255,35,AMBASSA,TELIAMURA,15,38,False,False,False
55665,67,10,ARUNACHAL,VANGAICHUNGP,11,105,False,True,False
55666,56,9,ARUNACHAL,SHRIBAR,16,1356,False,False,False
55667,103,14,ALGAPUR,SILCHAR,18,1355,True,False,False
55668,103,14,ALGAPUR,SILCHAR,7,120,False,True,False
55675,140,14,AMBASSA,TELIAMURA,19,1403,True,False,False
55676,140,14,AMBASSA,TELIAMURA,7,39,False,True,False
55677,115,22,ARUNACHAL,TILBHUM,17,252,True,False,False
55678,115,22,ARUNACHAL,TILBHUM,10,1196,False,True,False
55679,140,14,AMBASSA,TELIAMURA,7,1401,False,True,False
55680,140,14,AMBASSA,TELIAMURA,17,60,True,False,False
55681,42,5,AGARTALA,UDAIPUR,10,1365,False,True,False
55682,42,5,AGARTALA,UDAIPUR,6,70,False,True,False
55683,42,5,AGARTALA,UDAIPUR,21,1365,False,False,True
55684,42,5,AGARTALA,UDAIPUR,17,65,True,False,False
55685,60,12,ARUNACHAL,SILCHAR,11,30,False,True,False
55686,60,12,ARUNACHAL,SILCHAR,15,1428,False,False,False
55687,101,10,ANIPUR,SILCHAR,17,267,True,False,False
55688,101,10,ANIPUR,SILCHAR,8,1243,False,True,False
55689,71,15,ANIPUR,SUPRAKANDI,9,128,False,True,False
55690,71,15,ANIPUR,SUPRAKANDI,16,1360,False,False,False
55701,90,20,ADINA,SRIPUR HALT,7,54,False,True,False
55702,90,20,ADINA,SRIPUR HALT,17,1405,True,False,False
55703,90,20,ADINA,SRIPUR HALT,14,29,False,False,False
55704,90,20,ADINA,SRIPUR HALT,11,1387,False,True,False
55707,109,24,AZAMNAGAR RO,SAHJHA HALT,6,73,False,True,False
55708,109,24,AZAMNAGAR RO,SAHJHA HALT,20,1357,True,False,False
55709,24,4,BULBULCHANDI,SINGHABAD,8,1423,False,True,False
55710,24,4,BULBULCHANDI,SINGHABAD,6,23,False,True,False
55711,232,41,ADINA,TIN MILE HAT,15,335,False,False,False
55712,232,41,ADINA,TIN MILE HAT,12,1089,False,False,False
55713,363,45,AMBARI FALAK,TIHU,7,782,False,True,False
55714,363,45,AMBARI FALAK,TIHU,15,750,False,False,False
55719,49,8,BHALUKPONG,THAKURBARI,13,1341,False,False,False
55720,49,8,BHALUKPONG,THAKURBARI,13,92,False,False,False
55721,95,18,BINDUKURI,UDALGURI,10,1268,False,True,False
55722,94,18,BINDUKURI,UDALGURI,16,149,False,False,False
55725,168,23,ALIPUR DUAR,SIVOK,23,1178,False,False,True
55726,168,23,ALIPUR DUAR,SIVOK,5,223,False,True,False
55727,93,20,BISHANPUR HA,SALMARI,7,20,False,True,False
55728,94,20,BISHANPUR HA,SALMARI,12,1416,False,False,False
55729,93,20,BISHANPUR HA,SALMARI,14,22,False,False,False
55730,94,20,BISHANPUR HA,SALMARI,20,1416,True,False,False
55733,108,15,ARARIYA COUR,SIMRAHA,4,19,False,True,False
55734,108,19,ARARIYA COUR,SIMRAHA,7,1411,False,True,False
55735,107,19,ARARIYA COUR,SIMRAHA,8,22,False,True,False
55736,108,19,ARARIYA COUR,SIMRAHA,11,1414,False,True,False
55740,108,19,ARARIYA COUR,SIMRAHA,16,1414,False,False,False
55741,108,15,ARARIYA COUR,SIMRAHA,16,22,False,False,False
55742,108,15,ARARIYA COUR,SIMRAHA,18,1417,True,False,False
55743,107,19,ARARIYA COUR,SIMRAHA,19,22,True,False,False
55744,108,15,ARARIYA COUR,SIMRAHA,5,1417,False,True,False
55749,56,10,AMBARI FALAK,RANINAGAR JA,9,21,False,True,False
55750,56,10,AMBARI FALAK,RANINAGAR JA,13,1414,False,False,False
55751,56,10,AMBARI FALAK,RANINAGAR JA,15,21,False,False,False
55752,56,10,AMBARI FALAK,RANINAGAR JA,18,1416,True,False,False
55753,268,34,AGTHORI,TIHU,10,1324,False,True,False
55754,268,34,AGTHORI,TIHU,14,102,False,False,False
55755,107,19,ARARIYA COUR,SIMRAHA,10,27,False,True,False
55756,108,19,ARARIYA COUR,SIMRAHA,4,1413,False,True,False
55763,107,19,ARARIYA COUR,SIMRAHA,22,22,False,False,True
55764,108,15,ARARIYA COUR,SIMRAHA,13,1404,False,False,False
55769,90,20,ADINA,SRIPUR HALT,17,31,True,False,False
55770,90,20,ADINA,SRIPUR HALT,8,1394,False,True,False
55771,61,9,ADINA,OLD MALDA,10,1428,False,True,False
55772,60,9,ADINA,OLD MALDA,15,8,False,False,False
55801,156,22,AGTHORI,TIHU,8,1312,False,True,False
55802,156,22,AGTHORI,TIHU,17,106,True,False,False
55803,208,19,AMJONGA,SINGRA,18,35,True,False,False
55804,208,19,AMJONGA,SINGRA,10,1404,False,True,False
55809,156,22,AGTHORI,TIHU,20,1328,True,False,False
55810,156,22,AGTHORI,TIHU,5,111,False,True,False
55811,309,21,ABHAYAPURI A,TIPKAI,11,1292,False,True,False
55812,309,21,ABHAYAPURI A,TIPKAI,0,218,False,False,True
55813,343,42,ARCHIPATHAR,VISHWANATH C,12,1070,False,False,False
55814,343,42,ARCHIPATHAR,VISHWANATH C,15,362,False,False,False
55817,156,17,BIJNI,TIHU,14,93,False,False,False
55818,156,17,BIJNI,TIHU,12,1374,False,False,False
55819,126,14,AMJONGA,SINGRA,8,35,False,True,False
55820,126,14,AMJONGA,SINGRA,18,1403,True,False,False
55823,6,4,BINDUKURI,THAKURBARI,6,1420,False,True,False
55824,6,4,BINDUKURI,THAKURBARI,22,19,False,False,True
55861,95,18,BINDUKURI,UDALGURI,16,1285,False,False,False
55862,94,18,BINDUKURI,UDALGURI,7,171,False,True,False
55893,89,15,BELSIRI,UDALGURI,20,1380,True,False,False
55894,88,15,BELSIRI,UDALGURI,5,55,False,True,False
55895,426,53,ARCHIPATHAR,VISHWANATH C,18,1074,True,False,False
55896,425,53,ARCHIPATHAR,VISHWANATH C,7,371,False,True,False
55901,336,49,AMGURI,TITABAR,14,1324,False,False,False
55902,335,49,AMGURI,TITABAR,12,145,False,False,False
55903,155,23,BARUA BAMUNG,SARUPATHAR,18,1286,True,False,False
55904,155,23,BARUA BAMUNG,SARUPATHAR,7,176,False,True,False
55909,102,13,DIBRUGARH,SIBSAGAR TOW,8,1316,False,True,False
55910,102,13,DIBRUGARH,SIBSAGAR TOW,16,111,False,False,False
55913,176,27,AMGURI,TINSUKIA JN.,7,287,False,True,False
55914,176,27,AMGURI,TINSUKIA JN.,18,1205,True,False,False
56001,68,6,ARAKKONAM JN,VILLIVAKKAM,14,1372,False,False,False
56002,68,5,ARAKKONAM JN,VILLIVAKKAM,22,60,False,False,True
56003,62,6,ARAKKONAM JN,WALAJABAD,5,49,False,True,False
56004,62,3,ARAKKONAM JN,KANCHIPURAM,22,1380,False,False,True
56005,62,6,ARAKKONAM JN,WALAJABAD,17,50,True,False,False
56006,62,6,ARAKKONAM JN,WALAJABAD,9,1381,False,True,False
56007,60,8,ARAKKONAM JN,WALAJAH ROAD,21,15,False,False,True
56008,60,10,ARAKKONAM JN,WALAJAH ROAD,6,1358,False,True,False
56009,70,13,ARAKKONAM JN,WALAJAH ROAD,7,53,False,True,False
56010,70,13,ARAKKONAM JN,WALAJAH ROAD,18,1379,True,False,False
56011,193,27,ARAKKONAM JN,ONTIMITTA,7,279,False,True,False
56012,193,27,ARAKKONAM JN,ONTIMITTA,20,1094,True,False,False
56013,70,14,ARAKKONAM JN,WALAJAH ROAD,13,55,False,False,False
56014,70,14,ARAKKONAM JN,WALAJAH ROAD,11,1365,False,True,False
56033,76,11,KORADACHERI,THIRUVARUR J,18,1416,True,False,False
56034,76,11,KORADACHERI,THIRUVARUR J,9,23,False,True,False
56035,61,12,ARUMUGANERI,THATHANKULAM,9,38,False,True,False
56036,61,12,ARUMUGANERI,THATHANKULAM,16,1407,False,False,False
56037,196,18,CHINNNABABU,VIKRAVANDI,10,1382,False,True,False
56038,196,17,CHINNNABABU,VIKRAVANDI,15,51,False,False,False
56041,279,33,ARAKKONAM JN,VIKRAVANDI,7,227,False,True,False
56042,284,31,ARAKKONAM JN,WALAJABAD,20,1352,True,False,False
56043,22,3,GURUVAYUR,TRICHUR,17,30,True,False,False
56044,22,3,GURUVAYUR,TRICHUR,19,1405,True,False,False
56100,99,11,ANANGUR,VIRAPANDY RO,5,34,False,True,False
56101,99,11,ANANGUR,VIRAPANDY RO,21,1391,False,False,True
56102,40,4,MECHERI ROAD,SALEM JN.,18,1405,True,False,False
56103,40,4,MECHERI ROAD,SALEM JN.,9,47,False,True,False
56105,84,9,KALANGANI,LADDIVADI,6,43,False,True,False
56106,85,7,KALANGANI,SALEM JN.,9,83,False,True,False
56107,85,7,KALANGANI,SALEM JN.,18,1398,True,False,False
56108,85,7,KALANGANI,SALEM JN.,20,70,True,False,False
56109,141,25,CHAVADIPALAY,VIRARAKKIYAM,19,1355,True,False,False
56110,141,22,CHAVADIPALAY,VIRARAKKIYAM,8,74,False,True,False
56111,178,23,ANANGUR,VIRAPANDY RO,19,1394,True,False,False
56112,180,23,ANANGUR,VIRAPANDY RO,6,39,False,True,False
56113,120,26,ADUTHURAI,TITTE,6,51,False,True,False
56114,120,26,ADUTHURAI,TITTE,20,1378,True,False,False
56115,70,17,ADUTHURAI,TITTE,7,59,False,True,False
56116,70,17,ADUTHURAI,TITTE,19,1355,True,False,False
56136,45,7,ARAVANKADU,WELLINGTON,11,1427,False,True,False
56137,45,7,ARAVANKADU,WELLINGTON,14,9,False,False,False
56138,18,6,ARAVANKADU,WELLINGTON,16,1429,False,False,False
56139,18,6,ARAVANKADU,WELLINGTON,9,8,False,True,False
56140,18,6,ARAVANKADU,WELLINGTON,18,7,True,False,False
56141,18,6,ARAVANKADU,WELLINGTON,8,1427,False,True,False
56142,18,6,ARAVANKADU,WELLINGTON,12,8,False,False,False
56143,18,6,ARAVANKADU,WELLINGTON,12,1429,False,False,False
56144,35,4,COIMBATORE,METTUPALAIYA,17,50,True,False,False
56145,35,4,COIMBATORE,METTUPALAIYA,9,1390,False,True,False
56146,35,4,COIMBATORE,METTUPALAIYA,9,50,False,True,False
56147,35,4,COIMBATORE,METTUPALAIYA,11,1390,False,True,False
56148,35,4,COIMBATORE,METTUPALAIYA,11,50,False,True,False
56149,35,4,COIMBATORE,METTUPALAIYA,13,1385,False,False,False
56150,35,4,COIMBATORE,METTUPALAIYA,15,50,False,False,False
56151,35,4,COIMBATORE,METTUPALAIYA,17,1390,True,False,False
56201,60,13,ASHOKAPURAM,TANDAVAPURA,22,1416,False,False,True
56202,60,13,ASHOKAPURAM,TANDAVAPURA,5,16,False,True,False
56203,60,13,ASHOKAPURAM,TANDAVAPURA,11,1421,False,True,False
56204,60,13,ASHOKAPURAM,TANDAVAPURA,7,16,False,True,False
56205,25,7,ASHOKAPURAM,TANDAVAPURA,10,1419,False,True,False
56206,25,7,ASHOKAPURAM,TANDAVAPURA,9,17,False,True,False
56207,60,13,ASHOKAPURAM,TANDAVAPURA,18,1419,True,False,False
56208,60,13,ASHOKAPURAM,TANDAVAPURA,15,16,False,False,False
56209,60,13,ASHOKAPURAM,TANDAVAPURA,19,1419,True,False,False
56210,60,13,ASHOKAPURAM,TANDAVAPURA,12,16,False,False,False
56215,294,34,ADICHUNCHUNA,YEDIYYURU,14,1427,False,False,False
56216,294,34,ADICHUNCHUNA,YEDIYYURU,12,13,False,False,False
56217,96,7,ANANTAPURAM,TALGUPPA,10,1390,False,True,False
56218,96,7,ANANTAPURAM,TALGUPPA,15,80,False,False,False
56221,69,14,CHIKBANAVAR,YESVANTPUR J,9,1428,False,True,False
56222,69,14,CHIKBANAVAR,YESVANTPUR J,12,8,False,False,False
56223,165,29,ADIHALLI,YESVANTPUR J,22,1211,False,False,True
56224,165,29,ADIHALLI,YESVANTPUR J,5,211,False,True,False
56225,69,14,CHIKBANAVAR,YESVANTPUR J,14,1428,False,False,False
56226,69,14,CHIKBANAVAR,YESVANTPUR J,17,10,True,False,False
56227,273,41,ADIHALLI,YESVANTPUR J,20,1241,True,False,False
56228,273,41,ADIHALLI,YESVANTPUR J,6,203,False,True,False
56231,138,20,BYADARA HALL,YELIYUR,6,9,False,True,False
56232,138,22,BYADARA HALL,YELIYUR,11,1429,False,True,False
56237,138,22,BYADARA HALL,YELIYUR,15,7,False,False,False
56238,138,21,BYADARA HALL,YELIYUR,21,1429,False,False,True
56241,220,22,ANEKAL ROAD,YESVANTPUR J,8,120,False,True,False
56242,219,22,ANEKAL ROAD,YESVANTPUR J,17,1366,True,False,False
56261,290,43,AMBUR,WALAJAH ROAD,10,1314,False,True,False
56262,290,41,AMBUR,WALAJAH ROAD,14,138,False,False,False
56263,138,17,BYADARA HALL,YELIYUR,0,10,False,False,True
56264,138,17,BYADARA HALL,YELIYUR,2,1429,False,False,True
56265,167,21,AKKIHEBBALU,SAGARAKATTE,19,49,True,False,False
56266,167,21,AKKIHEBBALU,SAGARAKATTE,8,1391,False,True,False
56267,167,21,AKKIHEBBALU,SAGARAKATTE,7,59,False,True,False
56268,167,21,AKKIHEBBALU,SAGARAKATTE,19,1398,True,False,False
56269,275,16,AKKIHEBBALU,DEVANUR,14,1279,False,False,False
56270,275,16,AKKIHEBBALU,DEVANUR,11,180,False,True,False
56271,114,11,BHADRAVATI,TARIKERE,18,24,True,False,False
56272,114,11,BHADRAVATI,TARIKERE,9,1414,False,True,False
56273,305,36,ARABAGATTA,YALVIGI,6,256,False,True,False
56274,303,36,ARABAGATTA,YALVIGI,20,1212,True,False,False
56275,372,32,AKKIHEBBALU,DEVANUR,12,1259,False,False,False
56276,372,31,AKKIHEBBALU,DEVANUR,14,171,False,False,False
56277,244,20,AMMASANDRA,YESVANTPUR J,11,190,False,True,False
56278,244,20,AMMASANDRA,YESVANTPUR J,17,1315,True,False,False
56281,198,27,ASHOKAPURAM,YELIYUR,8,74,False,True,False
56282,198,27,ASHOKAPURAM,YELIYUR,18,1350,True,False,False
56300,84,14,ALLEPPEY,TAKAZHI,5,1399,False,True,False
56301,85,14,ALLEPPEY,TAKAZHI,17,19,True,False,False
56302,56,12,ALLEPPEY,VAYALAR,7,37,False,True,False
56303,56,12,ALLEPPEY,VAYALAR,17,1380,True,False,False
56304,231,44,AMARAVILLA H,VIRANI ALUR,13,1374,False,False,False
56305,96,14,CHINGAVANAM,TIRUVALLA,5,18,False,True,False
56307,64,18,AKATHAMURI,VELI H.,7,44,False,True,False
56308,64,18,AKATHAMURI,VELI H.,18,1401,True,False,False
56309,64,18,AKATHAMURI,VELI H.,15,34,False,False,False
56310,71,14,AMARAVILLA H,VIRANI ALUR,7,1378,False,True,False
56311,72,14,AMARAVILLA H,VIRANI ALUR,7,55,False,True,False
56313,72,14,AMARAVILLA H,VIRANI ALUR,18,52,True,False,False
56315,72,14,AMARAVILLA H,VIRANI ALUR,17,57,True,False,False
56316,71,14,AMARAVILLA H,VIRANI ALUR,19,1386,True,False,False
56317,78,16,AMARAVILLA H,VIRANI ALUR,14,68,False,False,False
56318,77,16,AMARAVILLA H,VIRANI ALUR,9,1385,False,True,False
56319,531,39,ARALVAYMOLI,VIRUDUNAGAR,7,258,False,True,False
56320,532,46,ARALVAYMOLI,VIJAYAMANGAL,19,787,True,False,False
56323,404,54,VADAKARA,WALAYAR,14,1089,False,False,False
56324,404,54,VADAKARA,WALAYAR,11,402,False,True,False
56331,44,10,AUVANEESWARA,QUILON,8,69,False,True,False
56332,44,10,AUVANEESWARA,QUILON,7,1378,False,True,False
56333,52,11,AUVANEESWARA,QUILON,11,87,False,True,False
56334,52,11,AUVANEESWARA,QUILON,9,1380,False,True,False
56335,52,11,AUVANEESWARA,QUILON,14,85,False,False,False
56336,52,11,AUVANEESWARA,QUILON,12,1388,False,False,False
56337,44,10,AUVANEESWARA,QUILON,19,74,True,False,False
56338,44,10,AUVANEESWARA,QUILON,18,1382,True,False,False
56361,107,22,ANGAMALI (FO,WADAKANCHERI,6,1331,False,True,False
56362,173,33,ANGADIPURAM,WADAKANCHERI,12,1308,False,False,False
56363,173,33,ANGADIPURAM,WADAKANCHERI,15,115,False,False,False
56364,107,22,ANGAMALI (FO,WADAKANCHERI,18,92,True,False,False
56365,302,43,ANGAMALI (FO,VAIKAM ROAD,7,102,False,True,False
56366,302,43,ANGAMALI (FO,VAIKAM ROAD,0,1294,False,False,True
56370,96,18,ANGAMALI (FO,TRICHUR,6,65,False,True,False
56371,96,17,ANGAMALI (FO,TRICHUR,8,1374,False,True,False
56373,22,3,GURUVAYUR,TRICHUR,9,30,False,True,False
56374,22,3,GURUVAYUR,TRICHUR,11,1405,False,True,False
56375,96,18,ANGAMALI (FO,TRICHUR,14,1366,False,False,False
56376,96,17,ANGAMALI (FO,TRICHUR,20,63,True,False,False
56377,43,8,ALLEPPEY,TAKAZHI,7,22,False,True,False
56378,43,6,ALLEPPEY,TAKAZHI,23,1400,False,False,True
56379,56,12,ALLEPPEY,VAYALAR,9,1373,False,True,False
56380,100,19,ALLEPPEY,VAYALAR,9,40,False,True,False
56381,100,11,ALLEPPEY,TAKAZHI,11,22,False,True,False
56382,100,12,ALLEPPEY,TAKAZHI,14,1400,False,False,False
56383,100,19,ALLEPPEY,VAYALAR,19,1389,True,False,False
56384,56,12,ALLEPPEY,VAYALAR,17,31,True,False,False
56385,58,12,ERNAKULAM. J,VAIKAM ROAD,7,46,False,True,False
56386,59,9,ERNAKULAM. J,VAIKAM ROAD,6,1366,False,True,False
56387,114,14,CHANGANACHER,VAIKAM ROAD,13,1390,False,False,False
56388,114,17,CHANGANACHER,VAIKAM ROAD,17,55,True,False,False
56389,58,10,ERNAKULAM. J,VAIKAM ROAD,20,44,True,False,False
56390,59,9,ERNAKULAM. J,VAIKAM ROAD,19,1361,True,False,False
56391,155,25,CHINGAVANAM,VAIKAM ROAD,20,1377,True,False,False
56392,155,25,CHINGAVANAM,VAIKAM ROAD,5,67,False,True,False
56393,96,14,CHINGAVANAM,TIRUVALLA,18,33,True,False,False
56394,95,14,CHINGAVANAM,TIRUVALLA,10,1403,False,True,False
56501,693,66,BELLARY JN.,VIRAPUR,22,1387,False,False,True
56502,691,68,BELLARY JN.,VIRAPUR,4,27,False,True,False
56503,747,78,ANANTAPUR,ZANGALAPALLE,14,1411,False,False,False
56504,749,79,ANANTAPUR,ZANGALAPALLE,10,29,False,True,False
56505,17,6,BEML NAGAR,OORGAUM,13,9,False,False,False
56506,16,6,BEML NAGAR,OORGAUM,10,1429,False,True,False
56507,84,17,BEML NAGAR,WHITE FIELD,6,84,False,True,False
56508,85,17,BEML NAGAR,WHITE FIELD,20,1359,True,False,False
56509,84,17,BEML NAGAR,WHITE FIELD,14,69,False,False,False
56510,85,17,BEML NAGAR,WHITE FIELD,9,1358,False,True,False
56511,17,6,BEML NAGAR,OORGAUM,5,9,False,True,False
56512,16,6,BEML NAGAR,OORGAUM,21,1429,False,False,True
56513,568,57,ANEKAL ROAD,VRIDHA CHALA,17,1010,True,False,False
56514,567,58,ANEKAL ROAD,VRIDHA CHALA,8,473,False,True,False
56515,470,63,ARABAGATTA,YESVANTPUR J,13,1093,False,False,False
56516,469,63,ARABAGATTA,YESVANTPUR J,12,383,False,False,False
56517,93,13,AMRITHAPURA,TOLAHUNSE,18,76,True,False,False
56518,93,12,AMRITHAPURA,TOLAHUNSE,9,1357,False,True,False
56519,33,5,AMRITHAPURA,CHIKJAJUR JN,15,1428,False,False,False
56520,33,5,AMRITHAPURA,CHIKJAJUR JN,11,35,False,True,False
56600,85,16,CALICUT,VALLIUKUNNU,5,30,False,True,False
56601,85,16,CALICUT,VALLIUKUNNU,20,1385,True,False,False
56602,175,35,VADAKARA,WEST HILL,15,56,False,False,False
56603,207,41,VADAKARA,WADAKANCHERI,10,1187,False,True,False
56604,98,14,COIMBATORE,WALAYAR,10,1364,False,True,False
56605,131,20,COIMBATORE,WALAYAR,16,39,False,False,False
56610,110,19,ANGADIPURAM,VALAPUZHA HA,17,20,True,False,False
56611,109,19,ANGADIPURAM,VALAPUZHA HA,7,1416,False,True,False
56612,66,12,ANGADIPURAM,VALAPUZHA HA,7,19,False,True,False
56613,66,12,ANGADIPURAM,VALAPUZHA HA,10,1412,False,True,False
56614,66,12,ANGADIPURAM,VALAPUZHA HA,9,22,False,True,False
56616,66,12,ANGADIPURAM,VALAPUZHA HA,12,19,False,False,False
56617,66,12,ANGADIPURAM,VALAPUZHA HA,15,1417,False,False,False
56619,66,12,ANGADIPURAM,VALAPUZHA HA,17,1412,True,False,False
56620,66,12,ANGADIPURAM,VALAPUZHA HA,20,19,True,False,False
56621,66,12,ANGADIPURAM,VALAPUZHA HA,20,1417,True,False,False
56640,326,30,ANKOLA,UDUPI,10,1267,False,True,False
56641,324,30,ANKOLA,UDUPI,15,195,False,False,False
56642,49,5,BANTAWALA,NERALAKATTE,8,1423,False,True,False
56643,48,5,BANTAWALA,NERALAKATTE,6,14,False,True,False
56644,49,4,BANTAWALA,MANGALORE CE,20,60,True,False,False
56645,48,4,BANTAWALA,MANGALORE CE,18,1410,True,False,False
56646,91,11,BAJAKARE,YEDAMANGALA,13,10,False,False,False
56647,90,11,BAJAKARE,YEDAMANGALA,12,1429,False,False,False
56650,273,40,VADAKARA,WALAYAR,6,315,False,True,False
56651,273,40,VADAKARA,WALAYAR,19,1143,True,False,False
56652,89,20,VADAKARA,WEST HILL,18,52,True,False,False
56653,89,20,VADAKARA,WEST HILL,7,1389,False,True,False
56654,220,40,VADAKARA,WEST HILL,9,49,False,True,False
56655,131,22,PALLIKERI HA,VALAPATTANAM,8,1359,False,True,False
56656,131,23,PALLIKERI HA,VALAPATTANAM,17,88,True,False,False
56657,89,20,VADAKARA,WEST HILL,15,1393,False,False,False
56659,48,11,KANNUR,VALAPATTANAM,17,9,True,False,False
56661,83,13,PALLIKERI HA,ULLAL,6,63,False,True,False
56663,118,22,CALICUT,WADAKANCHERI,21,1234,False,False,True
56664,119,22,CALICUT,WADAKANCHERI,7,165,False,True,False
56665,182,20,BIJOOR,ULLAL,11,1202,False,True,False
56666,179,20,BIJOOR,ULLAL,13,235,False,False,False
56700,410,46,ARALVAYMOLI,VIRUDUNAGAR,4,1195,False,True,False
56701,409,49,ARALVAYMOLI,VIRUDUNAGAR,23,253,False,False,True
56703,93,12,AYYALUR,VAIYAMPATTI,19,1423,True,False,False
56704,94,11,AYYALUR,VAIYAMPATTI,6,21,False,True,False
56705,333,43,AMBATURAI,VRIDDHACHALA,22,1071,False,False,True
56706,334,42,AMBATURAI,VRIDDHACHALA,3,342,False,False,True
56707,62,8,AMBATURAI,VADIPPATTI,8,18,False,True,False
56708,62,8,AMBATURAI,VADIPPATTI,19,1414,True,False,False
56709,120,12,AMBATURAI,VADIPPATTI,18,20,True,False,False
56710,120,12,AMBATURAI,VADIPPATTI,8,1414,False,True,False
56711,145,26,ALAKKUDI,VELIPPALAIYA,16,1239,False,False,False
56714,145,18,ALAKKUDI,THIRUVARUR J,7,133,False,True,False
56715,196,19,AUVANEESWARA,VARKALA,6,110,False,True,False
56716,188,19,AUVANEESWARA,VARKALA,19,1329,True,False,False
56717,88,9,ARALVAYMOLI,VALLIYUR,18,21,True,False,False
56718,73,8,ARALVAYMOLI,VALLIYUR,8,1401,False,True,False
56719,15,2,KANNIYAKUMAR,NAGERCOIL JN,13,1420,False,False,False
56721,161,17,SILAIMAN,VALANTARAVAI,12,109,False,False,False
56722,161,17,SILAIMAN,VALANTARAVAI,14,1321,False,False,False
56723,161,17,SILAIMAN,VALANTARAVAI,7,114,False,True,False
56724,161,17,SILAIMAN,VALANTARAVAI,8,1317,False,True,False
56725,161,17,SILAIMAN,VALANTARAVAI,18,114,True,False,False
56726,161,17,SILAIMAN,VALANTARAVAI,21,1324,False,False,True
56731,173,14,KADAYANALLUR,VIRUDUNAGAR,9,1330,False,True,False
56732,173,14,KADAYANALLUR,VIRUDUNAGAR,7,110,False,True,False
56733,173,14,KADAYANALLUR,VIRUDUNAGAR,14,1326,False,False,False
56734,173,14,KADAYANALLUR,VIRUDUNAGAR,12,119,False,False,False
56735,173,14,KADAYANALLUR,VIRUDUNAGAR,19,1339,True,False,False
56736,173,14,KADAYANALLUR,VIRUDUNAGAR,16,112,False,False,False
56741,59,10,GANGAIKONDAN,TUTICORIN,19,1345,True,False,False
56742,60,10,GANGAIKONDAN,TUTICORIN,7,105,False,True,False
56761,61,12,ARUMUGANERI,THATHANKULAM,8,1406,False,True,False
56762,61,12,ARUMUGANERI,THATHANKULAM,7,36,False,True,False
56763,61,12,ARUMUGANERI,THATHANKULAM,10,1399,False,True,False
56764,61,12,ARUMUGANERI,THATHANKULAM,16,36,False,False,False
56765,61,12,ARUMUGANERI,THATHANKULAM,19,1401,True,False,False
56766,61,12,ARUMUGANERI,THATHANKULAM,18,36,True,False,False
56767,121,20,ARUMUGANERI,THATHANKULAM,12,1401,False,False,False
56768,121,20,ARUMUGANERI,THATHANKULAM,14,34,False,False,False
56769,459,43,AMBATURAI,VIRUDUNAGAR,9,120,False,True,False
56770,458,43,AMBATURAI,VIRUDUNAGAR,16,1300,False,False,False
56796,72,17,AMBASAMUDRAM,VIRAVANALLUR,7,12,False,True,False
56797,78,18,AMBASAMUDRAM,VIRAVANALLUR,9,1426,False,True,False
56798,78,18,AMBASAMUDRAM,VIRAVANALLUR,16,12,False,False,False
56799,72,17,AMBASAMUDRAM,VIRAVANALLUR,19,1425,True,False,False
56800,72,17,AMBASAMUDRAM,VIRAVANALLUR,11,13,False,True,False
56801,72,17,AMBASAMUDRAM,VIRAVANALLUR,8,1428,False,True,False
56802,72,17,AMBASAMUDRAM,VIRAVANALLUR,18,12,True,False,False
56803,72,17,AMBASAMUDRAM,VIRAVANALLUR,14,1423,False,False,False
56811,120,25,ADUTHURAI,TITTE,6,51,False,True,False
56812,120,25,ADUTHURAI,TITTE,20,1385,True,False,False
56819,39,10,AYYAMPET,TITTE,8,7,False,True,False
56820,39,10,AYYAMPET,TITTE,18,1428,True,False,False
56821,214,20,ADUTHURAI,VAIYAMPATTI,11,181,False,True,False
56822,214,20,ADUTHURAI,VAIYAMPATTI,15,1260,False,False,False
56823,120,24,ADUTHURAI,TITTE,20,57,True,False,False
56824,120,24,ADUTHURAI,TITTE,9,1366,False,True,False
56825,358,28,AMBATURAI,VIRUDUNAGAR,16,135,False,False,False
56826,358,28,AMBATURAI,VIRUDUNAGAR,10,1304,False,True,False
56829,263,25,CHETTINAD,VALANTARAVAI,8,160,False,True,False
56830,264,25,CHETTINAD,VALANTARAVAI,18,1233,True,False,False
56839,178,23,ANANGUR,VIRAPANDY RO,18,1396,True,False,False
56840,180,23,ANANGUR,VIRAPANDY RO,6,39,False,True,False
56841,141,25,CHAVADIPALAY,VIRARAKKIYAM,10,1326,False,True,False
56842,141,25,CHAVADIPALAY,VIRARAKKIYAM,16,85,False,False,False
56843,141,22,CHAVADIPALAY,VIRARAKKIYAM,19,1344,True,False,False
56844,141,22,CHAVADIPALAY,VIRARAKKIYAM,8,74,False,True,False
56845,178,23,ANANGUR,VIRAPANDY RO,9,1391,False,True,False
56846,180,23,ANANGUR,VIRAPANDY RO,16,45,False,False,False
56859,133,11,CHENGALPATTU,VIKRAVANDI,18,99,True,False,False
56860,133,11,CHENGALPATTU,VIKRAVANDI,7,1326,False,True,False
56861,37,5,CHINNNABABU,VALAVANUR HA,7,1429,False,True,False
56862,37,5,CHINNNABABU,VALAVANUR HA,8,9,False,True,False
56863,37,5,CHINNNABABU,VALAVANUR HA,14,1429,False,False,False
56864,37,5,CHINNNABABU,VALAVANUR HA,16,9,False,False,False
56865,37,5,CHINNNABABU,VALAVANUR HA,18,1429,True,False,False
56866,37,5,CHINNNABABU,VALAVANUR HA,19,9,True,False,False
56871,38,6,MANGANALLUR,THIRUVARUR J,6,55,False,True,False
56872,38,6,MANGANALLUR,THIRUVARUR J,8,1410,False,True,False
56873,121,22,ALAPPAKKAM,VALLAMPADUGA,7,56,False,True,False
56874,121,22,ALAPPAKKAM,VALLAMPADUGA,7,1395,False,True,False
56875,121,22,ALAPPAKKAM,VALLAMPADUGA,15,61,False,False,False
56876,121,22,ALAPPAKKAM,VALLAMPADUGA,17,1397,True,False,False
56877,121,22,ALAPPAKKAM,VALLAMPADUGA,19,38,True,False,False
56878,121,22,ALAPPAKKAM,VALLAMPADUGA,19,1397,True,False,False
56879,38,6,MANGANALLUR,THIRUVARUR J,18,50,True,False,False
56880,38,6,MANGANALLUR,THIRUVARUR J,20,1410,True,False,False
56881,160,14,AGARAM SIBBA,VILLUPURAM J,6,165,False,True,False
56882,264,30,AGARAM SIBBA,VELLORE TOWN,6,84,False,True,False
56883,160,14,AGARAM SIBBA,VILLUPURAM J,8,175,False,True,False
56884,264,27,AGARAM SIBBA,VELLORE TOWN,18,101,True,False,False
56885,264,27,AGARAM SIBBA,VELLORE TOWN,18,1359,True,False,False
56886,160,15,AGARAM SIBBA,VELLORE TOWN,20,74,True,False,False
56889,104,13,BOMMASAMUDRA,TIRUPATI WES,4,1314,False,True,False
56902,20,5,AMARGOL,UNKAL,8,8,False,True,False
56903,378,33,AMARGOL,UNKAL,9,1434,False,True,False
56904,377,34,AMARGOL,UNKAL,17,4,True,False,False
56905,357,40,ANGADGERI H,YARAGOPPA H,8,119,False,True,False
56906,356,40,ANGADGERI H,YARAGOPPA H,18,1314,True,False,False
56907,20,5,AMARGOL,UNKAL,19,1430,True,False,False
56909,516,36,AJAMPUR,YESVANTPUR J,3,1148,False,False,True
56910,516,35,AJAMPUR,YESVANTPUR J,23,274,False,False,True
56911,191,19,BYADGI,YALVIGI,7,57,False,True,False
56912,189,19,BYADGI,YALVIGI,19,1387,True,False,False
56913,470,44,AJAMPUR,YESVANTPUR J,11,1123,False,True,False
56914,468,44,AJAMPUR,YESVANTPUR J,14,327,False,False,False
56915,191,22,BYADGI,YALVIGI,6,67,False,True,False
56916,189,22,BYADGI,YALVIGI,20,1381,True,False,False
56917,62,5,BHADRAVATI,TARIKERE,12,1423,False,False,False
56918,62,5,BHADRAVATI,TARIKERE,14,19,False,False,False
56921,141,12,BELGAUM,HUBLI JN.,21,1230,False,False,True
56922,141,10,BELGAUM,HUBLI JN.,6,220,False,True,False
56925,69,7,CHIKBANAVAR,YESVANTPUR J,5,1429,False,True,False
56926,69,6,CHIKBANAVAR,YESVANTPUR J,9,8,False,True,False
56961,61,11,CHANDAR,VASCO-DA-GAM,7,77,False,True,False
56962,58,11,CHANDAR,VASCO-DA-GAM,8,1392,False,True,False
56963,61,12,CHANDAR,VASCO-DA-GAM,12,75,False,False,False
56964,58,12,CHANDAR,VASCO-DA-GAM,14,1390,False,False,False
56965,61,12,CHANDAR,VASCO-DA-GAM,17,70,True,False,False
56966,58,12,CHANDAR,VASCO-DA-GAM,18,1385,True,False,False
57121,243,26,ASIFABAD ROA,WIRUR,7,54,False,True,False
57122,191,21,ASIFABAD ROA,SIRPUR TOWN,15,1410,False,False,False
57123,332,39,ASIFABAD ROA,YELGUR,13,1133,False,False,False
57124,381,44,ASIFABAD ROA,YELGUR,12,266,False,False,False
57129,455,63,AHERWADI H,WADI JN.,20,357,True,False,False
57130,445,53,AHERWADI H,WADI JN.,9,1025,False,True,False
57131,22,12,ALWAL HALT,SAFILGUDA HA,9,12,False,True,False
57133,366,42,AHERWADI H,YERMARAS,14,429,False,False,False
57134,366,38,AHERWADI H,YERMARAS,15,959,False,False,False
57135,450,47,AJNI,WARORA,21,204,False,False,True
57136,453,48,AJNI,WARORA,11,1079,False,True,False
57145,56,8,BHADRACHALAM,TADAKAL PUDI,10,1402,False,True,False
57146,56,8,BHADRACHALAM,TADAKAL PUDI,17,19,True,False,False
57155,223,29,BEGAMPET,WADI JN.,10,1095,False,True,False
57156,223,29,BEGAMPET,WADI JN.,17,252,True,False,False
57225,350,58,ANAKAPALLE,ELAMANCHILI,17,1404,True,False,False
57226,350,55,ANAKAPALLE,ELAMANCHILI,10,18,False,True,False
57229,372,35,ANAKAPALLE,ELAMANCHILI,7,1314,False,True,False
57230,371,36,ANAKAPALLE,ELAMANCHILI,21,18,False,False,True
57231,217,27,ANAPARTI,UNGUTURU,21,1322,False,False,True
57232,217,27,ANAPARTI,UNGUTURU,5,105,False,True,False
57237,225,28,BONA KALU,ERRUPALEM,7,36,False,True,False
57238,226,29,BONA KALU,ERRUPALEM,14,1403,False,False,False
57239,137,21,ATTIPATTU,TIRUVOTTIYUR,16,1416,False,False,False
57240,209,31,ATTIPATTU,VENKATACHALE,10,1199,False,True,False
57241,220,35,AMMANABROLU,VETAPALEM,5,37,False,True,False
57242,220,35,AMMANABROLU,VETAPALEM,18,1392,True,False,False
57255,168,23,ANAKAPALLE,ELAMANCHILI,8,1370,False,True,False
57256,168,23,ANAKAPALLE,ELAMANCHILI,17,28,True,False,False
57257,602,92,AMMANABROLU,YERPEDU,7,1068,False,True,False
57258,603,90,AMMANABROLU,YERPEDU,18,410,True,False,False
57264,29,7,BHIMAVARAM J,VIRAVASARAM,0,1401,False,False,True
57265,29,7,BHIMAVARAM J,VIRAVASARAM,3,21,False,False,True
57271,535,68,ANAKAPALLE,ELAMANCHILI,7,1289,False,True,False
57272,535,71,ANAKAPALLE,ELAMANCHILI,21,29,False,False,True
57273,578,59,ANANTARAJUPE,YERRAGUDIPAD,18,1269,True,False,False
57274,577,60,ANANTARAJUPE,YERRAGUDIPAD,7,151,False,True,False
57277,292,45,AMMANABROLU,VETAPALEM,9,35,False,True,False
57278,220,34,AMMANABROLU,VETAPALEM,21,1401,False,False,True
57305,622,78,AJAKOLLU HAL,YENUGONDA HA,17,1369,True,False,False
57306,622,56,BALANAGAR,YAKUT PURA,7,91,False,True,False
57307,32,18,ALWAL HALT,VIDYA NAGAR,10,1395,False,True,False
57308,32,18,ALWAL HALT,VIDYA NAGAR,13,42,False,False,False
57317,130,17,BANDARUPALLE,TUMMALACHERU,8,81,False,True,False
57320,130,17,BANDARUPALLE,TUMMALACHERU,19,1354,True,False,False
57323,35,4,GURUJALA,RENTACHIN TA,15,12,False,False,False
57324,35,4,GURUJALA,RENTACHIN TA,13,1426,False,False,False
57325,622,77,AJAKOLLU HAL,YENUGONDA HA,9,1333,False,True,False
57326,622,79,AJAKOLLU HAL,YENUGONDA HA,17,108,True,False,False
57327,333,36,BUGGANAPALLI,VELLALCHERUV,7,326,False,True,False
57328,333,36,BUGGANAPALLI,VELLALCHERUV,19,1061,True,False,False
57329,379,49,AMMANABROLU,YERPEDU,20,1135,True,False,False
57330,380,49,AMMANABROLU,YERPEDU,5,341,False,True,False
57381,171,31,AKIVIDU,VIRAVASARAM,20,69,True,False,False
57382,171,26,AKIVIDU,VIRAVASARAM,7,1370,False,True,False
57401,104,13,BOMMASAMUDRA,TIRUPATI WES,8,1318,False,True,False
57402,104,13,BOMMASAMUDRA,TIRUPATI WES,14,148,False,False,False
57403,104,14,BOMMASAMUDRA,TIRUPATI WES,21,1311,False,False,True
57404,104,14,BOMMASAMUDRA,TIRUPATI WES,6,127,False,True,False
57405,104,13,BOMMASAMUDRA,TIRUPATI WES,13,1291,False,False,False
57406,104,13,BOMMASAMUDRA,TIRUPATI WES,18,119,True,False,False
57411,83,7,GUDUR JN.,YERPEDU,16,1319,False,False,False
57412,83,7,GUDUR JN.,YERPEDU,10,69,False,True,False
57425,358,50,AJAKOLLU HAL,YENUGONDA HA,13,1346,False,False,False
57426,356,49,AJAKOLLU HAL,YENUGONDA HA,10,120,False,True,False
57429,92,12,GUDUR JN.,YERPEDU,9,1317,False,True,False
57430,93,12,GUDUR JN.,YERPEDU,17,81,True,False,False
57435,236,24,BALANAGAR,YAKUT PURA,18,1369,True,False,False
57436,236,41,AJAKOLLU HAL,YENUGONDA HA,8,69,False,True,False
57447,105,15,BALANAGAR,YAKUT PURA,14,1367,False,False,False
57448,182,43,ALWAL HALT,YAKUT PURA,19,1367,True,False,False
57451,234,22,AMRITHAPURA,VIRAPUR,14,340,False,False,False
57452,234,22,AMRITHAPURA,VIRAPUR,12,1166,False,False,False
57456,105,20,BALANAGAR,YAKUT PURA,14,78,False,False,False
57473,191,40,AKANAPET,YEDAPALLI  H,19,147,True,False,False
57474,297,62,AKANAPET,YAKUT PURA,7,226,False,True,False
57475,370,39,ANANTAPUR,ZANGALAPALLE,18,1414,True,False,False
57476,370,40,ANANTAPUR,ZANGALAPALLE,8,34,False,True,False
57477,473,42,ANANTAPUR,ZANGALAPALLE,7,1404,False,True,False
57478,474,42,ANANTAPUR,ZANGALAPALLE,19,38,True,False,False
57486,77,27,ALWAL HALT,WADIARAM,7,1344,False,True,False
57501,26,5,BODHAN,YEDAPALLI  H,7,1406,False,True,False
57502,114,16,AKANAPET,YEDAPALLI  H,11,1263,False,True,False
57503,114,16,AKANAPET,YEDAPALLI  H,15,159,False,False,False
57504,26,5,BODHAN,YEDAPALLI  H,19,23,True,False,False
57512,58,8,CHUDAWA,WANEGAON HAL,10,24,False,True,False
57515,581,57,AKOLNER,YEOLA,14,229,False,False,False
57516,581,58,AKOLNER,YEOLA,9,1236,False,True,False
57517,115,15,BEGAMPET,VIKRABAD JN.,12,86,False,False,False
57518,114,15,BEGAMPET,VIKRABAD JN.,18,1348,True,False,False
57521,92,11,DHONDI HALT,VADGAON NILA,21,1407,False,False,True
57522,92,11,DHONDI HALT,VADGAON NILA,17,44,True,False,False
57539,298,36,AKOLA JN.,WASHIM,14,88,False,False,False
57540,299,36,AKOLA JN.,WASHIM,21,1278,False,False,True
57541,325,34,AURANGABAD,WANEGAON HAL,7,464,False,True,False
57542,347,36,ANKAI,WANEGAON HAL,3,909,False,False,True
57547,435,48,AMBIKA (ROHI,ZAHIRABAD,14,1222,False,False,False
57548,435,47,AMBIKA (ROHI,ZAHIRABAD,12,186,False,False,False
57549,583,59,AMBIKA (ROHI,ZAHIRABAD,3,1244,False,False,True
57550,583,57,AMBIKA (ROHI,ZAHIRABAD,23,183,False,False,True
57551,223,30,AMBARI,WANEGAON HAL,22,1244,False,False,True
57552,225,30,AMBARI,WANEGAON HAL,15,226,False,False,False
57553,316,41,AMBARI,WANEGAON HAL,11,1201,False,True,False
57554,317,41,AMBARI,WANEGAON HAL,4,256,False,True,False
57557,110,16,BOLSA,UMRI,7,10,False,True,False
57558,110,16,BOLSA,UMRI,19,1429,True,False,False
57561,623,88,AKANAPET,WANEGAON HAL,7,305,False,True,False
57562,620,87,AKANAPET,WANEGAON HAL,18,1135,True,False,False
57563,340,45,AKANAPET,WANEGAON HAL,1,333,False,False,True
57564,279,29,AKANAPET,WADIARAM,3,19,False,False,True
57581,206,26,AKOLA JN.,WASHIM,6,68,False,True,False
57582,206,26,AKOLA JN.,WASHIM,12,1268,False,False,False
57583,206,26,AKOLA JN.,WASHIM,22,81,False,False,True
57584,206,26,AKOLA JN.,WASHIM,3,1308,False,False,True
57590,19,3,ANKAI,NAGARSOL,23,43,False,False,True
57593,243,36,AKANAPET,WADIARAM,16,1418,False,False,False
57594,243,36,AKANAPET,WADIARAM,10,19,False,True,False
57601,165,23,AKANAPET,WADIARAM,8,1415,False,True,False
57602,165,21,AKANAPET,WADIARAM,20,14,True,False,False
57605,72,11,BEGAMPET,VIKRABAD JN.,8,120,False,True,False
57606,79,12,BEGAMPET,VIKRABAD JN.,12,1350,False,False,False
57625,341,37,ALER,JANGAON,20,14,True,False,False
57626,341,37,ALER,JANGAON,7,1421,False,True,False
57628,112,15,AKALKOT ROAD,TILATI,18,9,True,False,False
57631,377,37,ADONI,YERMARAS,11,1329,False,True,False
57632,265,31,ADONI,YERMARAS,16,84,False,False,False
57641,299,37,AHERWADI H,WANDAL,12,187,False,False,False
57642,299,25,BADAMI,WANDAL,3,119,False,False,True
57649,36,5,GULBARGA,WADI JN.,22,50,False,False,True
57650,149,19,AKALKOT ROAD,WADI JN.,9,1287,False,True,False
57651,341,40,ANGALAKUDURU,ZAMPANI HALT,18,44,True,False,False
57652,341,40,ANGALAKUDURU,ZAMPANI HALT,8,1394,False,True,False
57657,209,23,ASWAPURAM,YELGUR,6,250,False,True,False
57658,209,23,ASWAPURAM,YELGUR,17,1184,True,False,False
57659,347,52,AKALKOT ROAD,YAKUT PURA,11,510,False,True,False
57660,235,38,ARTS COLLAGE,YAKUT PURA,5,1418,False,True,False
57685,108,10,BIJAPUR JN,TADWAL,22,1329,False,False,True
57686,108,8,BIJAPUR JN,TADWAL,0,64,False,False,True
57687,165,14,AKANAPET,WADIARAM,16,14,False,False,False
57688,165,11,AKANAPET,WADIARAM,20,1419,True,False,False
57689,165,12,AKANAPET,WADIARAM,6,16,False,True,False
57690,165,16,AKANAPET,WADIARAM,11,1419,False,True,False
58001,526,91,ANDUL,ULUBARIA,0,30,False,False,True
58002,518,90,ABADA,ULUBARIA,1,1411,False,False,True
58003,299,38,ANGUA PH,BAKHRABAD,19,1404,True,False,False
58004,298,39,ANGUA PH,BAKHRABAD,7,31,False,True,False
58005,366,32,AMARDA ROAD,BAKHRABAD,6,1378,False,True,False
58006,366,32,AMARDA ROAD,BAKHRABAD,22,60,False,False,True
58007,182,28,ANGUA PH,BAKHRABAD,7,1406,False,True,False
58008,182,28,ANGUA PH,BAKHRABAD,18,30,True,False,False
58009,226,36,ANGUA PH,BAKHRABAD,17,1403,True,False,False
58010,226,36,ANGUA PH,BAKHRABAD,9,32,False,True,False
58011,442,45,ADRA,BISHNUPUR,5,1323,False,True,False
58012,441,45,ADRA,BISHNUPUR,22,89,False,False,True
58013,82,12,ADRA,TALGARIA,6,55,False,True,False
58014,82,12,ADRA,TALGARIA,21,1363,False,False,True
58015,284,28,ADRA,BISHNUPUR,23,1344,False,False,True
58016,284,28,ADRA,BISHNUPUR,4,84,False,True,False
58017,209,31,ADRA,BISHNUPUR,9,1292,False,True,False
58018,210,31,ADRA,BISHNUPUR,18,102,True,False,False
58019,41,9,ADRA,RAMKANALI JN,14,23,False,False,False
58020,41,9,ADRA,RAMKANALI JN,13,1407,False,False,False
58021,137,18,ASANBONI,TATANAGAR JN,11,75,False,True,False
58022,137,19,ASANBONI,TATANAGAR JN,18,1416,True,False,False
58023,161,26,ADITYAPUR,TIRALDIH,15,128,False,False,False
58024,162,26,ADITYAPUR,TIRALDIH,10,1269,False,True,False
58025,339,44,ADRA,BISHNUPUR,13,1271,False,False,False
58026,336,44,ADRA,BISHNUPUR,14,96,False,False,False
58029,62,10,BHADRAKH,SABIRA,15,1377,False,False,False
58030,62,10,BHADRAKH,SABIRA,11,22,False,True,False
58031,69,9,ASANBONI,TATANAGAR JN,14,27,False,False,False
58032,69,9,ASANBONI,TATANAGAR JN,11,1416,False,True,False
58033,117,15,BEGUNKODAR,TATISILWAI,9,98,False,True,False
58034,114,15,BEGUNKODAR,TATISILWAI,17,1334,True,False,False
58103,148,18,ADITYAPUR,TATANAGAR JN,17,1430,True,False,False
58104,148,18,ADITYAPUR,TATANAGAR JN,9,45,False,True,False
58109,147,19,ADITYAPUR,TATANAGAR JN,7,1430,False,True,False
58110,147,19,ADITYAPUR,TATANAGAR JN,18,21,True,False,False
58111,885,102,ADITYAPUR,WRS COLONY,6,937,False,True,False
58112,883,109,ADITYAPUR,WRS COLONY,22,403,False,False,True
58113,470,60,ADITYAPUR,TUNIA,17,111,True,False,False
58114,469,61,ADITYAPUR,TUNIA,8,1252,False,True,False
58117,503,65,AMGAON,WRS COLONY,20,1149,True,False,False
58118,496,64,AMGAON,WRS COLONY,5,245,False,True,False
58131,520,78,ANGUL,TALCHER,16,30,False,False,False
58132,526,78,ANGUL,TALCHER,11,1335,False,True,False
58133,101,15,BAGDIHI,TANGARMUNDA,16,1410,False,False,False
58134,101,15,BAGDIHI,TANGARMUNDA,9,28,False,True,False
58135,48,9,BRUNDAMAL,SASON,4,28,False,True,False
58136,48,9,BRUNDAMAL,SASON,8,1408,False,True,False
58137,48,9,BRUNDAMAL,SASON,17,27,True,False,False
58138,48,9,BRUNDAMAL,SASON,20,1406,True,False,False
58143,175,26,ADITYAPUR,TIRALDIH,5,122,False,True,False
58151,96,12,BONDAMUNDA J,ROURKELA,8,1417,False,True,False
58152,96,12,BONDAMUNDA J,ROURKELA,16,19,False,False,False
58161,261,35,BANO,TANGARMUNDA,13,264,False,False,False
58162,261,34,BANO,TANGARMUNDA,10,1235,False,True,False
58163,272,23,ADRA,BISHNUPUR,7,1346,False,True,False
58164,269,23,ADRA,BISHNUPUR,19,78,True,False,False
58201,112,15,BAIKUNTH WES,WRS COLONY,8,43,False,True,False
58202,111,15,BAIKUNTH WES,WRS COLONY,20,1403,True,False,False
58203,209,29,AKALTARA,WRS COLONY,9,178,False,True,False
58204,209,29,AKALTARA,WRS COLONY,21,1230,False,False,True
58205,310,42,AMGAON,TIRORA,17,60,True,False,False
58206,302,43,AMGAON,TIRORA,10,1372,False,True,False
58207,305,30,ARANGMAHANAD,TUREKALA ROA,16,124,False,False,False
58208,305,30,ARANGMAHANAD,TUREKALA ROA,9,1226,False,True,False
58209,96,12,AKALTARA,URGA,13,1363,False,False,False
58210,97,15,AKALTARA,URGA,8,88,False,True,False
58212,97,15,AKALTARA,URGA,14,75,False,False,False
58213,431,48,AKALTARA,TITLA GARH J,20,693,True,False,False
58214,433,48,AKALTARA,TITLA GARH J,7,684,False,True,False
58217,204,13,BAGBAHRA,TUREKALA ROA,21,1368,False,False,True
58218,204,14,BAGBAHRA,TUREKALA ROA,3,80,False,False,True
58219,237,29,ANUPPUR JN.,VENKATNAGAR,3,1340,False,False,True
58220,237,29,ANUPPUR JN.,VENKATNAGAR,23,42,False,False,True
58221,214,20,AMLAI,UMARIA,11,109,False,True,False
58222,213,20,AMLAI,UMARIA,16,1328,False,False,False
58223,143,15,AMBIKAPUR,UDALKACHHAR,12,1254,False,False,False
58224,174,20,AMBIKAPUR,UDALKACHHAR,12,139,False,False,False
58227,64,9,ANUPPUR JN.,MAUHARI,17,10,True,False,False
58301,494,41,AMBODALA,TIKIRI,12,384,False,False,False
58302,494,41,AMBODALA,TIKIRI,9,1162,False,True,False
58303,54,6,BHAWANIPATNA,LANJI GARH R,14,1375,False,False,False
58304,54,6,BHAWANIPATNA,LANJI GARH R,10,50,False,True,False
58401,82,14,BADABANDHA R,RAHAMA,20,1425,True,False,False
58402,82,14,BADABANDHA R,RAHAMA,6,13,False,True,False
58403,43,11,BIRPURUSOTHA,SAKHIGOPAL,7,5,False,True,False
58404,43,11,BIRPURUSOTHA,SAKHIGOPAL,18,1433,True,False,False
58405,82,11,BADABANDHA R,RAHAMA,16,1425,False,False,False
58406,82,11,BADABANDHA R,RAHAMA,10,13,False,True,False
58408,142,30,BHUBANESWAR,SRI JHADESHW,17,89,True,False,False
58409,43,11,BIRPURUSOTHA,SAKHIGOPAL,13,5,False,False,False
58410,43,11,BIRPURUSOTHA,SAKHIGOPAL,23,1433,False,False,True
58411,165,27,ARGUL,TAPANG,10,18,False,True,False
58412,165,27,ARGUL,TAPANG,17,1421,True,False,False
58413,202,42,BHUBANESWAR,TALCHER,9,1185,False,True,False
58414,202,43,BHUBANESWAR,TALCHER,18,230,True,False,False
58415,90,21,BHUBANESWAR,SAKHIGOPAL,17,77,True,False,False
58416,90,21,BHUBANESWAR,SAKHIGOPAL,10,1338,False,True,False
58417,380,59,ARGUL,TEMBURU,9,467,False,True,False
58418,380,59,ARGUL,TEMBURU,15,1034,False,False,False
58419,239,36,ARGUL,TAPANG,19,18,True,False,False
58420,239,36,ARGUL,TAPANG,9,1421,False,True,False
58421,196,30,ANGUL,TALCHER,5,25,False,True,False
58422,196,30,ANGUL,TALCHER,21,1390,False,False,True
58423,115,23,BHADRAKH,SRI JHADESHW,13,121,False,False,False
58424,115,23,BHADRAKH,SRI JHADESHW,12,1267,False,False,False
58425,214,22,BHUBANESWAR,TOMKA,11,1262,False,True,False
58426,214,22,BHUBANESWAR,TOMKA,16,161,False,False,False
58427,88,9,GUNUPUR,TEKKALI,5,1310,False,True,False
58428,88,8,GUNUPUR,TEKKALI,20,121,True,False,False
58429,65,7,BOLAGARH ROA,RAJSUNAKHALA,20,1420,True,False,False
58430,65,7,BOLAGARH ROA,RAJSUNAKHALA,5,18,False,True,False
58431,65,7,BOLAGARH ROA,RAJSUNAKHALA,8,1420,False,True,False
58432,65,7,BOLAGARH ROA,RAJSUNAKHALA,9,18,False,True,False
58433,192,18,BALUGAN,PATIA HALT,20,1308,True,False,False
58434,192,17,BALUGAN,PATIA HALT,8,118,False,True,False
58435,115,23,BHADRAKH,SRI JHADESHW,15,114,False,False,False
58436,115,23,BHADRAKH,SRI JHADESHW,15,1257,False,False,False
58501,471,53,AMBAGAON,VISAKHAPATNA,15,911,False,False,False
58502,471,53,AMBAGAON,VISAKHAPATNA,10,572,False,True,False
58503,184,25,ALAMANDA,VIZIANAGARAM,7,1417,False,True,False
58504,184,25,ALAMANDA,VIZIANAGARAM,17,21,True,False,False
58505,267,28,BANSADHARA P,VIZIANAGARAM,12,294,False,False,False
58506,267,28,BANSADHARA P,VIZIANAGARAM,11,1140,False,True,False
58525,202,27,ALAMANDA,VIZIANAGARAM,12,1408,False,False,False
58526,202,26,ALAMANDA,VIZIANAGARAM,12,27,False,False,False
58527,528,56,ALAMANDA,VIZIANAGARAM,19,1410,True,False,False
58528,528,56,ALAMANDA,VIZIANAGARAM,3,22,False,False,True
58529,570,64,ALAMANDA,VIZIANAGARAM,10,1410,False,True,False
58530,571,64,ALAMANDA,VIZIANAGARAM,22,27,False,False,True
58531,202,27,ALAMANDA,VIZIANAGARAM,8,1417,False,True,False
58532,202,27,ALAMANDA,VIZIANAGARAM,19,26,True,False,False
58533,266,43,ARGUL,TAPANG,17,18,True,False,False
58534,266,43,ARGUL,TAPANG,8,1421,False,True,False
58535,82,14,BADABANDHA R,RAHAMA,12,1425,False,False,False
58536,82,14,BADABANDHA R,RAHAMA,13,13,False,False,False
58537,357,39,ALAMANDA,VIZIANAGARAM,13,1415,False,False,False
58538,357,39,ALAMANDA,VIZIANAGARAM,8,23,False,True,False
58601,168,22,ADRA,BISHNUPUR,21,1311,False,False,True
58602,168,22,ADRA,BISHNUPUR,5,98,False,True,False
58603,248,40,ADRA,BISHNUPUR,18,1299,True,False,False
58604,249,40,ADRA,BISHNUPUR,9,106,False,True,False
58621,157,22,ADRA,TULIN,4,150,False,True,False
58622,157,22,ADRA,TULIN,20,1228,True,False,False
58651,66,10,AKASHI  PH,TANGRABASULI,6,1411,False,True,False
58652,67,10,AKASHI  PH,TANGRABASULI,7,29,False,True,False
58653,110,12,AKASHI  PH,TORI,10,87,False,True,False
58654,111,12,AKASHI  PH,TORI,13,1365,False,False,False
58655,66,10,AKASHI  PH,TANGRABASULI,16,1411,False,False,False
58656,67,10,AKASHI  PH,TANGRABASULI,17,29,True,False,False
58657,66,10,AKASHI  PH,TANGRABASULI,20,1411,True,False,False
58658,67,7,ITKY PH,TANGRABASULI,21,1429,False,False,True
58659,160,21,BANO,TATI,19,39,True,False,False
58660,160,21,BANO,TATI,7,1386,False,True,False
58661,222,29,ADITYAPUR,URMA,11,107,False,True,False
58662,219,29,ADITYAPUR,URMA,10,1323,False,True,False
58701,215,24,AMLAI,UDALKACHHAR,14,138,False,False,False
58702,215,24,AMLAI,UDALKACHHAR,13,1293,False,False,False
58711,51,8,ABHANPUR JN.,SARSONPURI,8,72,False,True,False
58712,50,8,ABHANPUR JN.,SARSONPURI,8,1357,False,True,False
58713,51,8,ABHANPUR JN.,SARSONPURI,14,72,False,False,False
58714,50,8,ABHANPUR JN.,SARSONPURI,14,1357,False,False,False
58715,51,8,ABHANPUR JN.,SARSONPURI,19,72,True,False,False
58716,50,8,ABHANPUR JN.,SARSONPURI,20,1357,True,False,False
58717,22,4,ABHANPUR JN.,RAJIM,17,55,True,False,False
58718,22,4,ABHANPUR JN.,RAJIM,10,1394,False,True,False
58719,17,3,ABHANPUR JN.,RAJIM,8,50,False,True,False
58720,16,3,ABHANPUR JN.,RAJIM,7,1390,False,True,False
58721,17,3,ABHANPUR JN.,RAJIM,20,50,True,False,False
58722,16,3,ABHANPUR JN.,RAJIM,19,1390,True,False,False
58801,249,28,ARJUNI,WADSA,17,1407,True,False,False
58802,249,28,ARJUNI,WADSA,8,27,False,True,False
58803,249,28,ARJUNI,WADSA,9,1407,False,True,False
58804,249,28,ARJUNI,WADSA,18,41,True,False,False
58805,238,27,ARJUNI,WADSA,13,1407,False,False,False
58806,103,14,ARJUNI,WADSA,20,61,True,False,False
58808,135,14,ALEWAHI,WADSA,8,1374,False,True,False
58809,38,7,AMDI,RAMTEK,7,1429,False,True,False
58810,42,8,AMDI,RAMTEK,6,20,False,True,False
58811,43,8,AMDI,RAMTEK,21,1429,False,False,True
58812,38,7,AMDI,RAMTEK,20,22,True,False,False
58813,38,7,AMDI,RAMTEK,14,1429,False,False,False
58814,38,7,AMDI,RAMTEK,12,22,False,False,False
58815,123,20,BHANDARA RD,TIRODI,14,152,False,False,False
58816,124,20,BHANDARA RD,TIRODI,9,1335,False,True,False
58817,47,9,CHICHOLI,TIRODI,6,72,False,True,False
58818,46,9,CHICHOLI,TIRODI,18,1395,True,False,False
58843,104,17,BHUYAR,UMRED,9,1368,False,True,False
58844,104,17,BHUYAR,UMRED,7,69,False,True,False
58845,104,17,BHUYAR,UMRED,13,1360,False,False,False
58846,104,17,BHUYAR,UMRED,13,71,False,False,False
58847,104,17,BHUYAR,UMRED,21,1368,False,False,True
58848,104,17,BHUYAR,UMRED,17,69,True,False,False
58877,104,17,BHUYAR,UMRED,17,1360,True,False,False
58878,104,17,BHUYAR,UMRED,8,71,False,True,False
59013,334,31,AMALNER,VYARA,7,1078,False,True,False
59014,335,31,AMALNER,VYARA,20,329,True,False,False
59023,193,20,ATUL,VAITARNA,22,1261,False,False,True
59024,193,21,ATUL,VAITARNA,4,157,False,True,False
59037,206,30,ANCHELI,VAITARNA,22,1142,False,False,True
59038,206,31,ANCHELI,VAITARNA,5,261,False,True,False
59039,138,18,ATUL,VAITARNA,14,1287,False,False,False
59040,114,14,BHILAD,VAITARNA,14,106,False,False,False
59045,158,20,ANDHERI,VAITARNA,9,68,False,True,False
59046,182,23,ANDHERI,VAITARNA,20,1358,True,False,False
59048,68,13,ANCHELI,VEDCHHA,19,1433,True,False,False
59049,362,62,AMBLI ROAD,VADOD,19,1121,True,False,False
59050,362,62,AMBLI ROAD,VADOD,8,229,False,True,False
59075,334,44,AMALNER,VYARA,17,956,True,False,False
59076,335,44,AMALNER,VYARA,10,402,False,True,False
59077,334,30,AMALNER,VYARA,0,1102,False,False,True
59078,335,31,AMALNER,VYARA,23,374,False,False,True
59101,62,11,ANKLAV,VASAD JN.,17,1391,True,False,False
59102,62,11,ANKLAV,VASAD JN.,6,57,False,True,False
59103,62,11,ANKLAV,VASAD JN.,11,1392,False,True,False
59104,62,11,ANKLAV,VASAD JN.,15,56,False,False,False
59117,99,18,AMALPUR,VADHVANA,8,1434,False,True,False
59118,105,19,AMALPUR,VADHVANA,7,3,False,True,False
59119,105,19,AMALPUR,VADHVANA,19,1434,True,False,False
59120,99,18,AMALPUR,VADHVANA,18,3,True,False,False
59121,105,19,AMALPUR,VADHVANA,11,1434,False,True,False
59122,105,19,AMALPUR,VADHVANA,12,3,False,False,False
59151,104,10,BAYAD,VADALI LUTER,20,1409,True,False,False
59152,104,10,BAYAD,VADALI LUTER,6,29,False,True,False
59153,104,10,BAYAD,VADALI LUTER,12,1409,False,False,False
59154,104,10,BAYAD,VADALI LUTER,15,29,False,False,False
59161,105,20,ADAS ROAD,VADOD,8,6,False,True,False
59162,105,20,ADAS ROAD,VADOD,18,1431,True,False,False
59163,13,3,ANAND JN.,VADTAL SWAMI,12,60,False,False,False
59164,13,3,ANAND JN.,VADTAL SWAMI,11,1375,False,True,False
59167,62,14,ANKLESHWAR J,UMALLA,16,103,False,False,False
59168,62,14,ANKLESHWAR J,UMALLA,9,1321,False,True,False
59169,13,3,ANAND JN.,VADTAL SWAMI,7,60,False,True,False
59170,13,3,ANAND JN.,VADTAL SWAMI,17,1375,True,False,False
59201,47,8,BHAVNAGAR TE,VARTREJ,13,1410,False,False,False
59202,47,8,BHAVNAGAR TE,VARTREJ,9,22,False,True,False
59203,169,22,ALAMPUR,WADHWAN CITY,19,1335,True,False,False
59204,169,22,ALAMPUR,WADHWAN CITY,13,103,False,False,False
59205,114,11,BHANVAD,WANSJALIYA J,15,29,False,False,False
59206,108,11,BHANVAD,WANSJALIYA J,11,1420,False,True,False
59207,535,60,ALIYAVADA,JAMWANTHALI,8,1428,False,True,False
59208,535,59,ALIYAVADA,JAMWANTHALI,19,11,True,False,False
59211,222,21,ALIYAVADA,JAMWANTHALI,15,1428,False,False,False
59212,216,21,ALIYAVADA,JAMWANTHALI,12,12,False,False,False
59213,52,8,BHANVAD,WANSJALIYA J,8,20,False,True,False
59214,52,7,BHANVAD,WANSJALIYA J,7,1403,False,True,False
59215,52,7,BHANVAD,WANSJALIYA J,21,23,False,False,True
59216,52,8,BHANVAD,WANSJALIYA J,20,1404,True,False,False
59225,201,25,BHENSWADI,VAVERA,12,63,False,False,False
59226,201,25,BHENSWADI,VAVERA,16,1368,False,False,False
59227,91,12,ALAMPUR,VARTREJ,21,64,False,False,True
59228,91,12,ALAMPUR,VARTREJ,6,1376,False,True,False
59229,206,23,ALAMPUR,WADHWAN CITY,6,1340,False,True,False
59230,206,24,ALAMPUR,WADHWAN CITY,20,95,True,False,False
59231,78,10,BOTAD,WADHWAN CITY,20,1351,True,False,False
59232,78,10,BOTAD,WADHWAN CITY,7,80,False,True,False
59233,169,20,ALAMPUR,WADHWAN CITY,12,1306,False,False,False
59234,169,20,ALAMPUR,WADHWAN CITY,15,100,False,False,False
59235,152,22,AMRUTVEL,VAVERA,9,1407,False,True,False
59236,152,22,AMRUTVEL,VAVERA,17,35,True,False,False
59243,38,7,AMRUTVEL,SAJANVAV ROA,12,1432,False,False,False
59244,38,7,AMRUTVEL,SAJANVAV ROA,10,7,False,True,False
59267,47,8,BHAVNAGAR TE,VARTREJ,9,1404,False,True,False
59268,47,8,BHAVNAGAR TE,VARTREJ,6,18,False,True,False
59269,47,8,BHAVNAGAR TE,VARTREJ,20,1411,True,False,False
59270,47,8,BHAVNAGAR TE,VARTREJ,17,17,True,False,False
59271,169,18,ALAMPUR,WADHWAN CITY,16,1303,False,False,False
59272,169,18,ALAMPUR,WADHWAN CITY,10,104,False,True,False
59295,47,8,BHAVNAGAR TE,VARTREJ,16,1411,False,False,False
59296,47,8,BHAVNAGAR TE,VARTREJ,13,17,False,False,False
59297,236,23,BADODAR,WANSJALIYA J,10,1234,False,True,False
59298,236,23,BADODAR,WANSJALIYA J,15,241,False,False,False
59306,78,10,BARLAI,VIKRAM NAGAR,9,1359,False,True,False
59307,78,10,BARLAI,VIKRAM NAGAR,18,61,True,False,False
59317,54,8,ASALODA,UNHEL,18,1419,True,False,False
59318,54,8,ASALODA,UNHEL,7,18,False,True,False
59319,183,25,AKODIA,UJJAIN JN,18,1328,True,False,False
59320,183,25,AKODIA,UJJAIN JN,8,130,False,True,False
59341,428,44,ASHOK NAGAR,VIJAYPUR,20,1282,True,False,False
59342,428,44,ASHOK NAGAR,VIJAYPUR,5,134,False,True,False
59345,44,6,BANGROD,RATLAM JN,10,1428,False,True,False
59346,44,6,BANGROD,RATLAM JN,9,17,False,True,False
59353,54,8,ASALODA,UNHEL,0,1419,False,False,True
59354,54,8,ASALODA,UNHEL,21,18,False,False,True
59355,585,65,ALNIYA,VIKRAMGARH A,12,1229,False,False,False
59356,585,65,ALNIYA,VIKRAMGARH A,13,247,False,False,False
59357,86,16,AULENDA,SINGARPUR,10,16,False,True,False
59358,86,16,AULENDA,SINGARPUR,15,1418,False,False,False
59359,75,9,BHARATPUR JN,SEWAR,18,1424,True,False,False
59360,75,9,BHARATPUR JN,SEWAR,7,9,False,True,False
59379,74,7,BARLAI,RANAYALA,5,44,False,True,False
59380,74,7,BARLAI,RANAYALA,11,1385,False,True,False
59385,553,49,AKODIA,TAKU,15,359,False,False,False
59386,553,48,AKODIA,TAKU,10,1021,False,True,False
59387,133,17,ASALODA,VIKRAM NAGAR,16,111,False,False,False
59388,133,17,ASALODA,VIKRAM NAGAR,11,1309,False,True,False
59393,397,50,AMARGARH,UNHEL,7,180,False,True,False
59394,398,50,AMARGARH,UNHEL,21,1219,False,False,True
59395,133,13,AMLA JN.,PARASIA,16,133,False,False,False
59396,137,15,AMLA JN.,PARASIA,12,1248,False,False,False
59421,184,21,ADRI ROAD,VIRPUR,12,1276,False,False,False
59422,189,22,ADRI ROAD,VIRPUR,4,181,False,True,False
59423,189,22,ADRI ROAD,VIRPUR,22,1238,False,False,True
59424,184,21,ADRI ROAD,VIRPUR,17,167,True,False,False
59425,358,38,ADESAR,VAGHPURA,10,62,False,True,False
59426,358,38,ADESAR,VAGHPURA,17,1373,True,False,False
59439,490,72,ANCHELI,VADOD,18,405,True,False,False
59440,490,66,ANCHELI,VADOD,8,1022,False,True,False
59441,490,74,ANCHELI,VADOD,4,440,False,True,False
59442,490,74,ANCHELI,VADOD,22,971,False,False,True
59473,111,15,AHMEDABAD,AMBLIYASAN J,3,83,False,False,True
59474,111,15,AHMEDABAD,AMBLIYASAN J,23,1288,False,False,True
59475,40,6,DHINOJ,SANKHARI,10,23,False,True,False
59476,40,6,DHINOJ,SANKHARI,12,1414,False,False,False
59477,40,6,DHINOJ,SANKHARI,15,23,False,False,False
59478,40,6,DHINOJ,SANKHARI,17,1414,True,False,False
59481,40,6,DHINOJ,SANKHARI,18,23,True,False,False
59482,40,6,DHINOJ,SANKHARI,8,1414,False,True,False
59483,40,6,DHINOJ,SANKHARI,6,34,False,True,False
59484,40,6,DHINOJ,SANKHARI,20,1414,True,False,False
59503,429,48,ALIYAVADA,JAMWANTHALI,20,1426,True,False,False
59504,429,48,ALIYAVADA,JAMWANTHALI,7,12,False,True,False
59507,189,18,ADRI ROAD,VIRPUR,9,1266,False,True,False
59508,189,18,ADRI ROAD,VIRPUR,11,178,False,True,False
59509,64,8,BANKODA,VIRAMGAM JN,9,35,False,True,False
59510,64,8,BANKODA,VIRAMGAM JN,6,1417,False,True,False
59511,64,8,BANKODA,VIRAMGAM JN,21,32,False,False,True
59512,64,8,BANKODA,VIRAMGAM JN,17,1417,True,False,False
59547,495,49,AMBLI ROAD,JAMWANTHALI,12,681,False,False,False
59548,495,45,AMBLI ROAD,JAMWANTHALI,12,851,False,False,False
59549,99,8,AHMEDABAD,VASAD JN.,10,1320,False,True,False
59550,99,8,AHMEDABAD,VASAD JN.,15,99,False,False,False
59601,139,19,AJMER JN.,SOJAT ROAD,9,1233,False,True,False
59602,139,19,AJMER JN.,SOJAT ROAD,18,162,True,False,False
59603,306,39,ADARSHNAGAR,UDAIPUR CITY,7,576,False,True,False
59604,306,39,ADARSHNAGAR,UDAIPUR CITY,17,945,True,False,False
59605,114,13,BHIMAL,UDAIPUR CITY,7,59,False,True,False
59606,114,13,BHIMAL,UDAIPUR CITY,20,1397,True,False,False
59607,31,5,AJMER JN.,PUSHKAR TERM,9,60,False,True,False
59608,31,5,AJMER JN.,PUSHKAR TERM,17,1380,True,False,False
59705,563,55,ALAI,UDRAMSAR,11,1349,False,True,False
59706,562,55,ALAI,UDRAMSAR,11,104,False,True,False
59707,77,10,ANUPGARH,SARDARGARH,10,76,False,True,False
59708,66,9,ANUPGARH,SARDARGARH,10,1357,False,True,False
59709,66,10,ANUPGARH,SARDARGARH,16,78,False,False,False
59710,77,11,ANUPGARH,SARDARGARH,16,1345,False,False,False
59711,142,17,AMARPURA RAT,SURATGARH JN,17,43,True,False,False
59712,143,17,AMARPURA RAT,SURATGARH JN,9,1418,False,True,False
59713,54,10,BINDAYAKA,SHEOSINGHPUR,7,1425,False,True,False
59714,54,10,BINDAYAKA,SHEOSINGHPUR,19,13,True,False,False
59715,215,28,ATELI,SHRI MADHOPU,7,1323,False,True,False
59716,215,28,ATELI,SHRI MADHOPU,6,130,False,True,False
59717,215,28,ATELI,SHRI MADHOPU,21,1322,False,False,True
59718,215,28,ATELI,SHRI MADHOPU,20,127,True,False,False
59719,215,28,ATELI,SHRI MADHOPU,15,1316,False,False,False
59720,215,28,ATELI,SHRI MADHOPU,9,126,False,True,False
59721,367,42,AJARKA,SATROD,9,218,False,True,False
59722,367,42,AJARKA,SATROD,17,1217,True,False,False
59727,213,25,BOJAWAS HALT,ZERPUR PALI,12,1419,False,False,False
59728,213,17,CHIRAWA,ZERPUR PALI,2,1323,False,False,True
59729,213,17,CHIRAWA,ZERPUR PALI,22,106,False,False,True
59730,213,25,BOJAWAS HALT,ZERPUR PALI,15,16,False,False,False
59731,66,10,ANUPGARH,SARDARGARH,6,77,False,True,False
59732,66,10,ANUPGARH,SARDARGARH,6,1357,False,True,False
59733,66,9,ANUPGARH,SARDARGARH,20,74,True,False,False
59734,66,9,ANUPGARH,SARDARGARH,20,1352,True,False,False
59735,47,4,FATEHPUR-SHE,SIKAR JN.,6,60,False,True,False
59736,47,4,FATEHPUR-SHE,SIKAR JN.,6,1380,False,True,False
59803,265,24,BANGROD,VIKRAMGARH A,13,108,False,False,False
59804,265,24,BANGROD,VIKRAMGARH A,12,1291,False,False,False
59805,268,23,BANASTHALI N,SAWAI MADHOP,7,102,False,True,False
59806,268,22,BANASTHALI N,SAWAI MADHOP,18,1359,True,False,False
59811,688,71,AULENDA,UPARMAL,4,706,False,True,False
59812,691,71,AULENDA,UPARMAL,20,711,True,False,False
59813,330,42,AULENDA,SAWAI MADHOP,15,1083,False,False,False
59814,328,41,AULENDA,SAWAI MADHOP,9,294,False,True,False
59821,499,42,ITEHAR,TARWATA,14,946,False,False,False
59822,499,47,ITEHAR,TARWATA,18,397,True,False,False
59823,87,14,ITEHAR,SONI,8,1416,False,True,False
59824,87,14,ITEHAR,SONI,10,20,False,True,False
59825,87,14,ITEHAR,SONI,16,1416,False,False,False
59826,87,14,ITEHAR,SONI,19,20,True,False,False
59827,36,3,BHIND,UDI MOR,15,30,False,False,False
59828,36,3,BHIND,UDI MOR,18,1394,True,False,False
59831,527,64,AMARGARH,VIKRAMGARH A,12,249,False,False,False
59832,527,63,AMARGARH,VIKRAMGARH A,18,1162,True,False,False
59833,227,15,BARUNDNI,THALERA,1,1298,False,False,True
59834,227,15,BARUNDNI,THALERA,1,122,False,False,True
59835,169,20,BHIMAL,UDAIPUR CITY,10,62,False,True,False
59836,169,20,BHIMAL,UDAIPUR CITY,14,1401,False,False,False
59837,85,11,ALNIYA,RAMGANJ MAND,11,1385,False,True,False
59838,85,11,ALNIYA,RAMGANJ MAND,7,55,False,True,False
59839,85,11,ALNIYA,RAMGANJ MAND,20,1383,True,False,False
59840,85,11,ALNIYA,RAMGANJ MAND,16,58,False,False,False
61631,138,16,GANJ BASODA,SUKHI SEWANI,10,1345,False,True,False
61632,138,16,GANJ BASODA,SUKHI SEWANI,18,103,True,False,False
63105,230,31,BELDANGA,SONADANGA,23,1399,False,False,True
63108,229,34,BADKULLA,TAHERPUR,7,4,False,True,False
63141,228,30,AHMADPUR JN.,TARAPITH ROA,16,37,False,False,False
63142,228,36,AHMADPUR JN.,TARAPITH ROA,15,1402,False,False,False
63151,6,3,BAIDYANATHDH,SATSANG NAGA,0,348,False,False,True
63153,6,3,BAIDYANATHDH,SATSANG NAGA,9,1428,False,True,False
63154,6,3,BAIDYANATHDH,SATSANG NAGA,9,8,False,True,False
63155,6,3,BAIDYANATHDH,SATSANG NAGA,0,608,False,False,True
63156,6,3,BAIDYANATHDH,SATSANG NAGA,10,8,False,True,False
63157,6,3,BAIDYANATHDH,SATSANG NAGA,0,758,False,False,True
63158,6,3,BAIDYANATHDH,SATSANG NAGA,13,8,False,False,False
63159,6,3,BAIDYANATHDH,SATSANG NAGA,0,888,False,False,True
63160,6,3,BAIDYANATHDH,SATSANG NAGA,15,8,False,False,False
63161,6,3,BAIDYANATHDH,SATSANG NAGA,0,1008,False,False,True
63162,6,3,BAIDYANATHDH,SATSANG NAGA,17,8,True,False,False
63163,6,3,BAIDYANATHDH,SATSANG NAGA,0,1073,False,False,True
63164,6,3,BAIDYANATHDH,SATSANG NAGA,18,8,True,False,False
63165,6,3,BAIDYANATHDH,SATSANG NAGA,0,1198,False,False,True
63166,6,3,BAIDYANATHDH,SATSANG NAGA,20,8,True,False,False
63167,6,2,BAIDYANATHDH,JASIDIH JN.,0,0,False,False,True
63168,6,2,BAIDYANATHDH,JASIDIH JN.,23,15,False,False,True
63169,6,3,BAIDYANATHDH,SATSANG NAGA,3,1435,False,False,True
63203,34,8,BARHIYA,TALL JN.,4,38,False,True,False
63204,34,8,BARHIYA,TALL JN.,21,1415,False,False,True
63205,123,25,ATHMAL GOLA,TEKA BIGHA,4,17,False,True,False
63206,123,22,ATHMAL GOLA,TEKA BIGHA,21,1420,False,False,True
63207,177,30,ATHMAL GOLA,TEKA BIGHA,9,40,False,True,False
63208,221,34,ATHMAL GOLA,TEKA BIGHA,10,1419,False,True,False
63209,177,29,ATHMAL GOLA,TALL JN.,11,1388,False,True,False
63210,177,30,ATHMAL GOLA,TEKA BIGHA,12,1420,False,False,False
63211,221,34,ATHMAL GOLA,TEKA BIGHA,22,55,False,False,True
63212,177,29,ATHMAL GOLA,TALL JN.,15,60,False,False,False
63213,49,11,ARA,SADISOPUR,18,1381,True,False,False
63214,49,13,ARA,SADISOPUR,7,39,False,True,False
63217,98,18,ATHMAL GOLA,TEKA BIGHA,7,20,False,True,False
63218,98,18,ATHMAL GOLA,TEKA BIGHA,20,1418,True,False,False
63219,75,14,ARA,SADISOPUR,11,1389,False,True,False
63220,85,17,ARA,SADISOPUR,17,35,True,False,False
63221,89,7,BARH,RAJENDRANAGA,5,83,False,True,False
63222,89,7,BARH,RAJENDRANAGA,19,1381,True,False,False
63223,49,10,ARA,SADISOPUR,23,1358,False,False,True
63224,49,10,ARA,SADISOPUR,3,34,False,False,True
63225,207,34,ARA,ZAMANIA,13,273,False,False,False
63226,225,39,ARA,ZAMANIA,18,1247,True,False,False
63227,207,37,ARA,ZAMANIA,9,166,False,True,False
63228,207,31,ARA,ZAMANIA,20,1184,True,False,False
63231,207,33,ARA,ZAMANIA,21,232,False,False,True
63232,117,18,ARA,TWINING GANJ,8,1363,False,True,False
63233,225,35,ARA,ZAMANIA,6,154,False,True,False
63234,207,29,ARA,ZAMANIA,14,1079,False,False,False
63235,89,11,BHADAURA,ZAMANIA,4,24,False,True,False
63237,152,21,ALLAHABAD JN,UNCHDIH,9,1367,False,True,False
63238,152,20,ALLAHABAD JN,UNCHDIH,18,52,True,False,False
63240,89,11,BHADAURA,ZAMANIA,22,1387,False,False,True
63241,94,26,BARABAR HALT,WANABAR HALT,6,1429,False,True,False
63242,91,13,BELA,TEHTA,5,14,False,True,False
63243,94,26,BARABAR HALT,WANABAR HALT,8,1429,False,True,False
63244,94,26,BARABAR HALT,WANABAR HALT,6,8,False,True,False
63245,91,17,BELA,TEHTA,10,1417,False,True,False
63246,91,17,BELA,TEHTA,8,20,False,True,False
63247,91,13,BELA,TEHTA,10,1423,False,True,False
63248,94,26,BARABAR HALT,WANABAR HALT,10,10,False,True,False
63249,91,16,BELA,TEHTA,13,1419,False,False,False
63250,85,14,BELA,TEHTA,12,15,False,False,False
63251,91,18,BELA,TEHTA,14,1425,False,False,False
63252,91,17,BELA,TEHTA,13,19,False,False,False
63253,91,15,BELA,TEHTA,17,1416,True,False,False
63254,94,24,BARABAR HALT,WANABAR HALT,15,9,False,False,False
63255,91,13,BELA,TEHTA,20,1426,True,False,False
63256,91,13,BELA,TEHTA,16,15,False,False,False
63257,94,26,BARABAR HALT,WANABAR HALT,21,1429,False,False,True
63258,94,26,BARABAR HALT,WANABAR HALT,19,9,True,False,False
63259,91,18,BELA,TEHTA,0,1423,False,False,True
63260,94,21,BARABAR HALT,WANABAR HALT,22,9,False,False,True
63261,139,27,ARA,TWINING GANJ,20,60,True,False,False
63262,139,24,ARA,TWINING GANJ,7,1316,False,True,False
63263,117,20,ARA,TWINING GANJ,16,57,False,False,False
63264,207,31,ARA,ZAMANIA,10,1156,False,True,False
63271,89,15,ATHMAL GOLA,TEKA BIGHA,16,17,False,False,False
63272,89,15,ATHMAL GOLA,TEKA BIGHA,6,1405,False,True,False
63273,20,6,BARAUNI JN.,TALL JN.,11,46,False,True,False
63274,18,7,BARAUNI JN.,TALL JN.,11,1376,False,True,False
63275,20,6,BARAUNI JN.,TALL JN.,13,51,False,False,False
63276,18,7,BARAUNI JN.,TALL JN.,14,1382,False,False,False
63279,93,20,AKSHAYWAT RA,VIDYAPATINAG,19,1361,True,False,False
63280,120,25,AKSHAYWAT RA,VIDYAPATINAG,22,113,False,False,True
63283,120,25,AKSHAYWAT RA,VIDYAPATINAG,17,1341,True,False,False
63284,120,25,AKSHAYWAT RA,VIDYAPATINAG,9,83,False,True,False
63285,120,24,AKSHAYWAT RA,VIDYAPATINAG,5,1353,False,True,False
63286,93,20,AKSHAYWAT RA,VIDYAPATINAG,7,93,False,True,False
63289,85,14,ANUGRAH NARA,SON NAGAR JN,13,13,False,False,False
63290,85,14,ANUGRAH NARA,SON NAGAR JN,15,1425,False,False,False
63291,85,14,ANUGRAH NARA,SON NAGAR JN,8,12,False,True,False
63292,85,14,ANUGRAH NARA,SON NAGAR JN,18,1428,True,False,False
63293,118,18,BHABUA ROAD,SAIDRAJA,11,30,False,True,False
63294,118,18,BHABUA ROAD,SAIDRAJA,16,1409,False,False,False
63295,203,28,ANUGRAH NARA,SAIDRAJA,19,162,True,False,False
63296,203,28,ANUGRAH NARA,SAIDRAJA,6,1302,False,True,False
63501,106,3,BANDEL JN.,HOWRAH JN.,2,1393,False,False,True
63502,106,34,ADI SAPTAGRA,UTTARPARA,23,46,False,False,True
63505,104,14,ASANSOL MAIN,ANDAL JN.,5,1400,False,True,False
63506,105,14,ASANSOL MAIN,ANDAL JN.,4,25,False,True,False
63507,104,14,ASANSOL MAIN,ANDAL JN.,7,1404,False,True,False
63508,105,14,ASANSOL MAIN,ANDAL JN.,5,27,False,True,False
63509,104,14,ASANSOL MAIN,ANDAL JN.,9,1408,False,True,False
63510,105,14,ASANSOL MAIN,ANDAL JN.,6,26,False,True,False
63511,104,14,ASANSOL MAIN,ANDAL JN.,10,1402,False,True,False
63512,105,14,ASANSOL MAIN,ANDAL JN.,7,28,False,True,False
63513,104,14,ASANSOL MAIN,ANDAL JN.,11,1403,False,True,False
63514,105,14,ASANSOL MAIN,ANDAL JN.,9,26,False,True,False
63515,104,14,ASANSOL MAIN,ANDAL JN.,13,1403,False,False,False
63516,105,14,ASANSOL MAIN,ANDAL JN.,10,27,False,True,False
63517,104,14,ASANSOL MAIN,ANDAL JN.,15,1404,False,False,False
63518,105,14,ASANSOL MAIN,ANDAL JN.,12,26,False,False,False
63519,104,14,ASANSOL MAIN,ANDAL JN.,17,1401,True,False,False
63520,105,14,ASANSOL MAIN,ANDAL JN.,14,26,False,False,False
63521,104,14,ASANSOL MAIN,ANDAL JN.,17,1405,True,False,False
63522,105,14,ASANSOL MAIN,ANDAL JN.,16,28,False,False,False
63523,104,14,ASANSOL MAIN,ANDAL JN.,19,1401,True,False,False
63524,105,14,ASANSOL MAIN,ANDAL JN.,16,27,False,False,False
63525,104,14,ASANSOL MAIN,ANDAL JN.,0,1282,False,False,True
63526,105,14,ASANSOL MAIN,ANDAL JN.,21,26,False,False,True
63527,42,6,ASANSOL MAIN,ANDAL JN.,0,1358,False,False,True
63528,42,6,ASANSOL MAIN,ANDAL JN.,20,26,True,False,False
63529,100,18,BHIMGARA JN.,UKHRA,6,1424,False,True,False
63530,101,17,BHIMGARA JN.,UKHRA,9,14,False,True,False
63531,72,14,BHIMGARA JN.,UKHRA,8,1424,False,True,False
63532,73,14,BHIMGARA JN.,UKHRA,4,14,False,True,False
63533,72,14,BHIMGARA JN.,UKHRA,14,1425,False,False,False
63534,73,14,BHIMGARA JN.,UKHRA,11,14,False,True,False
63535,72,13,BHIMGARA JN.,UKHRA,17,1424,True,False,False
63536,73,14,BHIMGARA JN.,UKHRA,17,14,True,False,False
63537,72,14,BHIMGARA JN.,UKHRA,19,1424,True,False,False
63538,73,14,BHIMGARA JN.,UKHRA,20,14,True,False,False
63541,88,18,ASANSOL MAIN,KULTI,5,17,False,True,False
63542,88,18,ASANSOL MAIN,KULTI,9,1410,False,True,False
63543,88,18,ASANSOL MAIN,KULTI,18,17,True,False,False
63544,88,17,ASANSOL MAIN,KULTI,23,1414,False,False,True
63545,58,13,ASANSOL MAIN,KULTI,14,18,False,False,False
63546,58,12,ASANSOL MAIN,KULTI,11,1414,False,True,False
63547,74,15,BHULI,TETULMARI,15,5,False,False,False
63548,76,14,BANDHUA,YADUGRAM BH,5,32,False,True,False
63549,124,22,BANDHUA,YADUGRAM BH,20,1376,True,False,False
63550,122,23,BHULI,YADUDIH,9,1325,False,True,False
63551,58,13,ASANSOL MAIN,KULTI,23,17,False,False,True
63552,58,13,ASANSOL MAIN,KULTI,4,1411,False,True,False
63553,479,83,ASANSOL MAIN,YADUGRAM BH,6,369,False,True,False
63554,479,83,ASANSOL MAIN,YADUGRAM BH,20,1013,True,False,False
63561,110,16,ASANSOL MAIN,VIDYASAGAR,7,64,False,True,False
63562,116,16,ASANSOL MAIN,VIDYASAGAR,6,1365,False,True,False
63563,110,16,ASANSOL MAIN,VIDYASAGAR,20,63,True,False,False
63564,110,16,ASANSOL MAIN,VIDYASAGAR,19,1367,True,False,False
63565,43,5,JHAJHA,SIMULTALA,10,1410,False,True,False
63566,43,5,JHAJHA,SIMULTALA,11,24,False,True,False
63567,154,20,ASANSOL MAIN,VIDYASAGAR,9,65,False,True,False
63568,154,20,ASANSOL MAIN,VIDYASAGAR,16,1353,False,False,False
63569,110,14,ASANSOL MAIN,VIDYASAGAR,17,64,True,False,False
63570,116,16,ASANSOL MAIN,VIDYASAGAR,8,1366,False,True,False
63571,131,20,BHALUI,TALL JN.,22,125,False,False,True
63572,131,20,BHALUI,TALL JN.,6,1341,False,True,False
63573,97,13,BHALUI,SIMULTALA,12,1368,False,False,False
63574,97,13,BHALUI,SIMULTALA,14,102,False,False,False
63581,111,19,AHMADPUR JN.,TARAPITH ROA,10,36,False,True,False
63582,111,19,AHMADPUR JN.,TARAPITH ROA,7,1402,False,True,False
63583,111,19,AHMADPUR JN.,TARAPITH ROA,19,40,True,False,False
63584,111,19,AHMADPUR JN.,TARAPITH ROA,13,1402,False,False,False
63591,137,21,ANARA,RAMKANALI JN,17,29,True,False,False
63592,137,21,ANARA,RAMKANALI JN,8,1402,False,True,False
63593,80,15,ADRA,RAMKANALI JN,15,22,False,False,False
63594,80,15,ADRA,RAMKANALI JN,12,1398,False,False,False
63595,193,26,ADRA,TULIN,7,1280,False,True,False
63596,193,26,ADRA,TULIN,19,116,True,False,False
63597,198,29,ANARA,TATISILWAI,16,1222,False,False,False
63598,200,29,ANARA,TATISILWAI,6,235,False,True,False
64001,88,18,ADARSH NAGAR,SUBZI MANDI,19,1427,True,False,False
64002,88,18,ADARSH NAGAR,SUBZI MANDI,8,12,False,True,False
64003,44,10,ADARSH NAGAR,SUBZI MANDI,5,1431,False,True,False
64004,56,14,ADARSH NAGAR,VIVEK VIHAR,7,55,False,True,False
64011,65,16,ASAOTI,VIVEKANANDPU,6,95,False,True,False
64012,65,16,ASAOTI,VIVEKANANDPU,11,1345,False,True,False
64013,65,16,ASAOTI,VIVEKANANDPU,12,95,False,False,False
64014,65,16,ASAOTI,VIVEKANANDPU,15,1340,False,False,False
64015,65,16,ASAOTI,VIVEKANANDPU,14,95,False,False,False
64016,65,16,ASAOTI,VIVEKANANDPU,16,1346,False,False,False
64017,65,16,ASAOTI,VIVEKANANDPU,15,105,False,False,False
64018,11,6,DAYA BASTI,VIVEKANANDPU,17,3,True,False,False
64019,65,15,ASAOTI,VIVEKANANDPU,22,135,False,False,True
64031,36,13,ANAND VIHAR,VIVEKANANDPU,9,54,False,True,False
64032,36,12,ANAND VIHAR,VIVEKANANDPU,15,1395,False,False,False
64034,36,12,ANAND VIHAR,VIVEKANANDPU,21,1397,False,False,True
64036,36,10,ANAND VIHAR,VIVEKANANDPU,23,1391,False,False,True
64051,77,16,ASAOTI,VIVEK VIHAR,23,119,False,False,True
64052,77,17,ASAOTI,VIVEK VIHAR,13,1324,False,False,False
64053,79,17,ANAND VIHAR,TILAK BRIDGE,7,1429,False,True,False
64055,79,18,ANAND VIHAR,TILAK BRIDGE,10,1428,False,True,False
64057,77,17,ASAOTI,VIVEK VIHAR,11,111,False,True,False
64061,57,13,ASAOTI,TILAK BRIDGE,17,62,True,False,False
64062,57,13,ASAOTI,TILAK BRIDGE,6,1379,False,True,False
64064,57,13,ASAOTI,TILAK BRIDGE,21,1383,False,False,True
64071,44,14,BALLABGARH,VIVEKANANDPU,8,83,False,True,False
64073,94,16,ASAOTI,TILAK BRIDGE,20,54,True,False,False
64074,96,16,ASAOTI,TILAK BRIDGE,5,1388,False,True,False
64075,53,11,ASAOTI,TILAK BRIDGE,7,58,False,True,False
64076,53,11,ASAOTI,TILAK BRIDGE,1,1389,False,False,True
64077,53,11,ASAOTI,TILAK BRIDGE,8,55,False,True,False
64078,53,11,ASAOTI,TILAK BRIDGE,9,1380,False,True,False
64080,53,11,ASAOTI,TILAK BRIDGE,18,1387,True,False,False
64082,53,11,ASAOTI,TILAK BRIDGE,19,1380,True,False,False
64084,53,11,ASAOTI,TILAK BRIDGE,22,1386,False,False,True
64087,28,17,BRAR SQUARE,VIVEKANANDPU,18,19,True,False,False
64088,7,4,SHIVAJI BRID,TILAK BRIDGE,20,1435,True,False,False
64089,35,21,BRAR SQUARE,VIVEKANANDPU,17,22,True,False,False
64090,35,21,BRAR SQUARE,VIVEKANANDPU,10,1416,False,True,False
64091,43,23,BRAR SQUARE,VIVEKANANDPU,8,44,False,True,False
64092,35,21,BRAR SQUARE,VIVEKANANDPU,19,1422,True,False,False
64093,25,14,BRAR SQUARE,SEWA NAGAR,10,1423,False,True,False
64094,25,14,BRAR SQUARE,SEWA NAGAR,8,14,False,True,False
64095,32,18,BRAR SQUARE,TILAK BRIDGE,10,1399,False,True,False
64096,25,14,BRAR SQUARE,SEWA NAGAR,11,18,False,True,False
64097,11,6,DAYA BASTI,VIVEKANANDPU,20,1435,True,False,False
64098,25,14,BRAR SQUARE,SEWA NAGAR,18,14,True,False,False
64101,125,21,AJAIBPUR,WAIR,3,1416,False,False,True
64102,125,21,AJAIBPUR,WAIR,19,17,True,False,False
64103,125,21,AJAIBPUR,WAIR,7,1421,False,True,False
64104,54,10,AJAIBPUR,VIVEK VIHAR,6,1378,False,True,False
64105,131,24,AJAIBPUR,WAIR,7,1421,False,True,False
64106,82,15,AJAIBPUR,WAIR,18,17,True,False,False
64107,54,10,AJAIBPUR,VIVEK VIHAR,15,55,False,False,False
64108,82,15,AJAIBPUR,WAIR,22,21,False,False,True
64109,71,18,AJAIBPUR,VIVEKANANDPU,7,113,False,True,False
64110,131,24,AJAIBPUR,WAIR,19,17,True,False,False
64111,92,19,AJAIBPUR,WAIR,6,1422,False,True,False
64112,64,14,AJAIBPUR,VIVEKANANDPU,13,1327,False,False,False
64113,99,22,AJAIBPUR,WAIR,20,1421,True,False,False
64114,131,24,AJAIBPUR,WAIR,19,17,True,False,False
64151,125,21,AJAIBPUR,WAIR,15,1422,False,False,False
64152,125,21,AJAIBPUR,WAIR,10,17,False,True,False
64153,139,16,AMBIAPUR,ACHALDA,7,54,False,True,False
64154,78,11,ALIGARH JN.,TUNDLA JN,12,85,False,False,False
64155,86,11,BALRAI,TUNDLA JN,10,111,False,True,False
64156,139,16,AMBIAPUR,ACHALDA,17,1392,True,False,False
64157,114,16,AGRA CITY,TUNDLA JN,8,1388,False,True,False
64158,86,11,BALRAI,TUNDLA JN,15,1380,False,False,False
64159,83,10,AMBIAPUR,RURA,19,1430,True,False,False
64160,115,18,AGRA CITY,TUNDLA JN,16,66,False,False,False
64161,106,13,BALRAI,ACHALDA,21,1368,False,False,True
64162,83,12,AMBIAPUR,RURA,8,7,False,True,False
64163,12,3,KANPUR CENTR,PANKI,4,25,False,True,False
64164,106,13,BALRAI,ACHALDA,6,64,False,True,False
64165,78,11,ALIGARH JN.,TUNDLA JN,11,1320,False,True,False
64167,185,32,AJAIBPUR,WAIR,7,64,False,True,False
64168,185,32,AJAIBPUR,WAIR,18,1421,True,False,False
64201,73,13,AJGAIN,SONIK,5,6,False,True,False
64202,73,13,AJGAIN,SONIK,5,1432,False,True,False
64203,73,13,AJGAIN,SONIK,8,6,False,True,False
64204,73,13,AJGAIN,SONIK,8,1432,False,True,False
64205,73,13,AJGAIN,SONIK,10,6,False,True,False
64206,73,13,AJGAIN,SONIK,9,1432,False,True,False
64207,73,13,AJGAIN,SONIK,12,5,False,False,False
64208,73,13,AJGAIN,SONIK,11,1432,False,True,False
64209,73,14,AJGAIN,SONIK,15,6,False,False,False
64210,73,13,AJGAIN,SONIK,12,1432,False,False,False
64211,73,13,AJGAIN,SONIK,16,6,False,False,False
64212,73,13,AJGAIN,SONIK,14,1432,False,False,False
64213,73,13,AJGAIN,SONIK,21,6,False,False,True
64214,85,16,AJGAIN,SONIK,18,1432,True,False,False
64216,85,16,AJGAIN,SONIK,22,1432,False,False,True
64221,164,22,AIGAWAN,UMAR TALI,22,1291,False,False,True
64222,164,22,AIGAWAN,UMAR TALI,7,136,False,True,False
64231,28,5,BARA BANKI J,SAFEDABAD,10,9,False,True,False
64232,28,5,BARA BANKI J,SAFEDABAD,12,1430,False,False,False
64234,28,5,BARA BANKI J,SAFEDABAD,14,1424,False,False,False
64235,101,17,AJGAIN,SONIK,8,6,False,True,False
64236,101,17,AJGAIN,SONIK,19,1432,True,False,False
64251,73,13,AJGAIN,SONIK,6,6,False,True,False
64252,73,13,AJGAIN,SONIK,17,1432,True,False,False
64253,84,16,AJGAIN,SONIK,16,6,False,False,False
64254,73,13,AJGAIN,SONIK,22,1432,False,False,True
64255,84,16,AJGAIN,SONIK,19,7,True,False,False
64257,73,13,AJGAIN,SONIK,23,6,False,False,True
64260,86,15,AJGAIN,SONIK,7,1432,False,True,False
64271,36,10,AISHBAGH,SAFEDABAD,14,1373,False,False,False
64272,36,10,AISHBAGH,SAFEDABAD,8,57,False,True,False
64273,36,10,AISHBAGH,SAFEDABAD,17,1367,True,False,False
64274,36,10,AISHBAGH,SAFEDABAD,18,68,True,False,False
64275,36,10,AISHBAGH,SAFEDABAD,21,1354,False,False,True
64281,139,18,ADHINPUR,WARISGANJ HA,8,3,False,True,False
64282,139,18,ADHINPUR,WARISGANJ HA,18,1431,True,False,False
64401,19,5,DELHI JN.,VIVEK VIHAR,11,1409,False,True,False
64402,19,5,DELHI JN.,VIVEK VIHAR,7,20,False,True,False
64403,19,5,DELHI JN.,VIVEK VIHAR,18,1409,True,False,False
64404,19,5,DELHI JN.,VIVEK VIHAR,9,20,False,True,False
64406,19,5,DELHI JN.,VIVEK VIHAR,9,20,False,True,False
64407,19,5,DELHI JN.,VIVEK VIHAR,19,1409,True,False,False
64408,19,5,DELHI JN.,VIVEK VIHAR,10,20,False,True,False
64409,23,7,DELHI JN.,VIVEK VIHAR,23,1409,False,False,True
64410,25,8,ANAND VIHAR,TILAK BRIDGE,18,1428,True,False,False
64411,21,8,ANAND VIHAR,TILAK BRIDGE,9,11,False,True,False
64412,19,5,DELHI JN.,VIVEK VIHAR,20,20,True,False,False
64414,19,5,DELHI JN.,VIVEK VIHAR,8,20,False,True,False
64415,25,6,ANAND VIHAR,TILAK BRIDGE,23,9,False,False,True
64417,28,10,ANAND VIHAR,TILAK BRIDGE,7,12,False,True,False
64418,28,10,ANAND VIHAR,TILAK BRIDGE,19,1426,True,False,False
64419,30,10,SHIVAJI BRID,VIVEK VIHAR,15,48,False,False,False
64420,30,9,SHIVAJI BRID,VIVEK VIHAR,1,1385,False,False,True
64421,25,6,ANAND VIHAR,TILAK BRIDGE,4,7,False,True,False
64422,25,6,ANAND VIHAR,TILAK BRIDGE,0,1429,False,False,True
64423,25,7,ANAND VIHAR,TILAK BRIDGE,10,9,False,True,False
64424,25,7,ANAND VIHAR,TILAK BRIDGE,9,1429,False,True,False
64425,25,8,ANAND VIHAR,TILAK BRIDGE,13,11,False,False,False
64426,25,8,ANAND VIHAR,TILAK BRIDGE,10,1428,False,True,False
64427,25,8,ANAND VIHAR,TILAK BRIDGE,15,11,False,False,False
64428,25,7,ANAND VIHAR,TILAK BRIDGE,9,1429,False,True,False
64429,25,8,ANAND VIHAR,TILAK BRIDGE,16,11,False,False,False
64430,25,7,ANAND VIHAR,TILAK BRIDGE,11,1431,False,True,False
64431,25,7,ANAND VIHAR,TILAK BRIDGE,16,11,False,False,False
64432,25,7,ANAND VIHAR,TILAK BRIDGE,14,1429,False,False,False
64433,25,8,ANAND VIHAR,TILAK BRIDGE,17,11,True,False,False
64434,28,10,ANAND VIHAR,TILAK BRIDGE,12,1428,False,False,False
64437,28,9,ANAND VIHAR,TILAK BRIDGE,6,8,False,True,False
64439,28,9,ANAND VIHAR,TILAK BRIDGE,8,11,False,True,False
64441,25,7,ANAND VIHAR,TILAK BRIDGE,17,8,True,False,False
64443,28,10,ANAND VIHAR,TILAK BRIDGE,18,11,True,False,False
64445,19,5,DELHI JN.,VIVEK VIHAR,20,1414,True,False,False
64449,25,8,ANAND VIHAR,TILAK BRIDGE,8,11,False,True,False
64450,25,8,ANAND VIHAR,TILAK BRIDGE,18,1428,True,False,False
64451,88,18,ADARSH NAGAR,SUBZI MANDI,17,1425,True,False,False
64452,155,28,AMIN,TARAORI,6,14,False,True,False
64453,88,18,ADARSH NAGAR,SUBZI MANDI,18,1428,True,False,False
64454,155,28,AMIN,TARAORI,12,14,False,False,False
64461,164,32,AMIN,TARAORI,22,1423,False,False,True
64462,164,32,AMIN,TARAORI,5,14,False,True,False
64463,156,18,ADARSH NAGAR,TARAORI,1,132,False,False,True
64464,89,19,ADARSH NAGAR,SUBZI MANDI,6,11,False,True,False
64465,156,29,AMIN,TARAORI,11,1424,False,True,False
64466,89,19,ADARSH NAGAR,SUBZI MANDI,23,22,False,False,True
64470,89,19,ADARSH NAGAR,SUBZI MANDI,8,16,False,True,False
64471,114,26,ADARSH NAGAR,TILAK BRIDGE,18,1385,True,False,False
64472,114,26,ADARSH NAGAR,TILAK BRIDGE,7,45,False,True,False
64481,108,17,AMIN,AMBALA CANTT,21,99,False,False,True
64482,41,7,DHODA KHERI,AMBALA CANTT,5,1396,False,True,False
64483,41,7,DHODA KHERI,AMBALA CANTT,23,58,False,False,True
64491,53,11,ASAOTI,TILAK BRIDGE,8,59,False,True,False
64492,53,11,ASAOTI,TILAK BRIDGE,19,1379,True,False,False
64493,46,8,ASAOTI,TUGALAKABAD,16,32,False,False,False
64494,46,8,ASAOTI,TUGALAKABAD,11,1399,False,True,False
64496,89,14,ASAOTI,TUGALAKABAD,22,1404,False,False,True
64501,81,13,DUKHERI,YAMUNANAGER,6,1391,False,True,False
64502,81,13,DUKHERI,YAMUNANAGER,12,47,False,False,False
64504,81,13,DUKHERI,YAMUNANAGER,19,46,True,False,False
64511,238,32,ANANDPUR SAH,YAMUNANAGER,11,1156,False,True,False
64512,238,32,ANANDPUR SAH,YAMUNANAGER,14,297,False,False,False
64513,238,32,ANANDPUR SAH,YAMUNANAGER,22,1156,False,False,True
64514,157,20,ANANDPUR SAH,AMBALA CANTT,6,192,False,True,False
64515,157,20,ANANDPUR SAH,AMBALA CANTT,9,1232,False,True,False
64516,157,20,ANANDPUR SAH,AMBALA CANTT,11,240,False,True,False
64517,157,20,ANANDPUR SAH,AMBALA CANTT,14,1245,False,False,False
64518,157,20,ANANDPUR SAH,AMBALA CANTT,17,233,True,False,False
64521,113,14,CHAWAPAIL,AMBALA CANTT,7,1354,False,True,False
64522,113,14,CHAWAPAIL,AMBALA CANTT,17,94,True,False,False
64523,113,14,CHAWAPAIL,AMBALA CANTT,10,1320,False,True,False
64524,113,14,CHAWAPAIL,AMBALA CANTT,18,93,True,False,False
64531,88,17,ADARSH NAGAR,SUBZI MANDI,6,1430,False,True,False
64532,108,17,AMIN,AMBALA CANTT,7,1381,False,True,False
64533,88,18,ADARSH NAGAR,SUBZI MANDI,13,1428,False,False,False
64534,114,26,ADARSH NAGAR,TILAK BRIDGE,19,61,True,False,False
64536,88,18,ADARSH NAGAR,SUBZI MANDI,11,19,False,True,False
64541,108,17,AMIN,AMBALA CANTT,6,84,False,True,False
64542,108,17,AMIN,AMBALA CANTT,21,1378,False,False,True
64543,108,17,AMIN,AMBALA CANTT,19,99,True,False,False
64545,41,7,DHODA KHERI,AMBALA CANTT,10,68,False,True,False
64546,41,7,DHODA KHERI,AMBALA CANTT,8,1401,False,True,False
64547,41,7,DHODA KHERI,AMBALA CANTT,17,73,True,False,False
64548,41,7,DHODA KHERI,AMBALA CANTT,16,1396,False,False,False
64551,135,21,AMRITSAR JN.,TANGRA,12,1388,False,False,False
64552,135,19,AMRITSAR JN.,TANGRA,13,28,False,False,False
64553,153,24,ADHYATMIK NA,SIMBHOOLI,8,1364,False,True,False
64554,153,24,ADHYATMIK NA,SIMBHOOLI,18,59,True,False,False
64555,59,11,ANAND VIHAR,SAHIBABAD,9,19,False,True,False
64556,59,11,ANAND VIHAR,SAHIBABAD,16,1416,False,False,False
64557,180,28,BAMANHERI,VIVEK VIHAR,20,1255,True,False,False
64558,180,28,BAMANHERI,VIVEK VIHAR,5,179,False,True,False
64559,180,28,BAMANHERI,VIVEK VIHAR,17,1229,True,False,False
64560,180,28,BAMANHERI,VIVEK VIHAR,5,179,False,True,False
64561,261,40,BAMANHERI,YAMUNANAGER,14,183,False,False,False
64562,261,40,BAMANHERI,YAMUNANAGER,9,1306,False,True,False
64563,215,23,AMB  ANDAURA,AMBALA CANTT,12,1135,False,False,False
64564,215,23,AMB  ANDAURA,AMBALA CANTT,13,400,False,False,False
64565,192,30,AGHWANPUR,SAHARANPUR J,18,294,True,False,False
64566,192,30,AGHWANPUR,SAHARANPUR J,9,1155,False,True,False
64567,103,20,ADHYATMIK NA,VIVEK VIHAR,7,41,False,True,False
64568,103,20,ADHYATMIK NA,VIVEK VIHAR,19,1389,True,False,False
64569,87,13,ASAOTI,TUGALAKABAD,15,38,False,False,False
64570,89,13,ASAOTI,TUGALAKABAD,10,1403,False,True,False
64581,161,26,AJAIBPUR,WAIR,8,1421,False,True,False
64582,161,26,AJAIBPUR,WAIR,19,17,True,False,False
64583,203,31,AJAIBPUR,WAIR,10,1416,False,True,False
64584,203,32,AJAIBPUR,WEST CABIN T,14,201,False,False,False
64585,5,2,HATHRAS QILA,HATHRAS JN.,22,25,False,False,True
64586,5,2,HATHRAS QILA,HATHRAS JN.,5,1415,False,True,False
64587,225,29,AMBIAPUR,ACHALDA,15,51,False,False,False
64588,225,29,AMBIAPUR,ACHALDA,10,1365,False,True,False
64589,78,12,AMBIAPUR,RURA,20,1431,True,False,False
64590,78,12,AMBIAPUR,RURA,6,8,False,True,False
64591,194,31,ALLAHABAD JN,SAIYID SARAW,6,30,False,True,False
64592,194,31,ALLAHABAD JN,SAIYID SARAW,19,1394,True,False,False
64593,77,13,AUNG,SIRSAUL,8,23,False,True,False
64594,77,13,AUNG,SIRSAUL,19,1414,True,False,False
64595,152,20,ALLAHABAD JN,UNCHDIH,20,1365,True,False,False
64596,152,20,ALLAHABAD JN,UNCHDIH,7,53,False,True,False
64901,118,22,ASAOTI,VIVEK VIHAR,9,149,False,True,False
64902,119,22,ASAOTI,VIVEK VIHAR,17,1326,True,False,False
64903,158,27,AJHAI,VIVEK VIHAR,6,221,False,True,False
64904,160,27,AJHAI,VIVEK VIHAR,19,1223,True,False,False
64905,134,21,AJHAI,VRINDABAN RO,5,1430,False,True,False
64906,77,17,ASAOTI,VIVEK VIHAR,19,1300,True,False,False
64908,44,14,BALLABGARH,VIVEKANANDPU,7,1346,False,True,False
64910,148,26,AJHAI,VIVEKANANDPU,21,1270,False,False,True
64911,71,17,ASTHAL BOHAR,VIVEKANANDPU,11,1349,False,True,False
64912,71,17,ASTHAL BOHAR,VIVEKANANDPU,7,93,False,True,False
64913,69,17,ASTHAL BOHAR,VIVEKANANDPU,6,1350,False,True,False
64914,69,17,ASTHAL BOHAR,VIVEKANANDPU,13,103,False,False,False
64915,69,17,ASTHAL BOHAR,VIVEKANANDPU,12,1344,False,False,False
64916,69,17,ASTHAL BOHAR,VIVEKANANDPU,21,92,False,False,True
64931,69,17,ASTHAL BOHAR,VIVEKANANDPU,20,1335,True,False,False
64932,69,17,ASTHAL BOHAR,VIVEKANANDPU,15,98,False,False,False
64951,83,15,AULENDA,SINGARPUR,15,16,False,False,False
64952,83,15,AULENDA,SINGARPUR,12,1422,False,False,False
64953,180,26,AGRA CANTT,VRINDABAN RO,16,91,False,False,False
64955,28,8,AGRA CITY,TUNDLA JN,8,82,False,True,False
64956,28,8,AGRA CITY,TUNDLA JN,14,1392,False,False,False
64957,133,19,AGRA CANTT,VRINDABAN RO,18,83,True,False,False
64958,137,19,AGRA CANTT,VRINDABAN RO,7,1342,False,True,False
64959,94,14,AGRA CANTT,VRINDABAN RO,10,1293,False,True,False
66000,21,7,AMBATTUR,VEYSARPADI,4,18,False,True,False
66001,41,11,AMBATTUR,VEYSARPADI,21,1420,False,False,True
66002,21,7,AMBATTUR,VEYSARPADI,6,18,False,True,False
66003,20,7,AMBATTUR,VEYSARPADI,21,1420,False,False,True
66004,21,7,AMBATTUR,VEYSARPADI,6,18,False,True,False
66005,20,7,AMBATTUR,VEYSARPADI,22,1420,False,False,True
66006,21,11,AMBATTUR,VEYSARPADI,18,18,True,False,False
66007,20,7,AMBATTUR,VEYSARPADI,23,1420,False,False,True
66008,68,14,AMBATTUR,VEYSARPADI,12,18,False,False,False
66009,68,14,AMBATTUR,VEYSARPADI,23,1420,False,False,True
66010,68,14,AMBATTUR,VEYSARPADI,21,19,False,False,True
66011,68,14,AMBATTUR,VEYSARPADI,16,1420,False,False,False
66012,41,11,AMBATTUR,VEYSARPADI,19,18,True,False,False
66013,68,9,AMBATTUR,VILLIVAKKAM,18,1434,True,False,False
66014,77,11,ARAKKONAM JN,VEPAGUNTA,18,1382,True,False,False
66015,68,14,AMBATTUR,VEYSARPADI,7,1420,False,True,False
66016,70,12,AMBATTUR,WASHERMANPET,7,27,False,True,False
66017,140,18,AMBATTUR,WALAJAH ROAD,18,118,True,False,False
66018,140,18,ARAKKONAM JN,WASHERMANPET,8,67,False,True,False
66019,202,27,AMBUR,VANIYAMBADI,7,18,False,True,False
66020,204,27,AMBUR,VANIYAMBADI,19,1419,True,False,False
66021,68,6,ARAKKONAM JN,TIRUVALLUR,20,1399,True,False,False
66022,62,13,AMBATTUR,VEYSARPADI,8,18,False,True,False
66025,82,16,ATTIPATTU,TIRUVOTTIYUR,6,1415,False,True,False
66026,82,21,ATTIPATTU,WIMCO NAGAR,13,10,False,False,False
66027,82,16,ATTIPATTU,TIRUVOTTIYUR,14,1415,False,False,False
66028,82,21,ATTIPATTU,WIMCO NAGAR,21,11,False,False,True
66029,93,12,DORAVARICHAT,VENKATACHALE,8,61,False,True,False
66030,93,12,DORAVARICHAT,VENKATACHALE,11,1373,False,True,False
66031,93,12,DORAVARICHAT,VENKATACHALE,16,63,False,False,False
66032,93,12,DORAVARICHAT,VENKATACHALE,19,1358,True,False,False
66033,131,16,GUDUR JN.,YERPEDU,14,1319,False,False,False
66034,131,16,GUDUR JN.,YERPEDU,13,79,False,False,False
66035,82,16,ATTIPATTU,TIRUVOTTIYUR,8,1419,False,True,False
66036,82,21,ATTIPATTU,WIMCO NAGAR,19,11,True,False,False
66037,93,10,DORAVARICHAT,VEDAYAPALEM,10,76,False,True,False
66038,93,12,DORAVARICHAT,VENKATACHALE,17,1348,True,False,False
66039,78,12,ARAKKONAM JN,VENKATANARAS,9,30,False,True,False
66040,68,14,AMBATTUR,VEYSARPADI,19,21,True,False,False
66041,108,15,CHENGALPATTU,WALAJABAD,11,27,False,True,False
66042,108,11,CHENGALPATTU,WALAJABAD,14,1405,False,False,False
66043,95,11,CHENGALPATTU,VANDALUR,10,1402,False,True,False
66044,95,14,CHENGALPATTU,VANDALUR,16,32,False,False,False
66045,67,5,MELMARUVATHU,VIKRAVANDI,11,49,False,True,False
66046,67,5,MELMARUVATHU,VIKRAVANDI,15,1374,False,False,False
66047,148,14,ARAKKONAM JN,VILLIVAKKAM,11,1384,False,True,False
66048,146,15,ARAKKONAM JN,VILLIVAKKAM,15,64,False,False,False
66049,78,12,ARAKKONAM JN,VENKATANARAS,20,30,True,False,False
66050,77,12,ARAKKONAM JN,VEPAGUNTA,7,1387,False,True,False
66051,20,7,AMBATTUR,VEYSARPADI,14,1420,False,False,False
66052,21,7,AMBATTUR,VEYSARPADI,15,18,False,False,False
66053,42,12,AMBATTUR,WASHERMANPET,17,1414,True,False,False
66054,20,5,AVADI,TIRUVALLUR,22,1410,False,False,True
66300,155,25,CHINGAVANAM,VAIKAM ROAD,9,59,False,True,False
66301,155,25,CHINGAVANAM,VAIKAM ROAD,16,1377,False,False,False
66302,140,25,ALLEPPEY,VAYALAR,10,38,False,True,False
66303,142,25,ALLEPPEY,VAYALAR,13,1399,False,False,False
66304,151,32,AMARAVILLA H,VIRANI ALUR,12,53,False,False,False
66305,151,32,AMARAVILLA H,VIRANI ALUR,18,1372,True,False,False
66307,155,25,CHINGAVANAM,VAIKAM ROAD,7,1385,False,True,False
66308,155,25,CHINGAVANAM,VAIKAM ROAD,13,52,False,False,False
66309,142,17,ALLEPPEY,THURAVUR,21,1389,False,False,True
66310,140,17,ALLEPPEY,THURAVUR,22,44,False,False,True
66511,85,17,BEML NAGAR,WHITE FIELD,14,1335,False,False,False
66512,86,16,BEML NAGAR,WHITE FIELD,8,65,False,True,False
66513,17,6,BEML NAGAR,OORGAUM,7,9,False,True,False
66514,73,15,BEML NAGAR,WHITE FIELD,15,70,False,False,False
66515,74,14,BEML NAGAR,WHITE FIELD,18,1374,True,False,False
66516,16,6,BEML NAGAR,OORGAUM,19,1430,True,False,False
66517,16,6,BEML NAGAR,OORGAUM,23,1430,False,False,True
66518,17,6,BEML NAGAR,OORGAUM,4,9,False,True,False
66519,86,11,BEML NAGAR,WHITE FIELD,5,73,False,True,False
66520,87,11,BEML NAGAR,WHITE FIELD,22,1369,False,False,True
66523,98,16,DODBALLAPUR,YESVANTPUR J,18,1396,True,False,False
66524,98,16,DODBALLAPUR,YESVANTPUR J,7,47,False,True,False
66527,34,5,BISANATTAM,KAMASAMUDRAM,21,4,False,False,True
66528,34,5,BISANATTAM,KAMASAMUDRAM,6,1432,False,True,False
66529,102,16,BYATRAYANHAL,WHITE FIELD,7,29,False,True,False
66530,68,12,BYATRAYANHAL,WHITE FIELD,10,1417,False,True,False
66531,68,12,BYATRAYANHAL,WHITE FIELD,12,22,False,False,False
66532,85,17,BEML NAGAR,WHITE FIELD,16,1352,False,False,False
66533,73,14,BEML NAGAR,WHITE FIELD,17,59,True,False,False
66534,92,13,BYATRAYANHAL,WHITE FIELD,20,1414,True,False,False
66535,44,8,BIDADI,KRANTIVIRA S,5,1398,False,True,False
66536,44,9,BIDADI,KRANTIVIRA S,7,50,False,True,False
66537,44,9,BIDADI,KRANTIVIRA S,18,1399,True,False,False
66538,44,9,BIDADI,KRANTIVIRA S,18,49,True,False,False
66539,44,9,BIDADI,KRANTIVIRA S,20,1399,True,False,False
66540,44,9,BIDADI,KRANTIVIRA S,22,60,False,False,True
66541,21,7,BANGALORE CA,WHITE FIELD,11,1409,False,True,False
66542,21,7,BANGALORE CA,WHITE FIELD,8,44,False,True,False
66543,102,17,BYATRAYANHAL,WHITE FIELD,15,24,False,False,False
66544,102,16,BYATRAYANHAL,WHITE FIELD,12,1412,False,False,False
66600,100,15,COIMBATORE,VIJAYAMANGAL,18,82,True,False,False
66601,100,15,COIMBATORE,VIJAYAMANGAL,9,1313,False,True,False
66602,159,22,ANANGUR,VIJAYAMANGAL,11,1354,False,True,False
66603,159,22,ANANGUR,VIJAYAMANGAL,14,65,False,False,False
66604,98,14,COIMBATORE,WALAYAR,17,1366,True,False,False
66605,98,14,COIMBATORE,WALAYAR,9,42,False,True,False
66606,58,8,COIMBATORE,WALAYAR,8,1385,False,True,False
66607,58,8,COIMBATORE,WALAYAR,18,39,True,False,False
66608,158,22,COIMBATORE,WALAYAR,16,1384,False,False,False
66609,159,22,COIMBATORE,WALAYAR,10,52,False,True,False
66611,149,28,ANGAMALI (FO,WADAKANCHERI,11,1345,False,True,False
66612,150,28,ANGAMALI (FO,WADAKANCHERI,16,97,False,False,False
67247,121,17,ANAKAPALLE,ELAMANCHILI,14,1408,False,False,False
67248,103,18,ANNAVARAM,TUNI,21,1421,False,False,True
67249,113,16,BEGAMPET,VIKRABAD JN.,8,1353,False,True,False
67250,113,16,BEGAMPET,VIKRABAD JN.,18,73,True,False,False
67251,31,7,VIJAYWADA JN,TENALI JN.,5,50,False,True,False
67253,31,7,VIJAYWADA JN,TENALI JN.,7,1385,False,True,False
67254,32,6,VIJAYWADA JN,PEDAKAKANI H,8,43,False,True,False
67255,25,5,ANGALAKUDURU,VEJANDLA,9,1426,False,True,False
67256,106,20,AMMANABROLU,VETAPALEM,13,1403,False,False,False
67257,106,20,AMMANABROLU,VETAPALEM,12,32,False,False,False
67258,25,5,ANGALAKUDURU,VEJANDLA,16,13,False,False,False
67259,32,6,VIJAYWADA JN,PEDAKAKANI H,19,1382,True,False,False
67260,138,27,AMMANABROLU,VETAPALEM,14,32,False,False,False
67261,149,26,BHIMADOLU,VIRA VALLI H,20,1386,True,False,False
67262,149,24,BHIMADOLU,VIRA VALLI H,5,46,False,True,False
67263,138,27,AMMANABROLU,VETAPALEM,10,1403,False,True,False
67264,163,18,ALER,JANGAON,11,19,False,True,False
67265,163,18,ALER,JANGAON,6,1419,False,True,False
67266,143,17,ALER,JANGAON,20,19,True,False,False
67267,163,18,ALER,JANGAON,15,1417,False,False,False
67269,104,12,CINTALPALLI,YELGUR,7,9,False,True,False
67270,104,12,CINTALPALLI,YELGUR,22,1429,False,False,True
67271,121,16,BONA KALU,ERRUPALEM,9,30,False,True,False
67272,122,18,BONA KALU,ERRUPALEM,19,1404,True,False,False
67273,32,6,VIJAYWADA JN,PEDAKAKANI H,12,43,False,False,False
67274,32,6,VIJAYWADA JN,PEDAKAKANI H,15,1387,False,False,False
67275,59,16,ARTS COLLAGE,YAKUT PURA,6,1423,False,True,False
67276,59,16,ARTS COLLAGE,YAKUT PURA,10,15,False,True,False
67277,96,21,ALER,JANGAON,16,31,False,False,False
67278,96,21,ALER,JANGAON,17,1424,True,False,False
67279,154,19,ALLURUROAD,VENKATACHALE,16,1384,False,False,False
67280,154,19,ALLURUROAD,VENKATACHALE,11,55,False,True,False
67282,142,18,BATUVA. P.H.,VIZIANAGARAM,14,47,False,False,False
67291,60,10,ALAMANDA,VIZIANAGARAM,6,1423,False,True,False
67292,60,10,ALAMANDA,VIZIANAGARAM,18,28,True,False,False
67293,60,10,ALAMANDA,VIZIANAGARAM,16,1423,False,False,False
67294,130,18,ALAMANDA,VIZIANAGARAM,8,22,False,True,False
67295,79,15,ANAPARTI,SAMALKOT JN.,11,36,False,True,False
67296,97,11,ANAKAPALLE,ELAMANCHILI,19,35,True,False,False
67297,138,25,AMMANABROLU,VETAPALEM,18,32,True,False,False
67298,138,25,AMMANABROLU,VETAPALEM,8,1399,False,True,False
67299,149,27,BHIMADOLU,UNGUTURU,19,1412,True,False,False
67300,149,28,BHIMADOLU,VIRA VALLI H,6,1377,False,True,False
68001,148,14,BALICHAK,ULUBARIA,8,1376,False,True,False
68003,215,23,ANDUL,ULUBARIA,10,18,False,True,False
68004,214,23,ANDUL,ULUBARIA,17,1414,True,False,False
68005,137,18,ASANBONI,TATANAGAR JN,17,58,True,False,False
68006,137,19,ASANBONI,TATANAGAR JN,9,1419,False,True,False
68007,188,43,ABADA,BAKHRABAD,17,158,True,False,False
68008,147,14,BALICHAK,ULUBARIA,11,56,False,True,False
68009,62,9,ADITYAPUR,TATANAGAR JN,18,1431,True,False,False
68010,62,9,ADITYAPUR,TATANAGAR JN,7,35,False,True,False
68011,137,18,ASANBONI,TATANAGAR JN,20,20,True,False,False
68012,137,18,ASANBONI,TATANAGAR JN,3,1421,False,False,True
68013,137,19,ASANBONI,TATANAGAR JN,7,24,False,True,False
68014,137,18,ASANBONI,TATANAGAR JN,14,1420,False,False,False
68015,137,18,ASANBONI,TATANAGAR JN,23,21,False,False,True
68016,137,18,ASANBONI,TATANAGAR JN,4,1422,False,True,False
68017,238,39,ADRA,BHAGA JN,18,1295,True,False,False
68018,238,39,ADRA,BHAGA JN,10,68,False,True,False
68019,284,40,ADITYAPUR,URMA,8,85,False,True,False
68020,284,41,ADITYAPUR,URMA,19,1355,True,False,False
68021,120,18,ANGUA PH,BAKHRABAD,10,1410,False,True,False
68022,120,18,ANGUA PH,BAKHRABAD,13,27,False,False,False
68023,188,27,ADITYAPUR,URMA,7,88,False,True,False
68024,189,27,ADITYAPUR,URMA,11,1352,False,True,False
68047,40,6,BELDA,BAKHRABAD,22,1424,False,False,True
68048,40,6,BELDA,BAKHRABAD,6,5,False,True,False
68053,71,11,ADRA,URMA,15,71,False,False,False
68054,70,11,ADRA,URMA,18,1360,True,False,False
68055,171,29,ADRA,URMA,10,76,False,True,False
68056,170,29,ADRA,URMA,12,1322,False,False,False
68057,39,7,ADRA,PURULIA JN.,5,50,False,True,False
68058,39,7,ADRA,PURULIA JN.,8,1385,False,True,False
68059,112,19,ADRA,URMA,20,1335,True,False,False
68060,112,19,ADRA,URMA,17,71,True,False,False
68063,41,9,ADRA,RAMKANALI JN,5,20,False,True,False
68069,41,9,ADRA,RAMKANALI JN,18,20,True,False,False
68070,41,9,ADRA,RAMKANALI JN,23,1416,False,False,True
68071,70,16,ADRA,BHAGA JN,7,79,False,True,False
68072,40,9,ADRA,BHAGA JN,19,1375,True,False,False
68073,11,5,BHOWRA BH,BHAGA JN,16,12,False,False,False
68074,40,12,BHOWRA BH,BHAGA JN,10,1427,False,True,False
68075,29,5,ADRA,SANTALDIH,22,23,False,False,True
68076,29,5,ADRA,SANTALDIH,4,1408,False,True,False
68077,40,9,ADRA,BHAGA JN,13,75,False,False,False
68078,40,9,ADRA,BHAGA JN,16,1375,False,False,False
68079,37,7,BHOJUDIH JN.,TALGARIA,11,15,False,True,False
68080,37,7,BHOJUDIH JN.,TALGARIA,16,1395,False,False,False
68081,53,8,ADRA,SIRJAM,4,1413,False,True,False
68082,84,13,ADRA,BISHNUPUR,21,95,False,False,True
68088,121,19,ADRA,SIRJAM,16,21,False,False,False
68089,155,20,ADRA,BISHNUPUR,14,1339,False,False,False
68090,155,20,ADRA,BISHNUPUR,8,84,False,True,False
68091,51,9,BANSTOLA P.H,SARDIHA,17,1433,True,False,False
68092,51,7,BANSTOLA P.H,SARDIHA,7,6,False,True,False
68093,51,10,BANSTOLA P.H,SARDIHA,4,1433,False,True,False
68094,51,10,BANSTOLA P.H,SARDIHA,14,7,False,False,False
68097,108,15,ADRA,BISHNUPUR,22,1350,False,False,True
68098,108,15,ADRA,BISHNUPUR,17,83,True,False,False
68643,8,2,HIJLI,KHARAGPUR,6,1425,False,True,False
68644,8,2,HIJLI,KHARAGPUR,6,15,False,True,False
68645,8,2,HIJLI,KHARAGPUR,17,1428,True,False,False
68646,8,2,HIJLI,KHARAGPUR,17,15,True,False,False
68685,130,22,ASHAPURNA DE,TAMLUK,10,1349,False,True,False
68686,117,18,ASHAPURNA DE,TAMLUK,6,87,False,True,False
68688,117,18,ASHAPURNA DE,TAMLUK,7,89,False,True,False
68689,117,18,ASHAPURNA DE,TAMLUK,21,1347,False,False,True
68690,130,22,ASHAPURNA DE,TAMLUK,11,85,False,True,False
68701,48,10,BHILAI,SARONA,5,1419,False,True,False
68702,41,11,BHILAI,SARONA,6,20,False,True,False
68703,48,10,BHILAI,SARONA,8,1419,False,True,False
68704,41,11,BHILAI,SARONA,9,30,False,True,False
68705,109,18,BAKAL,SARONA,10,1351,False,True,False
68706,214,33,BAKAL,WRS COLONY,12,197,False,False,False
68707,48,10,BHILAI,SARONA,13,1414,False,False,False
68708,34,11,BHILAI,SARONA,17,27,True,False,False
68709,109,18,BAKAL,SARONA,19,1347,True,False,False
68710,102,19,BAKAL,SARONA,6,102,False,True,False
68711,73,9,AMGAON,SALEKASA,6,1423,False,True,False
68712,73,9,AMGAON,SALEKASA,22,13,False,False,True
68713,127,17,BHANDARA RD,TIRORA,7,1402,False,True,False
68714,126,17,BHANDARA RD,TIRORA,11,35,False,True,False
68715,127,17,BHANDARA RD,TIRORA,16,1402,False,False,False
68716,126,17,BHANDARA RD,TIRORA,19,36,True,False,False
68717,48,10,BHILAI,SARONA,18,1419,True,False,False
68718,41,7,BHILAI,RAIPUR JN.,20,33,True,False,False
68719,112,15,BAIKUNTH,WRS COLONY,18,37,True,False,False
68721,109,18,BAKAL,SARONA,21,1336,False,False,True
68723,73,9,AMGAON,SALEKASA,22,1423,False,False,True
68724,175,27,AMGAON,SARONA,7,212,False,True,False
68725,48,10,BHILAI,SARONA,21,1413,False,False,True
68726,41,10,BHILAI,SARONA,22,24,False,False,True
68727,112,15,BAIKUNTH,WRS COLONY,20,39,True,False,False
68728,111,15,BAIKUNTH WES,WRS COLONY,7,1404,False,True,False
68729,109,18,BAKAL,SARONA,23,1351,False,False,True
68730,102,19,BAKAL,SARONA,4,100,False,True,False
68731,97,15,AKALTARA,URGA,22,1371,False,False,True
68732,97,15,AKALTARA,URGA,19,70,True,False,False
68733,97,15,AKALTARA,URGA,14,1369,False,False,False
68734,97,15,AKALTARA,URGA,10,70,False,True,False
68735,135,18,AKALTARA,SAKTI,9,1374,False,True,False
68736,135,17,AKALTARA,SAKTI,21,55,False,False,True
68737,135,18,AKALTARA,SAKTI,17,1374,True,False,False
68738,133,15,AKALTARA,SAKTI,11,52,False,True,False
68739,100,13,BHANWAR TONK,USALAPUR,11,89,False,True,False
68740,100,13,BHANWAR TONK,USALAPUR,9,1352,False,True,False
68741,133,17,AMGAON,SALEKASA,8,1423,False,True,False
68742,133,17,AMGAON,SALEKASA,18,16,True,False,False
68743,127,17,BHANDARA RD,TIRORA,10,1401,False,True,False
68744,126,17,BHANDARA RD,TIRORA,15,40,False,False,False
68745,209,29,AKALTARA,WRS COLONY,7,177,False,True,False
68746,209,28,AKALTARA,WRS COLONY,16,1262,False,False,False
68747,320,37,AMLAI,VILAYAT KALA,9,165,False,True,False
68748,318,37,AMLAI,VILAYAT KALA,18,1278,True,False,False
68749,215,25,AMLAI,UDALKACHHAR,10,129,False,True,False
68750,215,25,AMLAI,UDALKACHHAR,21,1271,False,False,True
69101,99,20,ADAS ROAD,VADOD,6,9,False,True,False
69102,99,20,ADAS ROAD,VADOD,18,1434,True,False,False
69104,35,9,ADAS ROAD,VADOD,4,1433,False,True,False
69105,63,13,AHMEDABAD,VATVA,5,1399,False,True,False
69106,63,13,AHMEDABAD,VATVA,0,15,False,False,True
69107,99,20,ADAS ROAD,VADOD,21,7,False,False,True
69108,99,20,ADAS ROAD,VADOD,9,1433,False,True,False
69109,128,23,ANKLESHWAR J,VISHWAMITRI,17,105,True,False,False
69110,128,24,ANKLESHWAR J,VISHWAMITRI,13,1339,False,False,False
69111,128,23,ANKLESHWAR J,VISHWAMITRI,18,105,True,False,False
69112,128,23,ANKLESHWAR J,VISHWAMITRI,7,1348,False,True,False
69113,99,20,ADAS ROAD,VADOD,20,9,True,False,False
69114,99,20,ADAS ROAD,VADOD,7,1427,False,True,False
69115,99,20,ADAS ROAD,VADOD,9,7,False,True,False
69116,63,7,AHMEDABAD,NADIAD JN.,2,54,False,False,True
69117,146,21,ALINDRA ROAD,USRA,11,150,False,True,False
69118,147,21,ALINDRA ROAD,USRA,18,1308,True,False,False
69119,146,21,ALINDRA ROAD,USRA,18,155,True,False,False
69120,147,21,ALINDRA ROAD,USRA,8,1299,False,True,False
69121,72,11,ALINDRA ROAD,SAMLAYA JN.,20,9,True,False,False
69122,72,11,ALINDRA ROAD,SAMLAYA JN.,6,1432,False,True,False
69123,78,13,ANGADI,VAVADI KHURD,11,37,False,True,False
69124,78,13,ANGADI,VAVADI KHURD,5,1401,False,True,False
69125,78,13,ANGADI,VAVADI KHURD,20,37,True,False,False
69126,78,13,ANGADI,VAVADI KHURD,13,1397,False,False,False
69127,63,13,AHMEDABAD,VATVA,18,1416,True,False,False
69128,63,13,AHMEDABAD,VATVA,13,15,False,False,False
69129,63,13,AHMEDABAD,VATVA,7,1417,False,True,False
69130,63,13,AHMEDABAD,VATVA,19,14,True,False,False
69131,31,5,AHMEDABAD,SABARMATI,12,11,False,False,False
69132,31,5,AHMEDABAD,SABARMATI,16,1411,False,False,False
69133,29,6,ANAND JN.,UMRETH,7,32,False,True,False
69134,29,6,ANAND JN.,UMRETH,9,1397,False,True,False
69135,29,6,ANAND JN.,UMRETH,16,32,False,False,False
69136,29,6,ANAND JN.,UMRETH,18,1397,True,False,False
69137,35,8,ADAS ROAD,VADOD,23,9,False,False,True
69138,35,8,ADAS ROAD,VADOD,21,1433,False,False,True
69139,232,34,ANCHELI,VAITARNA,11,1204,False,True,False
69140,206,30,ANCHELI,VAITARNA,19,214,True,False,False
69141,117,22,ANCHELI,VEDCHHA,8,4,False,True,False
69142,117,22,ANCHELI,VEDCHHA,18,1433,True,False,False
69143,89,12,BOISAR,VAITARNA,5,1403,False,True,False
69144,89,12,BOISAR,VAITARNA,21,35,False,False,True
69145,78,13,ANGADI,VAVADI KHURD,6,37,False,True,False
69146,78,13,ANGADI,VAVADI KHURD,9,1401,False,True,False
69147,78,13,ANGADI,VAVADI KHURD,15,43,False,False,False
69149,265,41,ANCHELI,VAITARNA,8,1205,False,True,False
69150,265,42,ANCHELI,VAITARNA,17,229,True,False,False
69151,68,13,ANCHELI,VEDCHHA,16,4,False,False,False
69152,68,13,ANCHELI,VEDCHHA,10,1433,False,True,False
69153,54,9,ATUL,VAPI,14,1415,False,False,False
69154,54,9,ATUL,VAPI,11,24,False,True,False
69161,137,20,BHIWANDI ROA,VAITARNA,20,73,True,False,False
69164,137,19,BHIWANDI ROA,VAITARNA,7,1362,False,True,False
69165,65,11,BHIWANDI ROA,TALAJA PANCH,10,1391,False,True,False
69166,65,11,BHIWANDI ROA,TALAJA PANCH,17,43,True,False,False
69167,65,9,BHIWANDI ROA,TALAJA PANCH,15,1394,False,False,False
69168,65,11,BHIWANDI ROA,TALAJA PANCH,12,40,False,False,False
69169,160,23,BHADBHUNJA,VYARA,21,1387,False,False,True
69171,58,11,ANKLESHWAR J,UTRAN,19,1369,True,False,False
69172,58,12,ANKLESHWAR J,UTRAN,6,82,False,True,False
69173,63,8,BOISAR,VAITARNA,23,1402,False,False,True
69174,89,10,BOISAR,VAITARNA,5,38,False,True,False
69181,114,14,AMARGARH,THANDLA ROAD,17,1412,True,False,False
69182,114,14,AMARGARH,THANDLA ROAD,9,26,False,True,False
69183,44,6,BANGROD,RATLAM JN,19,1428,True,False,False
69184,44,6,BANGROD,RATLAM JN,7,25,False,True,False
69185,54,8,ASALODA,UNHEL,20,1421,True,False,False
69186,54,8,ASALODA,UNHEL,6,17,False,True,False
69187,114,14,AMARGARH,THANDLA ROAD,23,1412,False,False,True
69188,114,14,AMARGARH,THANDLA ROAD,2,42,False,False,True
69189,152,23,ANGADI,VAVADI KHURD,12,37,False,False,False
69190,153,23,ANGADI,VAVADI KHURD,15,1401,False,False,False
69191,95,17,AHMEDABAD,VATVA,20,1399,True,False,False
69192,95,17,AHMEDABAD,VATVA,8,15,False,True,False
69195,61,6,BHARUCH JN.,VAGRA,6,47,False,True,False
69196,61,6,BHARUCH JN.,VAGRA,19,1385,True,False,False
70101,115,12,ASNOTI,VERNA,20,1336,True,False,False
70102,119,12,ASNOTI,VERNA,6,78,False,True,False
70103,115,12,ASNOTI,VERNA,12,1318,False,False,False
70104,119,12,ASNOTI,VERNA,14,82,False,False,False
70105,324,30,ANKOLA,UDUPI,6,197,False,True,False
70106,326,30,ANKOLA,UDUPI,19,1248,True,False,False
71081,41,6,BHIWANDI ROA,KHARBAO,13,1429,False,False,False
71082,86,13,BHIWANDI ROA,VAITARNA,5,81,False,True,False
71083,41,6,BHIWANDI ROA,KHARBAO,16,1428,False,False,False
71084,41,6,BHIWANDI ROA,KHARBAO,14,8,False,False,False
71085,41,6,BHIWANDI ROA,KHARBAO,19,1431,True,False,False
71086,41,6,BHIWANDI ROA,KHARBAO,18,8,True,False,False
71088,51,8,BOISAR,VAITARNA,8,37,False,True,False
71089,105,13,APTA,TALAJA PANCH,10,1388,False,True,False
71092,105,17,APTA,TALAJA PANCH,6,51,False,True,False
71093,41,6,BHIWANDI ROA,KHARBAO,10,1430,False,True,False
71094,41,6,BHIWANDI ROA,KHARBAO,11,8,False,True,False
71095,105,13,APTA,TALAJA PANCH,21,1392,False,False,True
71096,105,13,APTA,TALAJA PANCH,17,62,True,False,False
71401,43,6,BARAMATI,SHIRSAI,6,1392,False,True,False
71402,121,16,BARAMATI,YEVAT,7,119,False,True,False
71403,77,11,DAUND JN.,YEVAT,11,1383,False,True,False
71404,121,16,BARAMATI,YEVAT,16,131,False,False,False
71405,43,6,BARAMATI,SHIRSAI,15,1392,False,False,False
71407,77,11,DAUND JN.,YEVAT,12,1367,False,False,False
71408,77,11,DAUND JN.,YEVAT,12,36,False,False,False
71409,77,11,DAUND JN.,YEVAT,16,1351,False,False,False
71410,77,11,DAUND JN.,YEVAT,17,36,True,False,False
71411,77,11,DAUND JN.,YEVAT,21,1382,False,False,True
71413,265,32,ANGAR,YEVAT,6,1052,False,True,False
71414,265,33,ANGAR,YEVAT,12,368,False,False,False
71415,265,33,ANGAR,YEVAT,13,1168,False,False,False
71416,265,31,ANGAR,YEVAT,23,309,False,False,True
71901,51,8,ACHHNERA JN.,RAIBHA,6,1430,False,True,False
71902,51,8,ACHHNERA JN.,RAIBHA,8,9,False,True,False
71903,148,22,ACHHNERA JN.,TARCHHERA BA,9,67,False,True,False
71904,148,22,ACHHNERA JN.,TARCHHERA BA,16,1368,False,False,False
71905,51,8,ACHHNERA JN.,RAIBHA,20,1430,True,False,False
71906,51,8,ACHHNERA JN.,RAIBHA,22,9,False,False,True
71907,148,22,ACHHNERA JN.,TARCHHERA BA,17,94,True,False,False
71908,148,22,ACHHNERA JN.,TARCHHERA BA,8,1359,False,True,False
71909,136,15,AGRA CANTT,UDI MOR,17,188,True,False,False
71910,136,15,AGRA CANTT,UDI MOR,9,1229,False,True,False
72171,18,4,VRINDAVAN,KRISHAN JANM,7,1412,False,True,False
72172,18,4,VRINDAVAN,KRISHAN JANM,7,18,False,True,False
72173,18,4,VRINDAVAN,KRISHAN JANM,9,1410,False,True,False
72174,18,4,VRINDAVAN,KRISHAN JANM,9,18,False,True,False
72175,18,4,VRINDAVAN,KRISHAN JANM,15,1412,False,False,False
72176,18,4,VRINDAVAN,KRISHAN JANM,16,18,False,False,False
72177,18,4,VRINDAVAN,KRISHAN JANM,17,1410,True,False,False
72178,18,4,VRINDAVAN,KRISHAN JANM,17,18,True,False,False
72179,18,4,VRINDAVAN,KRISHAN JANM,20,1410,True,False,False
72180,18,4,VRINDAVAN,KRISHAN JANM,20,18,True,False,False
72203,34,6,AMILA (HALT),MURADPUR (HA,7,11,False,True,False
72204,35,6,AMILA (HALT),MURADPUR (HA,8,1427,False,True,False
72205,34,6,AMILA (HALT),MURADPUR (HA,11,11,False,True,False
72206,35,6,AMILA (HALT),MURADPUR (HA,12,1427,False,False,False
72207,34,6,AMILA (HALT),MURADPUR (HA,15,11,False,False,False
72208,35,6,AMILA (HALT),MURADPUR (HA,16,1427,False,False,False
72209,34,6,AMILA (HALT),MURADPUR (HA,19,11,True,False,False
72210,35,6,AMILA (HALT),MURADPUR (HA,20,1427,True,False,False
72451,95,3,BAROG,SHIMLA,6,152,False,True,False
72452,95,3,BAROG,SHIMLA,19,1290,True,False,False
73011,111,19,AHMADPUR JN.,TARAPITH ROA,17,35,True,False,False
73012,111,19,AHMADPUR JN.,TARAPITH ROA,8,1402,False,True,False
73021,59,11,AZIMGANJ  CI,TAKIPUR,5,50,False,True,False
73022,59,11,AZIMGANJ  CI,TAKIPUR,20,1388,True,False,False
73031,65,13,AZIMGANJ JN.,TENYA,16,1357,False,False,False
73032,65,13,AZIMGANJ JN.,TENYA,10,61,False,True,False
73033,44,9,AZIMGANJ  CI,TAKIPUR,22,50,False,False,True
73034,44,9,AZIMGANJ  CI,TAKIPUR,6,1377,False,True,False
73035,127,23,AZIMGANJ  CI,TENYA,15,1340,False,False,False
73036,127,23,AZIMGANJ  CI,TENYA,5,76,False,True,False
73037,54,10,AZIMGANJ  CI,SUJNIPARA,3,55,False,False,True
73038,54,10,AZIMGANJ  CI,SUJNIPARA,19,1365,True,False,False
73151,261,48,AMBIKA KALNA,TENYA,7,149,False,True,False
73152,261,48,AMBIKA KALNA,TENYA,17,1290,True,False,False
73211,10,5,GULZARBAGH,RAJENDRANAGA,22,6,False,False,True
73212,10,5,GULZARBAGH,RAJENDRANAGA,5,1430,False,True,False
73213,19,12,BAILEY ROAD,SHIVPURI HAL,7,11,False,True,False
73214,19,12,BAILEY ROAD,SHIVPURI HAL,19,1427,True,False,False
73215,6,7,BAILEY ROAD,SHIVPURI HAL,11,1427,False,True,False
73216,6,7,BAILEY ROAD,SHIVPURI HAL,15,10,False,False,False
73261,64,12,BANKA GHAT,RAJENDRANAGA,8,28,False,True,False
73262,64,12,BANKA GHAT,RAJENDRANAGA,12,1414,False,False,False
73263,64,12,BANKA GHAT,RAJENDRANAGA,18,30,True,False,False
73264,64,12,BANKA GHAT,RAJENDRANAGA,20,1413,True,False,False
73421,45,13,ABHAIPUR,UREN,8,15,False,True,False
73422,44,13,ABHAIPUR,UREN,9,1422,False,True,False
73425,45,10,ABHAIPUR,UREN,20,13,True,False,False
73426,45,10,ABHAIPUR,UREN,22,1425,False,False,True
73427,45,11,ABHAIPUR,UREN,3,13,False,False,True
73428,45,11,ABHAIPUR,UREN,6,1422,False,True,False
73429,47,13,AKBARNAGAR,SULTANGANJ,12,12,False,False,False
73430,47,14,AKBARNAGAR,SULTANGANJ,11,1426,False,True,False
73451,56,10,BEGU SARAI,TILRATH,7,1432,False,True,False
73452,56,10,BEGU SARAI,TILRATH,6,25,False,True,False
73453,56,10,BEGU SARAI,TILRATH,15,1426,False,False,False
73454,56,10,BEGU SARAI,TILRATH,14,21,False,False,False
73461,28,5,JAMALPUR JN.,UMESHNAGAR,11,1390,False,True,False
73462,28,5,JAMALPUR JN.,UMESHNAGAR,9,41,False,True,False
73463,28,5,JAMALPUR JN.,UMESHNAGAR,19,1390,True,False,False
73464,28,5,JAMALPUR JN.,UMESHNAGAR,17,35,True,False,False
73538,132,18,BARA BANI,VIDYASAGAR,16,1350,False,False,False
73539,132,18,BARA BANI,VIDYASAGAR,7,90,False,True,False
73581,61,9,BANKA,NEW NAWADIH,12,1348,False,False,False
73582,61,9,BANKA,NEW NAWADIH,12,80,False,False,False
73901,39,2,DHANAURI,JAMALPUR JN.,0,0,False,False,True
73902,39,2,DHANAURI,JAMALPUR JN.,5,80,False,True,False
73903,39,2,DHANAURI,JAMALPUR JN.,0,0,False,False,True
73904,39,2,DHANAURI,JAMALPUR JN.,18,75,True,False,False
73905,39,2,DHANAURI,JAMALPUR JN.,0,0,False,False,True
73911,28,6,BARIARPUR,SULTANGANJ,5,1084,False,True,False
73912,28,2,JAMALPUR JN.,SULTANGANJ,3,74,False,False,True
73913,28,2,JAMALPUR JN.,SULTANGANJ,0,0,False,False,True
73914,28,6,BARIARPUR,SULTANGANJ,16,42,False,False,False
73916,28,2,JAMALPUR JN.,SULTANGANJ,12,72,False,False,False
74001,82,18,BASAI DHANKO,TAJ NAGAR,21,23,False,False,True
74002,82,18,BASAI DHANKO,TAJ NAGAR,18,1415,True,False,False
74003,82,18,BASAI DHANKO,TAJ NAGAR,15,23,False,False,False
74004,82,18,BASAI DHANKO,TAJ NAGAR,6,1414,False,True,False
74011,69,17,ASTHAL BOHAR,VIVEKANANDPU,22,1341,False,False,True
74012,69,17,ASTHAL BOHAR,VIVEKANANDPU,4,107,False,True,False
74013,246,41,ASTHAL BOHAR,VIVEKANANDPU,18,1340,True,False,False
74014,247,41,ASTHAL BOHAR,VIVEKANANDPU,9,96,False,True,False
74015,138,16,ASTHAL BOHAR,SAMAR GOPALP,8,27,False,True,False
74016,138,16,ASTHAL BOHAR,SAMAR GOPALP,17,1406,True,False,False
74017,81,8,ASTHAL BOHAR,ROHTAK JN.,21,17,False,False,True
74018,81,8,ASTHAL BOHAR,ROHTAK JN.,5,1429,False,True,False
74019,89,14,BHAMBHEWA,SONIPAT,15,1346,False,False,False
74020,89,14,BHAMBHEWA,SONIPAT,11,111,False,True,False
74021,163,36,AHERA,TAPRI JN.,9,191,False,True,False
74022,93,24,AHERA,SUJRA,7,1424,False,True,False
74023,93,24,AHERA,SUJRA,21,13,False,False,True
74024,163,36,AHERA,TAPRI JN.,17,1223,True,False,False
74025,93,24,AHERA,SUJRA,5,14,False,True,False
74026,93,24,AHERA,SUJRA,11,1424,False,True,False
74027,54,15,AHERA,SUJRA,16,14,False,False,False
74028,54,15,AHERA,SUJRA,19,1415,True,False,False
74029,89,14,BHAMBHEWA,SONIPAT,12,1333,False,False,False
74030,89,14,BHAMBHEWA,SONIPAT,7,111,False,True,False
74031,11,3,FARUKHNAGAR,SULTANPUR KA,6,1428,False,True,False
74032,47,11,BASAI DHANKO,SULTANPUR KA,7,1415,False,True,False
74033,47,11,BASAI DHANKO,SULTANPUR KA,9,29,False,True,False
74034,11,3,FARUKHNAGAR,SULTANPUR KA,10,9,False,True,False
74035,11,3,FARUKHNAGAR,SULTANPUR KA,15,1428,False,False,False
74036,47,11,BASAI DHANKO,SULTANPUR KA,16,1415,False,False,False
74037,47,11,BASAI DHANKO,SULTANPUR KA,18,26,True,False,False
74038,11,3,FARUKHNAGAR,SULTANPUR KA,19,8,True,False,False
74201,172,25,AMETHI,UTRAITIA JN,5,257,False,True,False
74202,172,25,AMETHI,UTRAITIA JN,19,1258,True,False,False
74301,47,9,FARHEDI HALT,SIRSI MUKHDU,9,1372,False,True,False
74302,47,8,HAZRATNAGAR,SIRSI MUKHDU,6,10,False,True,False
74303,47,9,FARHEDI HALT,SIRSI MUKHDU,14,1371,False,False,False
74304,47,9,FARHEDI HALT,SIRSI MUKHDU,11,67,False,True,False
74305,47,9,FARHEDI HALT,SIRSI MUKHDU,20,1367,True,False,False
74306,47,9,FARHEDI HALT,SIRSI MUKHDU,16,96,False,False,False
74601,49,6,BEAS JN,TARN TARAN,6,95,False,True,False
74602,49,6,BEAS JN,TARN TARAN,9,1345,False,True,False
74603,49,6,BEAS JN,TARN TARAN,9,95,False,True,False
74604,49,6,BEAS JN,TARN TARAN,13,1345,False,False,False
74605,49,6,BEAS JN,TARN TARAN,13,95,False,False,False
74606,49,6,BEAS JN,TARN TARAN,16,1345,False,False,False
74607,49,6,BEAS JN,TARN TARAN,16,95,False,False,False
74608,49,6,BEAS JN,TARN TARAN,20,1345,True,False,False
74611,89,12,ANANTNAG,SRINAGAR,19,54,True,False,False
74612,89,12,ANANTNAG,SRINAGAR,17,1377,True,False,False
74613,45,6,BUDGAM,SOPORE,7,43,False,True,False
74614,134,17,ANANTNAG,SOPORE,10,1317,False,True,False
74615,134,17,ANANTNAG,SOPORE,12,138,False,False,False
74616,45,6,BUDGAM,SOPORE,16,1392,False,False,False
74617,45,6,BUDGAM,SOPORE,15,43,False,False,False
74618,45,6,BUDGAM,SOPORE,11,1387,False,True,False
74619,134,9,ANANTNAG,SOPORE,8,114,False,True,False
74620,134,9,ANANTNAG,SOPORE,18,1350,True,False,False
74621,45,6,BUDGAM,SOPORE,18,40,True,False,False
74622,45,6,BUDGAM,SOPORE,18,1392,True,False,False
74623,45,6,BUDGAM,SOPORE,10,36,False,True,False
74624,45,6,BUDGAM,SOPORE,20,1382,True,False,False
74625,134,17,ANANTNAG,SOPORE,7,107,False,True,False
74626,134,17,ANANTNAG,SOPORE,9,1302,False,True,False
74627,134,17,ANANTNAG,SOPORE,15,125,False,False,False
74628,134,17,ANANTNAG,SOPORE,11,1310,False,True,False
74629,134,17,ANANTNAG,SOPORE,18,110,True,False,False
74630,134,17,ANANTNAG,SOPORE,13,1331,False,False,False
74631,89,12,ANANTNAG,SRINAGAR,11,73,False,True,False
74632,89,12,ANANTNAG,SRINAGAR,16,1379,False,False,False
74633,89,12,ANANTNAG,SRINAGAR,13,65,False,False,False
74634,89,12,ANANTNAG,SRINAGAR,20,1375,True,False,False
74635,89,12,ANANTNAG,SRINAGAR,8,55,False,True,False
74636,89,12,ANANTNAG,SRINAGAR,7,1387,False,True,False
74637,89,12,ANANTNAG,SRINAGAR,10,75,False,True,False
74638,89,12,ANANTNAG,SRINAGAR,8,1365,False,True,False
74639,89,12,ANANTNAG,SRINAGAR,16,64,False,False,False
74640,89,12,ANANTNAG,SRINAGAR,14,1386,False,False,False
74641,68,10,BEAS JN,TANGRA,10,19,False,True,False
74642,78,12,AMRITSAR JN.,TANGRA,19,27,True,False,False
74643,78,12,AMRITSAR JN.,TANGRA,19,1396,True,False,False
74644,78,11,AMRITSAR JN.,TANGRA,21,25,False,False,True
74645,170,22,BHATTIAN,AMBALA CANTT,17,1242,True,False,False
74646,170,21,CHIHERU,AMBALA CANTT,5,298,False,True,False
74647,56,8,CHIHERU,PHILLAUR JN.,21,1399,False,False,True
74648,77,10,BILGA,SIDHWAN,21,1419,False,False,True
74651,53,9,AMRITSAR JN.,VERKA JN.,4,11,False,True,False
74652,45,8,DERABABA NAN,VERKA JN.,6,85,False,True,False
74653,45,8,DERABABA NAN,VERKA JN.,11,1362,False,True,False
74654,45,8,DERABABA NAN,VERKA JN.,11,85,False,True,False
74655,45,8,DERABABA NAN,VERKA JN.,15,1358,False,False,False
74656,45,8,DERABABA NAN,VERKA JN.,15,85,False,False,False
74657,45,8,DERABABA NAN,VERKA JN.,18,1362,True,False,False
74658,53,9,AMRITSAR JN.,VERKA JN.,21,1409,False,False,True
74661,25,4,AMRITSAR JN.,KHASA,7,19,False,True,False
74662,25,4,AMRITSAR JN.,KHASA,9,1405,False,True,False
74663,25,4,AMRITSAR JN.,KHASA,18,19,True,False,False
74664,25,4,AMRITSAR JN.,KHASA,20,1402,True,False,False
74671,106,17,AMRITSAR JN.,VERKA JN.,12,10,False,False,False
74672,106,17,AMRITSAR JN.,VERKA JN.,7,1408,False,True,False
74673,98,16,BATALA JN.,VERKA JN.,15,1395,False,False,False
74674,98,16,BATALA JN.,VERKA JN.,13,45,False,False,False
74675,106,16,AMRITSAR JN.,VERKA JN.,20,9,True,False,False
74676,106,16,AMRITSAR JN.,VERKA JN.,21,1410,False,False,True
74681,77,5,AMRITSAR JN.,TARN TARAN,8,1380,False,True,False
74682,77,5,AMRITSAR JN.,TARN TARAN,4,38,False,True,False
74683,72,4,BHAGTANWALA,TARN TARAN,13,1385,False,False,False
74684,77,5,AMRITSAR JN.,TARN TARAN,9,38,False,True,False
74685,72,4,BHAGTANWALA,TARN TARAN,17,1390,True,False,False
74686,72,4,BHAGTANWALA,TARN TARAN,13,26,False,False,False
74687,77,5,AMRITSAR JN.,TARN TARAN,22,1385,False,False,True
74688,72,4,BHAGTANWALA,TARN TARAN,18,26,True,False,False
74691,58,6,AMRITSAR JN.,VERKA JN.,13,10,False,False,False
74692,58,6,AMRITSAR JN.,VERKA JN.,18,1409,True,False,False
74801,14,2,MERTA CITY,MERTA ROAD J,5,35,False,True,False
74802,14,2,MERTA CITY,MERTA ROAD J,0,0,False,False,True
74803,14,2,MERTA CITY,MERTA ROAD J,8,30,False,True,False
74804,14,2,MERTA CITY,MERTA ROAD J,8,1410,False,True,False
74805,14,2,MERTA CITY,MERTA ROAD J,9,30,False,True,False
74806,14,2,MERTA CITY,MERTA ROAD J,9,1410,False,True,False
74807,14,2,MERTA CITY,MERTA ROAD J,11,30,False,True,False
74808,14,2,MERTA CITY,MERTA ROAD J,11,1410,False,True,False
74809,14,2,MERTA CITY,MERTA ROAD J,14,30,False,False,False
74810,14,2,MERTA CITY,MERTA ROAD J,14,1410,False,False,False
74811,14,2,MERTA CITY,MERTA ROAD J,16,30,False,False,False
74812,14,2,MERTA CITY,MERTA ROAD J,16,1410,False,False,False
74813,14,2,MERTA CITY,MERTA ROAD J,18,30,True,False,False
74814,14,2,MERTA CITY,MERTA ROAD J,18,1410,True,False,False
74815,14,2,MERTA CITY,MERTA ROAD J,20,30,True,False,False
74816,14,2,MERTA CITY,MERTA ROAD J,20,1410,True,False,False
74817,14,2,MERTA CITY,MERTA ROAD J,22,30,False,False,True
74818,14,2,MERTA CITY,MERTA ROAD J,22,1410,False,False,True
74831,185,19,BIGGABAS RAM,SITALNAGAR,11,5,False,True,False
74832,185,19,BIGGABAS RAM,SITALNAGAR,15,1433,False,False,False
74833,313,29,ASLU,SIWANI,22,93,False,False,True
74834,313,29,ASLU,SIWANI,4,1345,False,True,False
74835,471,49,ASARANADA,UMED,12,38,False,False,False
74836,471,49,ASARANADA,UMED,14,1400,False,False,False
74837,348,39,AJIT,SALAWAS,18,1369,True,False,False
74838,348,39,AJIT,SALAWAS,10,80,False,True,False
74839,208,24,AJIT,UTARLAI,15,169,False,False,False
74840,209,24,AJIT,UTARLAI,3,1287,False,False,True
74841,302,35,AJIT,SALAWAS,8,1360,False,True,False
74842,303,35,AJIT,SALAWAS,20,65,True,False,False
74843,208,24,AJIT,UTARLAI,0,159,False,False,True
74844,209,24,AJIT,UTARLAI,7,1284,False,True,False
74845,211,28,BOJAWAS HALT,ZERPUR PALI,8,18,False,True,False
74846,211,28,BOJAWAS HALT,ZERPUR PALI,17,1420,True,False,False
74847,211,28,BOJAWAS HALT,ZERPUR PALI,20,18,True,False,False
74848,211,28,BOJAWAS HALT,ZERPUR PALI,5,1419,False,True,False
74849,48,8,DULRASAR,UDASAR,9,7,False,True,False
74850,47,8,DULRASAR,UDASAR,10,1431,False,True,False
74851,48,8,DULRASAR,UDASAR,13,7,False,False,False
74852,47,8,DULRASAR,UDASAR,14,1431,False,False,False
74853,48,8,DULRASAR,UDASAR,17,7,True,False,False
74854,47,8,DULRASAR,UDASAR,18,1431,True,False,False
74855,142,14,BIGGABAS RAM,SITALNAGAR,7,5,False,True,False
74856,142,14,BIGGABAS RAM,SITALNAGAR,20,1433,True,False,False
74857,90,9,BISSAU,SIKAR JN.,8,1352,False,True,False
74858,90,9,BISSAU,SIKAR JN.,17,111,True,False,False
74901,115,18,ALAWAL PUR,UNCHI BASSI,9,59,False,True,False
74902,115,18,ALAWAL PUR,UNCHI BASSI,7,1368,False,True,False
74903,115,18,ALAWAL PUR,UNCHI BASSI,18,61,True,False,False
74904,115,18,ALAWAL PUR,UNCHI BASSI,19,1366,True,False,False
74906,53,6,BAJALTA,UDHAMPUR,9,1374,False,True,False
74907,53,6,BAJALTA,UDHAMPUR,17,82,True,False,False
74909,152,19,BARI BRAHMAN,VIJAYPUR JAM,6,1417,False,True,False
74910,152,19,BARI BRAHMAN,VIJAYPUR JAM,17,13,True,False,False
74911,42,7,BOLINNA DOAB,SHAM CHAURAS,4,1409,False,True,False
74912,42,7,BOLINNA DOAB,SHAM CHAURAS,3,21,False,False,True
74913,42,7,BOLINNA DOAB,SHAM CHAURAS,8,1417,False,True,False
74914,42,7,BOLINNA DOAB,SHAM CHAURAS,6,21,False,True,False
74915,42,7,BOLINNA DOAB,SHAM CHAURAS,15,1417,False,False,False
74916,42,7,BOLINNA DOAB,SHAM CHAURAS,16,20,False,False,False
74917,42,7,BOLINNA DOAB,SHAM CHAURAS,18,1417,True,False,False
74918,42,7,BOLINNA DOAB,SHAM CHAURAS,19,21,True,False,False
74919,42,7,BOLINNA DOAB,SHAM CHAURAS,21,1417,False,False,True
74920,42,7,BOLINNA DOAB,SHAM CHAURAS,21,21,False,False,True
74923,121,18,AMRITSAR JN.,TANGRA,8,1393,False,True,False
74924,111,16,BEAS JN,TANGRA,12,1395,False,False,False
74931,117,18,BUTEWALA,TALLI SAIDA,7,17,False,True,False
74932,117,15,D.A.V. COLLE,SULTANPUR LO,5,1367,False,True,False
74933,117,18,BUTEWALA,TALLI SAIDA,8,19,False,True,False
74934,117,18,BUTEWALA,TALLI SAIDA,5,1419,False,True,False
74935,117,18,BUTEWALA,TALLI SAIDA,11,34,False,True,False
74936,117,18,BUTEWALA,TALLI SAIDA,13,1421,False,False,False
74937,117,18,BUTEWALA,TALLI SAIDA,20,16,True,False,False
74938,117,18,BUTEWALA,TALLI SAIDA,15,1421,False,False,False
74939,117,14,D.A.V. COLLE,SULTANPUR LO,21,64,False,False,True
74940,117,18,BUTEWALA,TALLI SAIDA,18,1420,True,False,False
74941,31,2,JALANDHAR CI,NAKODAR JN.,8,1380,False,True,False
74942,31,2,JALANDHAR CI,NAKODAR JN.,6,60,False,True,False
74943,31,2,JALANDHAR CI,NAKODAR JN.,11,1380,False,True,False
74944,31,2,JALANDHAR CI,NAKODAR JN.,8,60,False,True,False
74945,31,2,JALANDHAR CI,NAKODAR JN.,17,1380,True,False,False
74946,31,2,JALANDHAR CI,NAKODAR JN.,14,60,False,False,False
74947,31,2,JALANDHAR CI,NAKODAR JN.,19,1380,True,False,False
74948,31,2,JALANDHAR CI,NAKODAR JN.,17,60,True,False,False
74951,87,17,BAHRAM,SAILA KHURD,12,1336,False,False,False
74952,87,17,BAHRAM,SAILA KHURD,8,107,False,True,False
74953,87,17,BAHRAM,SAILA KHURD,19,1319,True,False,False
74954,87,17,BAHRAM,SAILA KHURD,14,107,False,False,False
74961,123,20,AJITWAL,TALWANDI,6,68,False,True,False
74962,123,20,AJITWAL,TALWANDI,10,1382,False,True,False
74963,123,20,AJITWAL,TALWANDI,14,72,False,False,False
74964,123,20,AJITWAL,TALWANDI,20,1383,True,False,False
74965,77,15,BILGA,SIDHWAN,6,23,False,True,False
74966,77,15,BILGA,SIDHWAN,9,1419,False,True,False
74967,77,15,BILGA,SIDHWAN,10,22,False,True,False
74968,77,15,BILGA,SIDHWAN,13,1419,False,False,False
74969,77,15,BILGA,SIDHWAN,15,26,False,False,False
74970,77,15,BILGA,SIDHWAN,18,1417,True,False,False
74971,88,14,BAHMNIWALA,THEH QALANDA,10,17,False,True,False
74972,88,14,BAHMNIWALA,THEH QALANDA,6,1411,False,True,False
74973,88,14,BAHMNIWALA,THEH QALANDA,11,17,False,True,False
74974,88,14,BAHMNIWALA,THEH QALANDA,11,1421,False,True,False
74975,88,14,BAHMNIWALA,THEH QALANDA,15,22,False,False,False
74976,88,14,BAHMNIWALA,THEH QALANDA,13,1421,False,False,False
74977,88,14,BAHMNIWALA,THEH QALANDA,19,17,True,False,False
74978,88,14,BAHMNIWALA,THEH QALANDA,15,1410,False,False,False
74981,80,13,BADHAI BALAM,WANDER JATAN,5,1387,False,True,False
74982,80,13,BADHAI BALAM,WANDER JATAN,11,43,False,True,False
74983,80,13,BADHAI BALAM,WANDER JATAN,13,1395,False,False,False
74984,80,13,BADHAI BALAM,WANDER JATAN,20,42,True,False,False
74985,122,19,AJIT GILL MA,WANDER JATAN,7,34,False,True,False
74986,122,18,BADHAI BALAM,WANDER JATAN,3,42,False,False,True
74987,122,14,BARIWALA,WANDER JATAN,22,1428,False,False,True
74988,122,19,AJIT GILL MA,WANDER JATAN,18,1398,True,False,False
74991,215,23,AMB  ANDAURA,AMBALA CANTT,19,1110,True,False,False
74992,215,23,AMB  ANDAURA,AMBALA CANTT,6,430,False,True,False
74993,41,7,DHODA KHERI,AMBALA CANTT,12,63,False,False,False
74994,41,7,DHODA KHERI,AMBALA CANTT,11,1396,False,True,False
75002,220,36,AHIRAULI (HA,USKA BAZAR,6,16,False,True,False
75003,112,22,AHIRAULI (HA,USKA BAZAR,11,1421,False,True,False
75004,112,22,AHIRAULI (HA,USKA BAZAR,14,16,False,False,False
75005,221,36,AHIRAULI (HA,USKA BAZAR,19,1420,True,False,False
75007,220,24,ANAND NAGAR,USKA BAZAR,17,23,True,False,False
75008,220,24,ANAND NAGAR,USKA BAZAR,13,1392,False,False,False
75009,127,22,AMLORI SARSA,TARIASUJAN,11,67,False,True,False
75010,98,18,BARHARAGANJ,TARIASUJAN,15,59,False,False,False
75011,138,24,BARHARAGANJ,UNAULA,19,90,True,False,False
75012,166,27,AMLORI SARSA,UNAULA,9,1200,False,True,False
75013,81,19,ANAND NAGAR,RAWATGANJ F,7,1400,False,True,False
75014,81,19,ANAND NAGAR,RAWATGANJ F,11,36,False,True,False
75015,81,19,ANAND NAGAR,RAWATGANJ F,15,1388,False,False,False
75016,81,19,ANAND NAGAR,RAWATGANJ F,20,30,True,False,False
75101,136,22,ANKUSPUR,YUSUFPUR,6,1403,False,True,False
75102,136,22,ANKUSPUR,YUSUFPUR,19,38,True,False,False
75103,126,20,ANKUSPUR,YUSUFPUR,14,1393,False,False,False
75104,117,20,ANKUSPUR,YUSUFPUR,10,59,False,True,False
75105,214,37,AHIMANPUR,SARNATH,17,1304,True,False,False
75106,214,37,AHIMANPUR,SARNATH,7,154,False,True,False
75107,118,22,AHIMANPUR,SARAI JAGDIS,17,41,True,False,False
75109,88,14,AUNRIHAR JN.,SARNATH,14,41,False,False,False
75111,154,25,ANKUSPUR,ZAFARABAD JN,8,188,False,True,False
75112,156,25,ANKUSPUR,ZAFARABAD JN,18,1246,True,False,False
75113,156,24,AUNRIHAR JN.,TURTIPAR F,9,1249,False,True,False
75114,156,24,AUNRIHAR JN.,TURTIPAR F,14,256,False,False,False
75115,203,30,ANKUSPUR,UGRASENPUR,4,253,False,True,False
75116,203,30,ANKUSPUR,UGRASENPUR,23,1130,False,False,True
75201,53,13,AMBIKA BHAWA,SITALPUR,7,1426,False,True,False
75202,53,12,AWATARNAGAR,SITALPUR,10,24,False,True,False
75207,169,23,BAJPATTI,THALWARA,7,1316,False,True,False
75208,169,22,BAJPATTI,THALWARA,14,138,False,False,False
75209,105,16,DARBHANGA JN,TARSARAI,15,29,False,False,False
75210,105,16,DARBHANGA JN,TARSARAI,23,1384,False,False,True
75211,111,19,BHAGWANPUR,VISHNUPUR BA,22,1309,False,False,True
75212,111,19,BENIPATTI PI,TURKI,4,33,False,True,False
75213,29,5,DHARMINIYA,SAGAULI JN.,0,63,False,False,True
75214,29,5,DHARMINIYA,SAGAULI JN.,2,1432,False,False,True
75221,53,12,AWATARNAGAR,SITALPUR,15,1403,False,False,False
75222,53,13,AMBIKA BHAWA,SITALPUR,19,25,True,False,False
75225,187,23,ADAPUR,THALWARA,9,1152,False,True,False
75226,187,23,ADAPUR,THALWARA,17,273,True,False,False
75227,187,29,ADAPUR,TEKTAR F,22,1216,False,False,True
75228,150,16,ADAPUR,SITAMARHI,4,130,False,True,False
75229,150,16,ADAPUR,SITAMARHI,14,1321,False,False,False
75230,187,31,ADAPUR,TEKTAR F,9,222,False,True,False
75231,129,18,BAPUDHAM MOT,SEMRA,11,16,False,True,False
75232,129,20,BANGARI,SEMRA,17,1401,True,False,False
75233,82,9,ADAPUR,SITAMARHI,11,133,False,True,False
75234,82,9,ADAPUR,SITAMARHI,15,1327,False,False,False
75235,87,13,BETTIAH,SAGAULI JN.,18,1406,True,False,False
75236,87,13,BETTIAH,SAGAULI JN.,6,45,False,True,False
75237,159,20,BAPUDHAM MOT,SEMRA,23,7,False,False,True
75238,159,19,BAPUDHAM MOT,SAGAULI JN.,4,1411,False,True,False
75253,37,8,DARBHANGA JN,THALWARA,9,1413,False,True,False
75254,37,8,DARBHANGA JN,THALWARA,8,18,False,True,False
75255,132,14,BAJPATTI,SITAMARHI,13,34,False,False,False
75256,132,14,BAJPATTI,SITAMARHI,18,1407,True,False,False
75271,97,17,ARA,BIKRAM GANJ,7,90,False,True,False
75272,97,17,ARA,BIKRAM GANJ,13,1353,False,False,False
75273,97,17,ARA,BIKRAM GANJ,14,87,False,False,False
75274,97,17,ARA,BIKRAM GANJ,20,1350,True,False,False
75279,54,7,BIRAUL,TARSARAI,23,1378,False,False,True
75280,54,5,BIRAUL,TARSARAI,5,106,False,True,False
75707,217,28,ADHIKARI,THAKURGANJ,10,1409,False,True,False
75708,217,28,ADHIKARI,THAKURGANJ,17,27,True,False,False
75713,181,20,BORADIGHI,SIVOK,17,1361,True,False,False
75714,181,20,BORADIGHI,SIVOK,9,74,False,True,False
75715,210,30,ALIPUR DUAR,BHETAGURI,9,71,False,True,False
75716,210,30,ALIPUR DUAR,BHETAGURI,14,1365,False,False,False
75717,183,29,AMBARI FALAK,BHETAGURI,17,240,True,False,False
75718,183,29,AMBARI FALAK,BHETAGURI,10,1179,False,True,False
75719,251,45,ADINA,THAKURGANJ,9,253,False,True,False
75720,251,44,ADINA,THAKURGANJ,16,1149,False,False,False
75721,63,12,AMBARI FALAK,SILIGURI TOW,18,1402,True,False,False
75722,64,12,AMBARI FALAK,SILIGURI TOW,9,49,False,True,False
75723,208,19,AMJONGA,SINGRA,7,30,False,True,False
75724,208,19,AMJONGA,SINGRA,19,1385,True,False,False
75727,100,8,CHAPARMUKH J,RAHA,11,8,False,True,False
75728,100,7,CHAPARMUKH J,RAHA,14,1421,False,False,False
75729,167,16,AMONI,THAKURKUCHI,20,1252,True,False,False
75730,166,16,AMONI,THAKURKUCHI,6,182,False,True,False
75733,33,8,BAGHMARA HAL,TEZNARAYANPU,8,1402,False,True,False
75734,33,8,BAGHMARA HAL,TEZNARAYANPU,7,40,False,True,False
75735,33,8,BAGHMARA HAL,TEZNARAYANPU,12,1402,False,False,False
75736,33,8,BAGHMARA HAL,TEZNARAYANPU,11,45,False,True,False
75737,33,8,BAGHMARA HAL,TEZNARAYANPU,16,1402,False,False,False
75738,33,8,BAGHMARA HAL,TEZNARAYANPU,15,45,False,False,False
75739,33,8,BAGHMARA HAL,TEZNARAYANPU,21,1402,False,False,True
75740,33,8,BAGHMARA HAL,TEZNARAYANPU,19,40,True,False,False
75743,204,33,ADHIKARI,THAKURGANJ,22,1405,False,False,True
75744,204,33,ADHIKARI,THAKURGANJ,4,27,False,True,False
75745,107,19,ARARIYA COUR,SIMRAHA,13,22,False,False,False
75746,108,19,ARARIYA COUR,SIMRAHA,16,1414,False,False,False
75747,40,11,BISHANPUR HA,SALMARI,21,20,False,False,True
75748,40,11,BISHANPUR HA,SALMARI,4,1417,False,True,False
75749,61,15,AJHARAIL,TELTA,10,12,False,True,False
75750,61,15,AJHARAIL,TELTA,15,1433,False,False,False
75901,54,4,DIGBOI,TINSUKIA JN.,5,1396,False,True,False
75902,101,14,BARGOLAI,TINSUKIA JN.,7,78,False,True,False
75903,101,14,BARGOLAI,TINSUKIA JN.,20,1360,True,False,False
75904,54,4,DIGBOI,TINSUKIA JN.,21,48,False,False,True
75905,47,4,CHABUA,TINSUKIA JN.,5,1403,False,True,False
75906,101,14,BARGOLAI,TINSUKIA JN.,10,1361,False,True,False
75907,101,14,BARGOLAI,TINSUKIA JN.,17,76,True,False,False
75908,47,4,CHABUA,TINSUKIA JN.,22,42,False,False,True
75911,40,8,BARA HAPJAN,TINSUKIA JN.,7,1412,False,True,False
75912,39,8,BARA HAPJAN,TINSUKIA JN.,9,35,False,True,False
76501,17,2,BANGARPET JN,KOLAR,6,30,False,True,False
76502,17,2,BANGARPET JN,KOLAR,6,1410,False,True,False
76503,17,2,BANGARPET JN,KOLAR,13,30,False,False,False
76504,17,2,BANGARPET JN,KOLAR,14,1395,False,False,False
76505,81,12,BYATRAYANHAL,WHITE FIELD,18,1410,True,False,False
76506,81,10,BANGALORE CA,WHITE FIELD,9,1393,False,True,False
76507,64,10,BANGALORE CA,WHITE FIELD,11,30,False,True,False
76508,68,11,BANGALORE CA,WHITE FIELD,17,1384,True,False,False
76523,62,9,ANEKAL ROAD,YESVANTPUR J,16,1373,False,False,False
76524,61,9,ANEKAL ROAD,YESVANTPUR J,18,78,True,False,False
76525,201,31,AVATIHALLI,YESVANTPUR J,19,1385,True,False,False
76526,201,31,AVATIHALLI,YESVANTPUR J,8,64,False,True,False
76551,157,22,AVATIHALLI,YELAHANKA JN,9,1406,False,True,False
76552,157,22,AVATIHALLI,YELAHANKA JN,16,53,False,False,False
76553,150,15,ANEKAL ROAD,KRANTIVIRA S,19,1386,True,False,False
76554,150,15,ANEKAL ROAD,KRANTIVIRA S,6,85,False,True,False
76800,26,9,PICHCHANDAR,VALADI,12,5,False,False,False
76803,26,9,PICHCHANDAR,VALADI,5,1433,False,True,False
76804,26,9,PICHCHANDAR,VALADI,17,5,True,False,False
76805,93,12,ALAKKUDI,TIRUVERUMBUR,8,34,False,True,False
76806,93,12,ALAKKUDI,TIRUVERUMBUR,18,1405,True,False,False
76807,150,14,CHETTINAD,VELLANUR,11,1402,False,True,False
76808,150,14,CHETTINAD,VELLANUR,15,36,False,False,False
76812,94,19,AMMAPET,VELIPPALAIYA,6,126,False,True,False
76813,28,4,KARAIKAL,VELANKANNI,9,65,False,True,False
76814,10,2,NAGAPPATTINA,VELANKANNI,11,1415,False,True,False
76815,94,19,AMMAPET,VELIPPALAIYA,19,1342,True,False,False
76817,10,2,NAGAPPATTINA,VELANKANNI,11,25,False,True,False
76818,27,6,KARAIKAL,VELIPPALAIYA,17,1399,True,False,False
76820,49,8,ALAKKUDI,TIRUVERUMBUR,2,1402,False,False,True
76821,49,9,ALAKKUDI,TIRUVERUMBUR,6,34,False,True,False
76822,49,9,ALAKKUDI,TIRUVERUMBUR,9,1404,False,True,False
76823,49,9,ALAKKUDI,TIRUVERUMBUR,5,34,False,True,False
76824,49,9,ALAKKUDI,TIRUVERUMBUR,13,1404,False,False,False
76825,70,16,ADUTHURAI,TITTE,18,59,True,False,False
76826,70,16,ADUTHURAI,TITTE,12,1369,False,False,False
76827,49,9,ALAKKUDI,TIRUVERUMBUR,14,34,False,False,False
76828,49,9,ALAKKUDI,TIRUVERUMBUR,21,1400,False,False,True
76829,49,9,ALAKKUDI,TIRUVERUMBUR,20,34,True,False,False
76830,89,10,CHETTINAD,VELLANUR,7,46,False,True,False
76831,89,10,CHETTINAD,VELLANUR,19,1395,True,False,False
76833,75,15,ELAMANUR,VIRARAKKIYAM,10,68,False,True,False
76834,75,15,ELAMANUR,VIRARAKKIYAM,16,1382,False,False,False
76835,75,18,ELAMANUR,VIRARAKKIYAM,18,59,True,False,False
76836,75,18,ELAMANUR,VIRARAKKIYAM,8,1373,False,True,False
76837,127,11,ARUPPUKKOTTA,VIRUDUNAGAR,20,90,True,False,False
76838,127,11,ARUPPUKKOTTA,VIRUDUNAGAR,7,1416,False,True,False
76839,89,10,CHETTINAD,VELLANUR,17,1398,True,False,False
76840,89,10,CHETTINAD,VELLANUR,10,45,False,True,False
76841,180,26,ARIYALUR,VRIDDHACHALA,8,1378,False,True,False
76842,180,27,ARIYALUR,VRIDDHACHALA,17,56,True,False,False
76845,122,23,ARIYALUR,VRIDDHACHALA,7,1374,False,True,False
76846,122,23,ARIYALUR,VRIDDHACHALA,19,56,True,False,False
76847,139,17,AYODHYAPATTI,VRIDHA CHALA,8,1293,False,True,False
76848,139,17,AYODHYAPATTI,VRIDHA CHALA,19,177,True,False,False
76849,139,17,AYODHYAPATTI,VRIDHA CHALA,15,1308,False,False,False
76850,139,17,AYODHYAPATTI,VRIDHA CHALA,10,160,False,True,False
76851,145,26,ALAKKUDI,VELIPPALAIYA,10,1252,False,True,False
76852,145,25,ALAKKUDI,VELIPPALAIYA,17,159,True,False,False
76853,134,25,ALAKKUDI,VELIPPALAIYA,18,1276,True,False,False
76854,134,25,ALAKKUDI,VELIPPALAIYA,11,158,False,True,False
77201,44,4,VIJAYWADA JN,UPPALUR,2,24,False,False,True
77202,94,15,AKIVIDU,VIRAVASARAM,5,48,False,True,False
77203,94,21,AKIVIDU,VIRAVASARAM,9,1373,False,True,False
77204,94,21,AKIVIDU,VIRAVASARAM,17,71,True,False,False
77205,30,8,BHIMAVARAM J,VIRAVASARAM,16,1408,False,False,False
77206,109,20,AKIVIDU,VENTRAPRAGAD,21,94,False,False,True
77207,81,14,VIJAYWADA JN,VADLAMANNADU,3,103,False,False,True
77208,80,12,VIJAYWADA JN,VADLAMANNADU,5,1289,False,True,False
77209,36,8,CHILAKALPUDI,VADLAMANNADU,9,1421,False,True,False
77211,36,8,CHILAKALPUDI,VADLAMANNADU,13,1421,False,False,False
77212,81,18,VIJAYWADA JN,VENTRAPRAGAD,9,1371,False,True,False
77213,44,11,VIJAYWADA JN,VENTRAPRAGAD,14,55,False,False,False
77214,44,11,VIJAYWADA JN,VENTRAPRAGAD,12,1369,False,False,False
77215,81,18,VIJAYWADA JN,VENTRAPRAGAD,16,55,False,False,False
77216,36,8,CHILAKALPUDI,VADLAMANNADU,14,17,False,False,False
77218,81,18,VIJAYWADA JN,VENTRAPRAGAD,20,1359,True,False,False
77219,36,8,CHILAKALPUDI,VADLAMANNADU,21,1418,False,False,True
77220,36,7,CHILAKALPUDI,VADLAMANNADU,19,17,True,False,False
77221,32,6,VIJAYWADA JN,PEDAKAKANI H,6,42,False,True,False
77222,59,12,ANGALAKUDURU,ZAMPANI HALT,7,30,False,True,False
77223,59,12,ANGALAKUDURU,ZAMPANI HALT,10,1401,False,True,False
77224,59,12,ANGALAKUDURU,ZAMPANI HALT,11,29,False,True,False
77225,33,8,BHATTIPROLU,ZAMPANI HALT,13,21,False,False,False
77226,33,8,BHATTIPROLU,ZAMPANI HALT,14,1419,False,False,False
77227,33,8,BHATTIPROLU,ZAMPANI HALT,15,21,False,False,False
77228,33,8,BHATTIPROLU,ZAMPANI HALT,17,1418,True,False,False
77229,59,12,ANGALAKUDURU,ZAMPANI HALT,19,1393,True,False,False
77230,32,6,VIJAYWADA JN,PEDAKAKANI H,21,1362,False,False,True
77231,109,24,AKIVIDU,VENTRAPRAGAD,9,1334,False,True,False
77232,65,14,AKIVIDU,UNDI,6,1419,False,True,False
77233,29,6,BHIMAVARAM J,VIRAVASARAM,11,21,False,True,False
77234,36,8,CHILAKALPUDI,VADLAMANNADU,10,17,False,True,False
77235,36,8,CHILAKALPUDI,VADLAMANNADU,16,1421,False,False,False
77237,70,18,ATTILI,VELPURU HALT,8,10,False,True,False
77238,68,18,ATTILI,VELPURU HALT,13,1427,False,False,False
77239,47,10,ATTILI,VELPURU HALT,16,12,False,False,False
77240,46,12,ATTILI,VELPURU HALT,19,1426,True,False,False
77241,99,21,ATTILI,VIRAVASARAM,21,1373,False,False,True
77242,68,15,ATTILI,VENDRA HALT,5,26,False,True,False
77243,49,12,ATTILI,VENDRA HALT,18,1417,True,False,False
77244,46,9,ATTILI,VENDRA HALT,22,24,False,False,True
77245,25,5,ANGALAKUDURU,VEJANDLA,21,1426,False,False,True
77246,33,7,BHATTIPROLU,VEMURU HALT,23,1425,False,False,True
77247,33,6,BHATTIPROLU,VEMURU HALT,4,12,False,True,False
77248,169,23,ANGALAKUDURU,VELLALCHERUV,5,130,False,True,False
77249,143,19,CHEEKATEEGAL,VELLALCHERUV,11,31,False,True,False
77250,25,5,ANGALAKUDURU,VEJANDLA,14,1426,False,False,False
77251,141,14,CINTALPALLI,WARANGAL,10,1418,False,True,False
77252,144,14,CINTALPALLI,WARANGAL,15,34,False,False,False
77253,145,13,BONA KALU,ERRUPALEM,14,54,False,False,False
77254,146,14,BONA KALU,ERRUPALEM,11,1399,False,True,False
77255,142,14,ASIFABAD ROA,SULTANABAD H,9,1345,False,True,False
77256,144,14,ASIFABAD ROA,SULTANABAD H,11,119,False,True,False
77257,83,5,GANGADHARA,SULTANABAD H,19,109,True,False,False
77258,83,5,GANGADHARA,SULTANABAD H,21,1329,False,False,True
77259,148,8,ARMOOR,NIZAMABAD,5,1409,False,True,False
77260,148,8,ARMOOR,NIZAMABAD,18,55,True,False,False
77261,81,18,VIJAYWADA JN,VENTRAPRAGAD,8,81,False,True,False
77262,81,18,VIJAYWADA JN,VENTRAPRAGAD,14,1379,False,False,False
77263,44,9,VIJAYWADA JN,UPPALUR,17,30,True,False,False
77264,94,19,AKIVIDU,VIRAVASARAM,19,82,True,False,False
77265,76,11,ATTILI,VENDRA HALT,5,1416,False,True,False
77266,46,12,ATTILI,VELPURU HALT,8,1427,False,True,False
77267,65,13,AKIVIDU,UNDI,16,1414,False,False,False
77268,44,9,VIJAYWADA JN,UPPALUR,20,1383,True,False,False
77269,81,18,VIJAYWADA JN,VENTRAPRAGAD,21,64,False,False,True
77270,81,18,VIJAYWADA JN,VENTRAPRAGAD,7,1368,False,True,False
77271,44,12,ARTALAKATTA,VAKADA HALT,9,14,False,True,False
77272,44,12,ARTALAKATTA,VAKADA HALT,13,1424,False,False,False
77273,47,3,GANGADHARA,JAGITYAL,7,1405,False,True,False
77274,47,3,GANGADHARA,JAGITYAL,15,70,False,False,False
77281,31,8,VIJAYWADA JN,TENALI JN.,9,50,False,True,False
77282,25,5,ANGALAKUDURU,VEJANDLA,10,12,False,True,False
77283,32,6,VIJAYWADA JN,PEDAKAKANI H,13,1382,False,False,False
77284,32,6,VIJAYWADA JN,PEDAKAKANI H,15,43,False,False,False
77285,25,5,ANGALAKUDURU,VEJANDLA,17,1426,True,False,False
77286,31,8,VIJAYWADA JN,TENALI JN.,19,1380,True,False,False
77287,31,8,VIJAYWADA JN,TENALI JN.,19,50,True,False,False
77288,25,5,ANGALAKUDURU,VEJANDLA,20,13,True,False,False
77289,32,6,VIJAYWADA JN,PEDAKAKANI H,22,1382,False,False,True
77290,25,5,ANGALAKUDURU,VEJANDLA,15,13,False,False,False
77291,177,23,BHADRACHALAM,ERRUPALEM,13,197,False,False,False
77292,178,25,BHADRACHALAM,ERRUPALEM,12,1209,False,False,False
77293,70,17,ATTILI,VELPURU HALT,15,11,False,False,False
77294,98,25,ATTILI,VIRAVASARAM,9,71,False,True,False
77295,171,36,AKIVIDU,VIRAVASARAM,14,1364,False,False,False
77297,130,17,BANDARUPALLE,TUMMALACHERU,18,102,True,False,False
77298,272,45,AKIVIDU,VENTRAPRAGAD,13,1326,False,False,False
77401,161,12,BANAGALAPALL,YERRA GUNTLA,6,126,False,True,False
77402,161,12,BANAGALAPALL,YERRA GUNTLA,14,1309,False,False,False
77403,161,12,BANAGALAPALL,YERRA GUNTLA,16,126,False,False,False
77404,161,12,BANAGALAPALL,YERRA GUNTLA,22,1309,False,False,True
77405,14,3,GANGANPALLE,PENDLIMARRI,10,20,False,True,False
77406,14,3,GANGANPALLE,PENDLIMARRI,11,1430,False,True,False
77414,121,13,BOGOLU,VELDURTI,6,10,False,True,False
77415,122,15,BOGOLU,VELDURTI,8,1428,False,True,False
77416,49,9,BELLARY JN.,VIRAPUR,13,1399,False,False,False
77417,50,9,BELLARY JN.,VIRAPUR,14,24,False,False,False
77418,197,22,ANANTAPUR,ZANGALAPALLE,17,18,True,False,False
77419,197,21,ANANTAPUR,ZANGALAPALLE,9,1409,False,True,False
77601,26,14,ALWAL HALT,SAFILGUDA HA,4,1426,False,True,False
77602,39,23,ALWAL HALT,YAKUT PURA,6,55,False,True,False
77603,40,17,ALWAL HALT,SAFILGUDA HA,6,1426,False,True,False
77604,25,20,ALWAL HALT,YAKUT PURA,8,42,False,True,False
77605,27,21,ALWAL HALT,YAKUT PURA,7,1383,False,True,False
77606,40,17,ALWAL HALT,SAFILGUDA HA,9,12,False,True,False
77607,26,14,ALWAL HALT,SAFILGUDA HA,10,1426,False,True,False
77608,26,14,ALWAL HALT,SAFILGUDA HA,12,13,False,False,False
77609,53,26,ALWAL HALT,YAKUT PURA,11,1373,False,True,False
77610,40,17,ALWAL HALT,SAFILGUDA HA,13,11,False,False,False
77611,13,11,ALWAL HALT,SAFILGUDA HA,13,1426,False,False,False
77612,13,11,ALWAL HALT,SAFILGUDA HA,15,12,False,False,False
77613,40,17,ALWAL HALT,SAFILGUDA HA,15,1426,False,False,False
77614,40,17,ALWAL HALT,SAFILGUDA HA,17,17,True,False,False
77615,26,14,ALWAL HALT,SAFILGUDA HA,17,1426,True,False,False
77616,26,14,ALWAL HALT,SAFILGUDA HA,19,14,True,False,False
77617,40,17,ALWAL HALT,SAFILGUDA HA,18,1428,True,False,False
77618,40,17,ALWAL HALT,SAFILGUDA HA,20,15,True,False,False
77619,26,14,ALWAL HALT,SAFILGUDA HA,21,1421,False,False,True
77622,52,7,DEVARKADRE,MARIKAL,1,16,False,False,True
77623,52,7,DEVARKADRE,MARIKAL,5,1419,False,True,False
77630,27,14,ARTS COLLAGE,YAKUT PURA,4,15,False,True,False
77631,13,4,BUDVEL,UMDANAGAR,9,15,False,True,False
77632,13,4,BUDVEL,UMDANAGAR,12,14,False,False,False
77633,13,4,BUDVEL,UMDANAGAR,14,7,False,False,False
77634,13,4,BUDVEL,UMDANAGAR,17,9,True,False,False
77635,13,4,BUDVEL,UMDANAGAR,18,25,True,False,False
77638,13,4,BUDVEL,UMDANAGAR,20,9,True,False,False
77640,13,4,BUDVEL,UMDANAGAR,6,1431,False,True,False
77641,13,4,BUDVEL,UMDANAGAR,9,1433,False,True,False
77642,13,4,BUDVEL,UMDANAGAR,14,1431,False,False,False
77643,13,4,BUDVEL,UMDANAGAR,15,1431,False,False,False
77645,27,14,ARTS COLLAGE,YAKUT PURA,18,1423,True,False,False
77647,13,4,BUDVEL,UMDANAGAR,20,230,True,False,False
77649,27,14,ARTS COLLAGE,YAKUT PURA,0,1423,False,False,True
77651,108,8,BIDAR,SULTANPUR,6,210,False,True,False
77652,108,8,BIDAR,SULTANPUR,14,1229,False,False,False
77653,52,4,BIDAR,KHANAPUR,13,13,False,False,False
77654,52,4,BIDAR,KHANAPUR,16,1405,False,False,False
77655,108,8,BIDAR,SULTANPUR,14,210,False,False,False
77656,108,8,BIDAR,SULTANPUR,22,1229,False,False,True
77657,253,19,ANKAI,TARUR,9,1357,False,True,False
77658,253,19,ANKAI,TARUR,16,95,False,False,False
77671,105,17,BALANAGAR,YENUGONDA HA,23,37,False,False,True
77672,105,21,BALANAGAR,YENUGONDA HA,7,1397,False,True,False
77673,154,18,ARTS COLLAGE,VALI GONDA,21,1294,False,False,True
77674,154,18,ARTS COLLAGE,VALI GONDA,9,83,False,True,False
77675,154,17,ARTS COLLAGE,VALI GONDA,19,99,True,False,False
77676,59,6,MIRYALAGUDA,VISHNUPURAM,23,24,False,False,True
77677,59,6,MIRYALAGUDA,VISHNUPURAM,5,1417,False,True,False
77678,154,17,ARTS COLLAGE,VALI GONDA,9,1320,False,True,False
77679,39,23,ALWAL HALT,YAKUT PURA,9,1378,False,True,False
77680,39,23,ALWAL HALT,YAKUT PURA,11,41,False,True,False
77681,39,23,ALWAL HALT,YAKUT PURA,14,1385,False,False,False
77682,39,23,ALWAL HALT,YAKUT PURA,17,42,True,False,False
77683,151,14,AURANGABAD,TARUR,6,99,False,True,False
77684,151,14,AURANGABAD,TARUR,19,1356,True,False,False
77689,57,5,CANDRABANDA,RAICHUR,15,45,False,False,False
77690,57,5,CANDRABANDA,RAICHUR,13,1415,False,False,False
77691,151,14,AURANGABAD,TARUR,15,64,False,False,False
77693,237,22,BALANAGAR,WANPARTI ROA,7,109,False,True,False
77694,237,21,BALANAGAR,WANPARTI ROA,20,1359,True,False,False
77695,129,14,BUGGANAPALLI,VELDURTI,6,112,False,True,False
77696,129,14,BUGGANAPALLI,VELDURTI,20,1330,True,False,False
78009,55,8,BARIPADA PH,BHANJPUR,23,10,False,False,True
78010,55,8,BARIPADA PH,BHANJPUR,3,1433,False,False,True
78011,55,8,BARIPADA PH,BHANJPUR,7,10,False,True,False
78012,72,11,BALASORE,BHANJPUR,9,1330,False,True,False
78013,69,10,BALASORE,TIKIRAPAL PH,10,6,False,True,False
78014,17,5,BANGRIPOSI,BHANJPUR,12,39,False,False,False
78015,17,5,BANGRIPOSI,BHANJPUR,12,1397,False,False,False
78016,69,10,BALASORE,TIKIRAPAL PH,15,1430,False,False,False
78017,69,10,BALASORE,TIKIRAPAL PH,15,4,False,False,False
78018,17,5,BANGRIPOSI,BHANJPUR,18,39,True,False,False
78019,17,5,BANGRIPOSI,BHANJPUR,17,1392,True,False,False
78020,51,7,BARIPADA PH,THAKURTOLA P,19,59,True,False,False
78031,116,9,BAHALDA ROAD,TATANAGAR JN,7,1332,False,True,False
78032,116,9,BAHALDA ROAD,TATANAGAR JN,13,116,False,False,False
78033,147,19,ADITYAPUR,TATANAGAR JN,15,1431,False,False,False
78034,147,19,ADITYAPUR,TATANAGAR JN,22,18,False,False,True
78051,113,26,BRINDABANPUR,SEHARA BAZAR,6,1349,False,True,False
78052,113,26,BRINDABANPUR,SEHARA BAZAR,5,86,False,True,False
78053,113,26,BRINDABANPUR,SEHARA BAZAR,10,1354,False,True,False
78054,113,26,BRINDABANPUR,SEHARA BAZAR,9,91,False,True,False
78055,113,26,BRINDABANPUR,SEHARA BAZAR,14,1349,False,False,False
78056,113,26,BRINDABANPUR,SEHARA BAZAR,13,86,False,False,False
78057,40,8,BRINDABANPUR,SONAMUKHI PH,17,1422,True,False,False
78058,40,8,BRINDABANPUR,SONAMUKHI PH,16,22,False,False,False
78059,113,26,BRINDABANPUR,SEHARA BAZAR,19,1349,True,False,False
78060,113,26,BRINDABANPUR,SEHARA BAZAR,18,86,True,False,False
78061,113,26,BRINDABANPUR,SEHARA BAZAR,23,1358,False,False,True
78101,96,15,BONDAMUNDA J,TUNIA,6,1356,False,True,False
78102,96,15,BONDAMUNDA J,TUNIA,17,84,True,False,False
78103,150,23,BAGDIHI,TANGARMUNDA,8,1416,False,True,False
78104,150,23,BAGDIHI,TANGARMUNDA,13,22,False,False,False
78502,27,8,BHUBANESWAR,PATIA HALT,9,18,False,True,False
78503,165,28,ARGUL,TAPANG,18,18,True,False,False
78504,165,28,ARGUL,TAPANG,8,1421,False,True,False
78505,73,10,BERHAMPUR,SUMMA DEVI,22,83,False,False,True
78511,16,4,NARAYANAPPAV,BOBBILI JN.,6,1062,False,True,False
78512,16,4,NARAYANAPPAV,BOBBILI JN.,7,14,False,True,False
78513,16,4,NARAYANAPPAV,BOBBILI JN.,7,967,False,True,False
78514,16,4,NARAYANAPPAV,BOBBILI JN.,8,14,False,True,False
78515,16,4,NARAYANAPPAV,BOBBILI JN.,10,797,False,True,False
78516,16,4,NARAYANAPPAV,BOBBILI JN.,11,14,False,True,False
78517,16,4,NARAYANAPPAV,BOBBILI JN.,15,497,False,False,False
78518,16,4,NARAYANAPPAV,BOBBILI JN.,16,14,False,False,False
78519,16,4,NARAYANAPPAV,BOBBILI JN.,17,397,True,False,False
78520,16,4,NARAYANAPPAV,BOBBILI JN.,18,14,True,False,False
78531,60,10,ALAMANDA,VIZIANAGARAM,8,912,False,True,False
78534,142,18,BATUVA. P.H.,VIZIANAGARAM,21,178,False,False,True
78801,89,16,BIRSOAL,WARASEONI,4,65,False,True,False
78802,87,16,BIRSOAL,WARASEONI,9,1369,False,True,False
78803,89,16,BIRSOAL,WARASEONI,9,85,False,True,False
78804,87,16,BIRSOAL,WARASEONI,13,1366,False,False,False
78805,89,16,BIRSOAL,WARASEONI,15,70,False,False,False
78806,87,16,BIRSOAL,WARASEONI,19,1371,True,False,False
78807,60,12,BIRSOAL,WARASEONI,18,80,True,False,False
78808,58,12,BIRSOAL,WARASEONI,21,1374,False,False,True
78809,89,16,BIRSOAL,WARASEONI,22,74,False,False,True
78810,87,16,BIRSOAL,WARASEONI,7,1366,False,True,False
78811,47,9,CHICHOLI,TIRODI,4,60,False,True,False
78812,46,9,CHICHOLI,TIRODI,6,1399,False,True,False
78813,47,9,CHICHOLI,TIRODI,10,60,False,True,False
78814,46,9,CHICHOLI,TIRODI,12,664,False,False,False
78815,149,19,BHILAI,SARONA,9,1421,False,True,False
78816,129,18,BHILAI,SARONA,8,22,False,True,False
78817,89,10,BALOD,SIKOSA,22,1414,False,False,True
78818,104,11,BALOD,SIKOSA,14,18,False,False,False
78819,249,28,ARJUNI,WADSA,22,1405,False,False,True
78820,249,28,ARJUNI,WADSA,11,29,False,True,False
78821,89,16,BIRSOAL,WARASEONI,12,90,False,False,False
78822,87,16,BIRSOAL,WARASEONI,17,1353,True,False,False
78824,89,10,BALOD,SIKOSA,17,1413,True,False,False
78825,87,10,BALOD,SIKOSA,18,18,True,False,False
78826,87,10,BALOD,SIKOSA,7,18,False,True,False
78827,89,10,BALOD,SIKOSA,10,1413,False,True,False
79301,242,26,BHILWARA,SONIYANA,0,1384,False,False,True
79302,242,26,BHILWARA,SONIYANA,2,47,False,False,True
79303,188,19,BISLAWASKALA,SAMBHUPURA,12,43,False,False,False
79304,188,18,BISLAWASKALA,SAMBHUPURA,15,1390,False,False,False
79305,139,20,AJNOD,SUNDERABAD,9,61,False,True,False
79306,139,20,AJNOD,SUNDERABAD,14,1378,False,False,False
79307,21,6,MHOW,Saifee Nagar,16,41,False,False,False
79308,21,6,MHOW,Saifee Nagar,18,1389,True,False,False
79309,139,20,AJNOD,SUNDERABAD,20,87,True,False,False
79310,139,20,AJNOD,SUNDERABAD,7,1378,False,True,False
79311,21,6,MHOW,Saifee Nagar,10,41,False,True,False
79312,21,6,MHOW,Saifee Nagar,12,1389,False,False,False
79313,139,20,AJNOD,SUNDERABAD,15,61,False,False,False
79314,139,20,AJNOD,SUNDERABAD,11,1378,False,True,False
79315,21,6,MHOW,Saifee Nagar,21,41,False,False,True
79316,21,6,MHOW,Saifee Nagar,23,1389,False,False,True
79317,139,20,AJNOD,SUNDERABAD,7,74,False,True,False
79318,139,20,AJNOD,SUNDERABAD,20,1375,True,False,False
79319,21,6,MHOW,Saifee Nagar,15,1389,False,False,False
79320,21,6,MHOW,Saifee Nagar,13,41,False,False,False
79321,21,6,MHOW,Saifee Nagar,18,1389,True,False,False
79322,21,6,MHOW,Saifee Nagar,16,41,False,False,False
79323,21,6,MHOW,Saifee Nagar,21,1389,False,False,True
79324,21,6,MHOW,Saifee Nagar,19,41,True,False,False
79325,21,6,MHOW,Saifee Nagar,23,1389,False,False,True
79326,21,6,MHOW,Saifee Nagar,21,41,False,False,True
79413,51,13,AGAS,YAWARPURA,13,53,False,False,False
79414,51,13,AGAS,YAWARPURA,14,1397,False,False,False
79415,51,13,AGAS,YAWARPURA,11,54,False,True,False
79416,51,13,AGAS,YAWARPURA,12,1397,False,False,False
79417,51,13,AGAS,YAWARPURA,7,46,False,True,False
79418,51,13,AGAS,YAWARPURA,7,1388,False,True,False
79419,51,13,AGAS,YAWARPURA,18,46,True,False,False
79420,51,13,AGAS,YAWARPURA,18,1388,True,False,False
79421,51,13,AGAS,YAWARPURA,5,45,False,True,False
79422,51,13,AGAS,YAWARPURA,10,1388,False,True,False
79423,51,13,AGAS,YAWARPURA,15,53,False,False,False
79424,51,13,AGAS,YAWARPURA,21,1388,False,False,True
79425,51,13,AGAS,YAWARPURA,9,46,False,True,False
79426,51,13,AGAS,YAWARPURA,16,1397,False,False,False
79427,51,13,AGAS,YAWARPURA,20,46,True,False,False
79428,51,13,AGAS,YAWARPURA,5,1388,False,True,False
79429,63,5,AHMEDABAD,NADIAD JN.,0,1344,False,False,True
79430,63,5,AHMEDABAD,NADIAD JN.,1,58,False,False,True
79431,68,10,AHMEDABAD,AMBLIYASAN J,15,71,False,False,False
79432,68,10,AHMEDABAD,AMBLIYASAN J,10,1320,False,True,False
79433,109,15,AHMEDABAD,AMBLIYASAN J,18,70,True,False,False
79434,109,15,AHMEDABAD,AMBLIYASAN J,8,1333,False,True,False
79435,109,15,AHMEDABAD,AMBLIYASAN J,10,68,False,True,False
79436,109,15,AHMEDABAD,AMBLIYASAN J,16,1345,False,False,False
79437,118,17,ABU ROAD,UMERDASHI,20,1308,True,False,False
79438,117,17,ABU ROAD,UMERDASHI,5,97,False,True,False
79441,28,5,MAKANSAR,WANKANER,7,1420,False,True,False
79442,28,5,MAKANSAR,WANKANER,8,19,False,True,False
79443,28,5,MAKANSAR,WANKANER,9,1420,False,True,False
79444,28,5,MAKANSAR,WANKANER,13,25,False,False,False
79445,98,14,AMARSAR,WANKANER CIT,19,1427,True,False,False
79446,28,5,MAKANSAR,WANKANER,17,25,True,False,False
79447,28,5,MAKANSAR,WANKANER,19,1420,True,False,False
79448,28,6,DHUVA,WANKANER,20,17,True,False,False
79449,47,7,BARWALAROAD,VAVANIYA,10,30,False,True,False
79450,47,7,BARWALAROAD,VAVANIYA,13,1408,False,False,False
79451,28,5,MAKANSAR,WANKANER,22,1420,False,False,True
79452,28,5,MAKANSAR,WANKANER,6,25,False,True,False
79453,28,5,MAKANSAR,WANKANER,12,1420,False,False,False
79454,98,16,AMARSAR,WANKANER CIT,8,8,False,True,False
79455,105,19,AMALPUR,VADHVANA,12,1434,False,False,False
79456,105,19,AMALPUR,VADHVANA,17,3,True,False,False
79457,36,2,DHRANGADHRA,SURENDRANAGA,9,1380,False,True,False
79458,36,2,DHRANGADHRA,SURENDRANAGA,9,60,False,True,False
79459,36,2,DHRANGADHRA,SURENDRANAGA,18,1380,True,False,False
79460,36,2,DHRANGADHRA,SURENDRANAGA,19,60,True,False,False
79481,39,2,ADRAJ MOTI,VIJAPUR,0,0,False,False,True
79482,39,2,ADRAJ MOTI,VIJAPUR,10,105,False,True,False
79483,39,2,ADRAJ MOTI,VIJAPUR,0,0,False,False,True
79484,39,2,ADRAJ MOTI,VIJAPUR,18,110,True,False,False
79485,1,2,AMBLIYASAN J,VIJAPUR,0,0,False,False,True
79486,1,2,AMBLIYASAN J,VIJAPUR,9,110,False,True,False
79487,1,2,AMBLIYASAN J,VIJAPUR,0,0,False,False,True
79488,1,2,AMBLIYASAN J,VIJAPUR,14,110,False,False,False
79489,1,2,AMBLIYASAN J,VIJAPUR,0,0,False,False,True
79490,1,2,AMBLIYASAN J,VIJAPUR,18,110,True,False,False
82355,1712,7,CHHEOKI,SATNA,18,210,True,False,False
82601,649,11,CHENGALPATTU,VIRUDUNAGAR,22,540,False,False,True
82606,649,15,CHENGALPATTU,VRIDHA CHALA,2,1233,False,False,True
82631,695,13,ARAKKONAM JN,TIRUPPUR,21,365,False,False,True
82635,849,18,ARAKKONAM JN,TIRUPPUR,23,336,False,False,True
82651,3211,22,ARSIKERE JN.,YESVANTPUR J,13,1315,False,False,False
82652,3212,22,ARSIKERE JN.,YESVANTPUR J,11,220,False,True,False
82653,2440,22,AJMER JN.,YESVANTPUR J,4,420,False,True,False
82654,2440,18,AJMER JN.,YESVANTPUR J,0,1060,False,False,True
82665,668,15,ARSIKERE JN.,YESVANTPUR J,21,1361,False,False,True
82666,663,15,ARSIKERE JN.,YESVANTPUR J,1,102,False,False,True
90540,60,2,CHURCHGATE,VIRAR,0,0,False,False,True
90981,59,2,CHURCHGATE,VIRAR,19,86,True,False,False
91392,10,2,CST-MUMBAI,RAVLI JN,0,0,False,False,True
91393,10,2,CST-MUMBAI,RAVLI JN,12,20,False,False,False
91394,10,2,CST-MUMBAI,RAVLI JN,0,0,False,False,True
91395,10,2,CST-MUMBAI,RAVLI JN,14,20,False,False,False
91396,10,2,CST-MUMBAI,RAVLI JN,0,0,False,False,True
91491,10,2,CST-MUMBAI,RAVLI JN,20,20,True,False,False
93001,63,2,DAHANU ROAD,VIRAR,6,1365,False,True,False
93002,101,2,ANDHERI,DAHANU ROAD,7,1326,False,True,False
93003,63,2,DAHANU ROAD,VIRAR,6,1362,False,True,False
93004,63,2,DAHANU ROAD,VIRAR,7,80,False,True,False
93005,123,2,CHURCHGATE,DAHANU ROAD,4,152,False,True,False
93006,123,2,CHURCHGATE,DAHANU ROAD,9,1276,False,True,False
93007,123,2,CHURCHGATE,DAHANU ROAD,5,176,False,True,False
93008,89,2,BORIVLI,DAHANU ROAD,10,1327,False,True,False
93009,101,2,ANDHERI,DAHANU ROAD,7,132,False,True,False
93010,63,2,DAHANU ROAD,VIRAR,9,75,False,True,False
93011,63,2,DAHANU ROAD,VIRAR,10,1355,False,True,False
93012,63,2,DAHANU ROAD,VIRAR,10,75,False,True,False
93013,89,2,BORIVLI,DAHANU ROAD,10,109,False,True,False
93014,63,2,DAHANU ROAD,VIRAR,11,75,False,True,False
93015,123,2,CHURCHGATE,DAHANU ROAD,10,172,False,True,False
93016,123,2,CHURCHGATE,DAHANU ROAD,15,1285,False,False,False
93017,63,2,DAHANU ROAD,VIRAR,13,1360,False,False,False
93018,63,2,DAHANU ROAD,VIRAR,13,75,False,False,False
93019,63,2,DAHANU ROAD,VIRAR,13,1360,False,False,False
93020,113,2,DADAR,DAHANU ROAD,16,1307,False,False,False
93021,63,2,DAHANU ROAD,VIRAR,14,1360,False,False,False
93022,113,2,DADAR,DAHANU ROAD,17,1293,True,False,False
93023,63,2,DAHANU ROAD,VIRAR,16,1340,False,False,False
93024,63,2,DAHANU ROAD,VIRAR,17,75,True,False,False
93025,123,2,CHURCHGATE,DAHANU ROAD,15,163,False,False,False
93026,123,2,CHURCHGATE,DAHANU ROAD,20,1281,True,False,False
93027,113,2,DADAR,DAHANU ROAD,16,148,False,False,False
93028,123,2,CHURCHGATE,DAHANU ROAD,21,1274,False,False,True
93029,113,2,DADAR,DAHANU ROAD,18,145,True,False,False
93030,123,2,CHURCHGATE,DAHANU ROAD,22,1288,False,False,True
93031,63,8,BOISAR,VAITARNA,21,1405,False,False,True
93032,63,2,DAHANU ROAD,VIRAR,20,75,True,False,False
93033,123,2,CHURCHGATE,DAHANU ROAD,20,158,True,False,False
93034,63,9,BOISAR,VAITARNA,22,33,False,False,True
93101,63,9,BOISAR,VAITARNA,6,1403,False,True,False
93102,63,9,BOISAR,VAITARNA,7,33,False,True,False
93103,123,17,ANDHERI,VAITARNA,5,53,False,True,False
93104,63,9,BOISAR,VAITARNA,9,33,False,True,False
93105,63,9,BOISAR,VAITARNA,9,1405,False,True,False
93109,63,9,BOISAR,VAITARNA,14,1404,False,False,False
95001,49,10,AMBERNATH,VITHALWADI,8,1433,False,True,False
95002,49,8,AMBERNATH,VANGANI,7,1423,False,True,False
95003,49,10,AMBERNATH,VITHALWADI,13,1433,False,False,False
95004,49,8,AMBERNATH,VANGANI,6,1423,False,True,False
95005,49,10,AMBERNATH,VITHALWADI,16,1432,False,False,False
95006,49,8,AMBERNATH,VANGANI,9,1423,False,True,False
95007,49,10,AMBERNATH,VITHALWADI,18,1433,True,False,False
95008,49,8,AMBERNATH,VANGANI,14,1423,False,False,False
95009,49,10,AMBERNATH,VITHALWADI,21,1433,False,False,True
95010,49,8,AMBERNATH,VANGANI,17,1423,True,False,False
95011,49,10,AMBERNATH,VITHALWADI,23,1433,False,False,True
95012,49,8,AMBERNATH,VANGANI,19,1423,True,False,False
95013,49,8,AMBERNATH,VANGANI,0,15,False,False,True
95101,46,9,AMBERNATH,VITHALWADI,7,1432,False,True,False
95102,46,7,AMBERNATH,VANGANI,5,1423,False,True,False
95103,46,9,AMBERNATH,VITHALWADI,8,1431,False,True,False
95104,46,7,AMBERNATH,VANGANI,6,1423,False,True,False
95105,46,9,AMBERNATH,VITHALWADI,9,1433,False,True,False
95106,46,7,AMBERNATH,VANGANI,7,1423,False,True,False
95107,46,9,AMBERNATH,VITHALWADI,10,1433,False,True,False
95108,46,7,AMBERNATH,VANGANI,7,1423,False,True,False
95109,46,9,AMBERNATH,VITHALWADI,10,1433,False,True,False
95110,46,7,AMBERNATH,VANGANI,7,1423,False,True,False
95111,46,9,AMBERNATH,VITHALWADI,11,1433,False,True,False
95112,46,7,AMBERNATH,VANGANI,8,1423,False,True,False
95113,46,9,AMBERNATH,VITHALWADI,12,1433,False,False,False
95114,46,7,AMBERNATH,VANGANI,9,1423,False,True,False
95115,46,9,AMBERNATH,VITHALWADI,14,1433,False,False,False
95116,46,7,AMBERNATH,VANGANI,10,1423,False,True,False
95117,46,9,AMBERNATH,VITHALWADI,14,1433,False,False,False
95118,46,7,AMBERNATH,VANGANI,11,1423,False,True,False
95119,46,9,AMBERNATH,VITHALWADI,16,1433,False,False,False
95120,46,7,AMBERNATH,VANGANI,11,1423,False,True,False
95121,46,9,AMBERNATH,VITHALWADI,17,1433,True,False,False
95122,46,7,AMBERNATH,VANGANI,12,1423,False,False,False
95123,46,9,AMBERNATH,VITHALWADI,17,1433,True,False,False
95124,46,7,AMBERNATH,VANGANI,13,1423,False,False,False
95125,46,9,AMBERNATH,VITHALWADI,19,1433,True,False,False
95126,46,7,AMBERNATH,VANGANI,14,1423,False,False,False
95127,46,9,AMBERNATH,VITHALWADI,20,1432,True,False,False
95128,46,7,AMBERNATH,VANGANI,16,1423,False,False,False
95129,46,9,AMBERNATH,VITHALWADI,21,1433,False,False,True
95130,46,7,AMBERNATH,VANGANI,16,1423,False,False,False
95131,46,9,AMBERNATH,VITHALWADI,22,1433,False,False,True
95132,46,7,AMBERNATH,VANGANI,18,1423,True,False,False
95134,46,7,AMBERNATH,VANGANI,18,1423,True,False,False
95136,46,7,AMBERNATH,VANGANI,19,1423,True,False,False
95138,46,7,AMBERNATH,VANGANI,20,1423,True,False,False
95140,46,7,AMBERNATH,VANGANI,21,1423,False,False,True
95142,46,7,AMBERNATH,VANGANI,21,1423,False,False,True
95144,46,7,AMBERNATH,VANGANI,22,1423,False,False,True
95201,14,5,AMBERNATH,VITHALWADI,7,1433,False,True,False
95202,14,3,AMBERNATH,KALYAN JN,7,10,False,True,False
95203,14,5,AMBERNATH,VITHALWADI,8,1431,False,True,False
95204,14,3,AMBERNATH,KALYAN JN,8,10,False,True,False
95205,14,5,AMBERNATH,VITHALWADI,9,1433,False,True,False
95206,14,3,AMBERNATH,KALYAN JN,9,10,False,True,False
95207,14,5,AMBERNATH,VITHALWADI,10,1433,False,True,False
95208,14,3,AMBERNATH,KALYAN JN,10,11,False,True,False
95209,14,5,AMBERNATH,VITHALWADI,10,1433,False,True,False
95210,14,3,AMBERNATH,KALYAN JN,19,10,True,False,False
95211,14,5,AMBERNATH,VITHALWADI,10,1433,False,True,False
95212,14,3,AMBERNATH,KALYAN JN,19,11,True,False,False
95213,14,5,AMBERNATH,VITHALWADI,10,1433,False,True,False
95214,14,3,AMBERNATH,KALYAN JN,8,11,False,True,False
95215,14,5,AMBERNATH,VITHALWADI,11,1433,False,True,False
95216,14,3,AMBERNATH,KALYAN JN,13,11,False,False,False
95217,14,5,AMBERNATH,VITHALWADI,11,1432,False,True,False
95218,14,3,AMBERNATH,KALYAN JN,14,10,False,False,False
95219,14,5,AMBERNATH,VITHALWADI,11,1433,False,True,False
95220,14,3,AMBERNATH,KALYAN JN,15,10,False,False,False
95221,14,5,AMBERNATH,VITHALWADI,13,1433,False,False,False
95222,14,3,AMBERNATH,KALYAN JN,15,10,False,False,False
95223,14,5,AMBERNATH,VITHALWADI,15,1432,False,False,False
95224,14,3,AMBERNATH,KALYAN JN,16,10,False,False,False
95225,14,5,AMBERNATH,VITHALWADI,15,1433,False,False,False
95226,14,3,AMBERNATH,KALYAN JN,17,10,True,False,False
95227,14,5,AMBERNATH,VITHALWADI,17,1433,True,False,False
95228,14,3,AMBERNATH,KALYAN JN,17,10,True,False,False
95229,14,5,AMBERNATH,VITHALWADI,17,1432,True,False,False
95230,14,3,AMBERNATH,KALYAN JN,18,11,True,False,False
95231,14,5,AMBERNATH,VITHALWADI,18,1433,True,False,False
95232,14,3,AMBERNATH,KALYAN JN,20,10,True,False,False
95233,14,5,AMBERNATH,VITHALWADI,19,1433,True,False,False
95234,14,3,AMBERNATH,KALYAN JN,20,12,True,False,False
95235,14,5,AMBERNATH,VITHALWADI,19,1433,True,False,False
95236,14,3,AMBERNATH,KALYAN JN,21,10,False,False,True
95237,14,5,AMBERNATH,VITHALWADI,20,1433,True,False,False
95239,14,5,AMBERNATH,VITHALWADI,20,1433,True,False,False
95241,14,5,AMBERNATH,VITHALWADI,23,1432,False,False,True
95301,6,4,AMBERNATH,VITHALWADI,9,1431,False,True,False
95302,6,2,AMBERNATH,KALYAN JN,7,12,False,True,False
95303,6,4,AMBERNATH,VITHALWADI,10,1431,False,True,False
95304,6,2,AMBERNATH,KALYAN JN,7,12,False,True,False
95305,6,4,AMBERNATH,VITHALWADI,10,1431,False,True,False
95306,6,2,AMBERNATH,KALYAN JN,7,12,False,True,False
95307,6,4,AMBERNATH,VITHALWADI,11,1431,False,True,False
95308,6,2,AMBERNATH,KALYAN JN,8,12,False,True,False
95309,6,4,AMBERNATH,VITHALWADI,11,1430,False,True,False
95310,6,2,AMBERNATH,KALYAN JN,8,12,False,True,False
95311,6,4,AMBERNATH,VITHALWADI,11,1430,False,True,False
95312,6,2,AMBERNATH,KALYAN JN,8,12,False,True,False
95313,6,4,AMBERNATH,VITHALWADI,12,1431,False,False,False
95314,6,2,AMBERNATH,KALYAN JN,9,12,False,True,False
95315,6,4,AMBERNATH,VITHALWADI,12,1431,False,False,False
95316,6,2,AMBERNATH,KALYAN JN,10,12,False,True,False
95317,6,4,AMBERNATH,VITHALWADI,17,1432,True,False,False
95318,6,2,AMBERNATH,KALYAN JN,11,13,False,True,False
95319,6,4,AMBERNATH,VITHALWADI,18,1431,True,False,False
95320,6,2,AMBERNATH,KALYAN JN,19,12,True,False,False
95321,6,4,AMBERNATH,VITHALWADI,18,1432,True,False,False
95322,6,2,AMBERNATH,KALYAN JN,15,12,False,False,False
95323,6,4,AMBERNATH,VITHALWADI,19,1431,True,False,False
95324,6,2,AMBERNATH,KALYAN JN,14,12,False,False,False
95325,6,4,AMBERNATH,VITHALWADI,19,1431,True,False,False
95326,6,2,AMBERNATH,KALYAN JN,15,12,False,False,False
95327,6,4,AMBERNATH,VITHALWADI,20,1430,True,False,False
95328,6,2,AMBERNATH,KALYAN JN,16,12,False,False,False
95329,6,4,AMBERNATH,VITHALWADI,20,1431,True,False,False
95330,6,2,AMBERNATH,KALYAN JN,16,12,False,False,False
95331,6,4,AMBERNATH,VITHALWADI,20,1431,True,False,False
95332,6,2,AMBERNATH,KALYAN JN,17,12,True,False,False
95334,6,2,AMBERNATH,KALYAN JN,17,14,True,False,False
95336,6,2,AMBERNATH,KALYAN JN,20,13,True,False,False
95338,6,2,AMBERNATH,KALYAN JN,20,13,True,False,False
95340,6,2,AMBERNATH,KALYAN JN,18,13,True,False,False
95342,6,2,AMBERNATH,KALYAN JN,18,12,True,False,False
95401,67,12,AMBIVLI,VASIND,8,20,False,True,False
95402,67,10,ASANGAON,VASIND,6,5,False,True,False
95403,67,12,AMBIVLI,VASIND,9,19,False,True,False
95404,67,10,ASANGAON,VASIND,7,5,False,True,False
95405,67,12,AMBIVLI,VASIND,10,19,False,True,False
95406,67,10,ASANGAON,VASIND,7,5,False,True,False
95407,67,12,AMBIVLI,VASIND,11,19,False,True,False
95408,67,10,ASANGAON,VASIND,8,5,False,True,False
95409,67,12,AMBIVLI,VASIND,12,19,False,False,False
95410,67,10,ASANGAON,VASIND,10,5,False,True,False
95411,67,12,AMBIVLI,VASIND,13,19,False,False,False
95412,67,10,ASANGAON,VASIND,11,5,False,True,False
95413,67,12,AMBIVLI,VASIND,15,19,False,False,False
95414,67,10,ASANGAON,VASIND,12,5,False,False,False
95415,67,12,AMBIVLI,VASIND,17,19,True,False,False
95416,67,10,ASANGAON,VASIND,14,5,False,False,False
95417,67,12,AMBIVLI,VASIND,18,19,True,False,False
95418,67,10,ASANGAON,VASIND,15,5,False,False,False
95419,67,12,AMBIVLI,VASIND,19,19,True,False,False
95420,67,10,ASANGAON,VASIND,16,5,False,False,False
95421,67,12,AMBIVLI,VASIND,20,19,True,False,False
95422,67,10,ASANGAON,VASIND,17,5,True,False,False
95423,67,12,AMBIVLI,VASIND,22,19,False,False,True
95424,67,10,ASANGAON,VASIND,17,5,True,False,False
95425,67,12,AMBIVLI,VASIND,0,19,False,False,True
95426,67,10,ASANGAON,VASIND,18,5,True,False,False
95428,67,10,ASANGAON,VASIND,20,5,True,False,False
95430,67,10,ASANGAON,VASIND,21,5,False,False,True
95501,32,7,AMBIVLI,VASIND,8,19,False,True,False
95502,32,5,ASANGAON,VASIND,7,7,False,True,False
95503,32,7,AMBIVLI,VASIND,10,19,False,True,False
95504,32,5,ASANGAON,VASIND,8,8,False,True,False
95505,32,7,AMBIVLI,VASIND,14,19,False,False,False
95506,32,5,ASANGAON,VASIND,15,7,False,False,False
95507,32,7,AMBIVLI,VASIND,16,19,False,False,False
95508,32,5,ASANGAON,VASIND,15,7,False,False,False
95509,32,7,AMBIVLI,VASIND,17,19,True,False,False
95510,32,5,ASANGAON,VASIND,16,7,False,False,False
95511,32,7,AMBIVLI,VASIND,18,19,True,False,False
95512,32,5,ASANGAON,VASIND,17,8,True,False,False
95513,32,7,AMBIVLI,VASIND,18,19,True,False,False
95514,32,5,ASANGAON,VASIND,19,7,True,False,False
95515,32,7,AMBIVLI,VASIND,19,19,True,False,False
95516,32,5,ASANGAON,VASIND,20,7,True,False,False
95517,32,7,AMBIVLI,VASIND,21,19,False,False,True
95601,10,4,AMBIVLI,TITVALA,10,8,False,True,False
95602,10,2,KALYAN JN,TITVALA,7,1425,False,True,False
95603,10,4,AMBIVLI,TITVALA,10,9,False,True,False
95604,10,2,KALYAN JN,TITVALA,9,1425,False,True,False
95605,10,4,AMBIVLI,TITVALA,10,9,False,True,False
95606,10,2,KALYAN JN,TITVALA,10,1424,False,True,False
95607,10,4,AMBIVLI,TITVALA,12,8,False,False,False
95608,10,2,KALYAN JN,TITVALA,16,1425,False,False,False
95609,10,4,AMBIVLI,TITVALA,12,8,False,False,False
95610,10,2,KALYAN JN,TITVALA,16,1425,False,False,False
95611,10,4,AMBIVLI,TITVALA,18,8,True,False,False
95612,10,2,KALYAN JN,TITVALA,17,1425,True,False,False
95613,10,4,AMBIVLI,TITVALA,19,8,True,False,False
95614,10,2,KALYAN JN,TITVALA,17,1425,True,False,False
95615,10,4,AMBIVLI,TITVALA,19,8,True,False,False
95616,10,2,KALYAN JN,TITVALA,18,1425,True,False,False
95617,10,4,AMBIVLI,TITVALA,20,8,True,False,False
95619,10,4,AMBIVLI,TITVALA,20,7,True,False,False
95701,53,7,MUMBAI (BYCU,THANE,6,31,False,True,False
95702,53,17,BHANDUP,VIKHROLI,5,4,False,True,False
95703,53,9,BHANDUP,THANE,8,7,False,True,False
95704,53,9,MUMBAI (BYCU,THANE,8,1405,False,True,False
95705,53,9,MUMBAI (BYCU,THANE,8,31,False,True,False
95706,44,12,BHANDUP,THANE,8,1431,False,True,False
95707,53,16,BHANDUP,THANE,9,7,False,True,False
95708,53,13,KURLA,VIKHROLI,8,1431,False,True,False
95709,53,16,BHANDUP,THANE,9,7,False,True,False
95710,53,14,BHANDUP,THANE,8,1430,False,True,False
95711,53,17,BHANDUP,VIKHROLI,10,1436,False,True,False
95712,53,9,MUMBAI (BYCU,VIKHROLI,9,1417,False,True,False
95713,44,6,KURLA,THANE,10,19,False,True,False
95714,53,14,MUMBAI (BYCU,VIKHROLI,9,1417,False,True,False
95715,53,14,BHANDUP,THANE,12,7,False,False,False
95716,53,13,KURLA,VIKHROLI,9,1431,False,True,False
95717,53,8,MUMBAI (BYCU,THANE,13,32,False,False,False
95718,53,14,MUMBAI (BYCU,THANE,10,1403,False,True,False
95719,53,8,MUMBAI (BYCU,THANE,15,32,False,False,False
95720,53,14,MUMBAI (BYCU,VIKHROLI,10,1417,False,True,False
95721,53,19,BHANDUP,VIKHROLI,16,1437,False,False,False
95722,44,6,KURLA,THANE,10,1418,False,True,False
95723,44,7,BHANDUP,THANE,16,7,False,False,False
95724,53,8,MUMBAI (BYCU,THANE,12,1406,False,False,False
95725,44,7,KURLA,THANE,17,19,True,False,False
95726,53,8,MUMBAI (BYCU,THANE,15,1406,False,False,False
95727,53,14,MUMBAI (BYCU,THANE,17,33,True,False,False
95728,53,14,MUMBAI (BYCU,THANE,17,1405,True,False,False
95729,44,12,KURLA,THANE,18,19,True,False,False
95730,44,6,KURLA,THANE,17,1419,True,False,False
95731,53,13,KURLA,VIKHROLI,18,7,True,False,False
95732,53,13,MUMBAI (BYCU,THANE,18,1406,True,False,False
95733,53,14,BHANDUP,THANE,19,7,True,False,False
95734,44,6,KURLA,THANE,17,1420,True,False,False
95735,44,12,KURLA,THANE,19,19,True,False,False
95736,53,13,MUMBAI (BYCU,THANE,18,1405,True,False,False
95737,53,14,BHANDUP,THANE,19,11,True,False,False
95738,53,14,MUMBAI (BYCU,THANE,18,1404,True,False,False
95739,53,9,MUMBAI (BYCU,THANE,19,33,True,False,False
95740,53,2,CST-MUMBAI,KALYAN JN,0,0,False,False,True
95741,53,14,MUMBAI (BYCU,THANE,20,33,True,False,False
95742,53,14,MUMBAI (BYCU,VIKHROLI,19,1417,True,False,False
95743,53,17,BHANDUP,VIKHROLI,22,1433,False,False,True
95744,53,8,MUMBAI (BYCU,THANE,21,1406,False,False,True
95745,53,9,MUMBAI (BYCU,THANE,22,33,False,False,True
95746,53,9,MUMBAI (BYCU,THANE,23,1407,False,False,True
95801,48,11,BHANDUP,THANE,18,7,True,False,False
95802,48,12,BHANDUP,THANE,8,1430,False,True,False
95804,48,11,MUMBAI (BYCU,THANE,17,1405,True,False,False
95805,48,14,BHANDUP,VIKHROLI,22,1433,False,False,True
95808,48,11,MUMBAI (BYCU,THANE,18,1405,True,False,False
95901,33,6,MUMBAI (BYCU,THANE,8,32,False,True,False
95902,33,7,MUMBAI (BYCU,THANE,5,1098,False,True,False
95903,33,7,MUMBAI (BYCU,VIKHROLI,9,20,False,True,False
95904,33,7,MUMBAI (BYCU,VIKHROLI,8,1417,False,True,False
95905,33,5,KURLA,THANE,9,22,False,True,False
95906,33,7,MUMBAI (BYCU,VIKHROLI,9,1417,False,True,False
95907,33,6,KURLA,THANE,10,22,False,True,False
95908,33,7,MUMBAI (BYCU,THANE,9,865,False,True,False
95909,33,6,BHANDUP,THANE,18,11,True,False,False
95910,33,7,MUMBAI (BYCU,THANE,10,811,False,True,False
95911,33,6,BHANDUP,VIKHROLI,19,1434,True,False,False
95912,33,7,MUMBAI (BYCU,THANE,11,755,False,True,False
95913,33,10,BHANDUP,VIKHROLI,21,1433,False,False,True
95917,33,6,BHANDUP,VIKHROLI,19,1434,True,False,False
95919,33,9,BHANDUP,VIKHROLI,21,1433,False,False,True
96001,2,2,KARJAT,PALASDARI,5,5,False,True,False
96002,2,2,KARJAT,PALASDARI,0,1433,False,False,True
96003,49,10,AMBERNATH,VITHALWADI,6,1433,False,True,False
96004,2,2,KARJAT,PALASDARI,5,1433,False,True,False
96005,2,2,KARJAT,PALASDARI,8,5,False,True,False
96006,2,2,KARJAT,PALASDARI,7,1433,False,True,False
96007,2,2,KARJAT,PALASDARI,10,5,False,True,False
96008,2,2,KARJAT,PALASDARI,10,1433,False,True,False
96009,2,2,KARJAT,PALASDARI,11,5,False,True,False
96010,2,2,KARJAT,PALASDARI,11,1433,False,True,False
96011,2,2,KARJAT,PALASDARI,13,5,False,False,False
96012,2,2,KARJAT,PALASDARI,13,1433,False,False,False
96013,2,2,KARJAT,PALASDARI,15,5,False,False,False
96014,2,2,KARJAT,PALASDARI,15,1433,False,False,False
96015,2,2,KARJAT,PALASDARI,20,5,True,False,False
96016,2,2,KARJAT,PALASDARI,20,1433,True,False,False
96017,2,2,KARJAT,PALASDARI,21,5,False,False,True
96018,2,2,KARJAT,PALASDARI,21,1433,False,False,True
96019,49,10,AMBERNATH,VITHALWADI,0,1433,False,False,True
96020,49,8,AMBERNATH,VANGANI,23,1423,False,False,True
96022,2,2,KARJAT,PALASDARI,23,1433,False,False,True
96101,46,9,AMBERNATH,VITHALWADI,2,1433,False,False,True
96102,46,7,AMBERNATH,VANGANI,3,1423,False,False,True
96103,46,9,AMBERNATH,VITHALWADI,5,1433,False,True,False
96104,46,7,AMBERNATH,VANGANI,4,1423,False,True,False
96105,46,9,AMBERNATH,VITHALWADI,6,1433,False,True,False
96106,46,7,AMBERNATH,VANGANI,5,1423,False,True,False
96107,46,9,AMBERNATH,VITHALWADI,6,1433,False,True,False
96108,46,7,AMBERNATH,VANGANI,13,1423,False,False,False
96109,46,9,AMBERNATH,VITHALWADI,6,1433,False,True,False
96110,46,7,AMBERNATH,VANGANI,14,1423,False,False,False
96111,46,9,AMBERNATH,VITHALWADI,11,1433,False,True,False
96112,46,7,AMBERNATH,VANGANI,22,1423,False,False,True
96113,46,9,AMBERNATH,VITHALWADI,12,1433,False,False,False
96114,99,30,AMBERNATH,VIDYAVIHAR,22,67,False,False,True
96115,46,9,AMBERNATH,VITHALWADI,18,1433,True,False,False
96116,99,30,AMBERNATH,VIDYAVIHAR,22,65,False,False,True
96117,46,9,AMBERNATH,VITHALWADI,20,1433,True,False,False
96119,46,9,AMBERNATH,VITHALWADI,1,1433,False,False,True
96121,46,9,AMBERNATH,VITHALWADI,1,1433,False,False,True
96201,14,5,AMBERNATH,VITHALWADI,6,1433,False,True,False
96202,14,3,AMBERNATH,KALYAN JN,5,11,False,True,False
96203,14,5,AMBERNATH,VITHALWADI,13,1433,False,False,False
96204,14,3,AMBERNATH,KALYAN JN,6,11,False,True,False
96205,14,5,AMBERNATH,VITHALWADI,15,1433,False,False,False
96206,14,3,AMBERNATH,KALYAN JN,6,10,False,True,False
96207,14,5,AMBERNATH,VITHALWADI,16,1433,False,False,False
96208,14,3,AMBERNATH,KALYAN JN,8,11,False,True,False
96209,14,5,AMBERNATH,VITHALWADI,19,1432,True,False,False
96210,14,3,AMBERNATH,KALYAN JN,9,10,False,True,False
96211,14,5,AMBERNATH,VITHALWADI,20,1432,True,False,False
96212,14,3,AMBERNATH,KALYAN JN,10,11,False,True,False
96213,14,5,AMBERNATH,VITHALWADI,21,1433,False,False,True
96214,14,3,AMBERNATH,KALYAN JN,11,14,False,True,False
96215,14,5,AMBERNATH,VITHALWADI,21,1433,False,False,True
96216,14,3,AMBERNATH,KALYAN JN,11,12,False,True,False
96217,14,5,AMBERNATH,VITHALWADI,22,1433,False,False,True
96218,14,3,AMBERNATH,KALYAN JN,11,10,False,True,False
96219,14,5,AMBERNATH,VITHALWADI,22,1432,False,False,True
96220,14,3,AMBERNATH,KALYAN JN,12,10,False,False,False
96221,14,5,AMBERNATH,VITHALWADI,23,1433,False,False,True
96222,14,3,AMBERNATH,KALYAN JN,12,12,False,False,False
96223,14,5,AMBERNATH,VITHALWADI,23,1432,False,False,True
96224,14,3,AMBERNATH,KALYAN JN,20,12,True,False,False
96225,14,5,AMBERNATH,VITHALWADI,0,1432,False,False,True
96226,14,3,AMBERNATH,KALYAN JN,21,10,False,False,True
96227,14,5,AMBERNATH,VITHALWADI,0,1432,False,False,True
96228,14,3,AMBERNATH,KALYAN JN,22,10,False,False,True
96232,14,3,AMBERNATH,KALYAN JN,23,12,False,False,True
96234,14,3,AMBERNATH,KALYAN JN,23,11,False,False,True
96236,67,26,AMBERNATH,VIDYAVIHAR,23,66,False,False,True
96301,6,4,AMBERNATH,VITHALWADI,1,1431,False,False,True
96302,6,2,AMBERNATH,KALYAN JN,3,13,False,False,True
96303,6,4,AMBERNATH,VITHALWADI,7,1431,False,True,False
96304,6,2,AMBERNATH,KALYAN JN,4,12,False,True,False
96305,6,4,AMBERNATH,VITHALWADI,7,1430,False,True,False
96306,6,2,AMBERNATH,KALYAN JN,4,13,False,True,False
96307,6,4,AMBERNATH,VITHALWADI,7,1431,False,True,False
96308,6,2,AMBERNATH,KALYAN JN,5,12,False,True,False
96309,6,4,AMBERNATH,VITHALWADI,8,1431,False,True,False
96310,6,2,AMBERNATH,KALYAN JN,6,12,False,True,False
96311,6,4,AMBERNATH,VITHALWADI,13,1432,False,False,False
96312,6,2,AMBERNATH,KALYAN JN,10,14,False,True,False
96313,6,4,AMBERNATH,VITHALWADI,13,1431,False,False,False
96314,6,2,AMBERNATH,KALYAN JN,11,13,False,True,False
96315,6,4,AMBERNATH,VITHALWADI,14,1432,False,False,False
96316,6,2,AMBERNATH,KALYAN JN,12,12,False,False,False
96317,6,4,AMBERNATH,VITHALWADI,14,1431,False,False,False
96318,6,2,AMBERNATH,KALYAN JN,12,12,False,False,False
96319,6,4,AMBERNATH,VITHALWADI,14,1431,False,False,False
96320,6,2,AMBERNATH,KALYAN JN,12,13,False,False,False
96321,6,4,AMBERNATH,VITHALWADI,15,1431,False,False,False
96322,6,2,AMBERNATH,KALYAN JN,13,12,False,False,False
96323,6,4,AMBERNATH,VITHALWADI,16,1431,False,False,False
96324,6,2,AMBERNATH,KALYAN JN,14,13,False,False,False
96325,6,4,AMBERNATH,VITHALWADI,16,1431,False,False,False
96326,6,2,AMBERNATH,KALYAN JN,14,12,False,False,False
96327,6,4,AMBERNATH,VITHALWADI,17,1431,True,False,False
96328,6,2,AMBERNATH,KALYAN JN,19,12,True,False,False
96329,6,4,AMBERNATH,VITHALWADI,17,1430,True,False,False
96330,6,2,AMBERNATH,KALYAN JN,21,13,False,False,True
96331,6,4,AMBERNATH,VITHALWADI,21,1431,False,False,True
96332,6,2,AMBERNATH,KALYAN JN,21,12,False,False,True
96333,6,4,AMBERNATH,VITHALWADI,21,1431,False,False,True
96334,6,2,AMBERNATH,KALYAN JN,22,12,False,False,True
96335,6,4,AMBERNATH,VITHALWADI,22,1431,False,False,True
96336,59,25,AMBERNATH,VIDYAVIHAR,22,67,False,False,True
96337,6,4,AMBERNATH,VITHALWADI,23,1432,False,False,True
96339,6,4,AMBERNATH,VITHALWADI,0,1430,False,False,True
96341,6,4,AMBERNATH,VITHALWADI,0,1430,False,False,True
96343,6,4,AMBERNATH,VITHALWADI,1,1431,False,False,True
96345,6,4,AMBERNATH,VITHALWADI,0,83,False,False,True
96401,67,12,AMBIVLI,VASIND,1,19,False,False,True
96402,67,10,ASANGAON,VASIND,5,5,False,True,False
96403,67,12,AMBIVLI,VASIND,5,19,False,True,False
96404,67,10,ASANGAON,VASIND,5,5,False,True,False
96405,67,12,AMBIVLI,VASIND,6,19,False,True,False
96406,67,10,ASANGAON,VASIND,22,5,False,False,True
96407,67,12,AMBIVLI,VASIND,14,19,False,False,False
96409,67,12,AMBIVLI,VASIND,23,19,False,False,True
96501,21,4,ASANGAON,VASIND,0,318,False,False,True
96502,32,5,ASANGAON,VASIND,6,8,False,True,False
96503,32,7,AMBIVLI,VASIND,5,19,False,True,False
96504,32,5,ASANGAON,VASIND,7,8,False,True,False
96505,32,7,AMBIVLI,VASIND,6,19,False,True,False
96506,32,5,ASANGAON,VASIND,8,8,False,True,False
96507,32,7,AMBIVLI,VASIND,6,19,False,True,False
96508,32,5,ASANGAON,VASIND,9,7,False,True,False
96509,32,7,AMBIVLI,VASIND,7,19,False,True,False
96510,32,5,ASANGAON,VASIND,10,8,False,True,False
96511,32,7,AMBIVLI,VASIND,8,19,False,True,False
96512,32,5,ASANGAON,VASIND,11,7,False,True,False
96513,32,7,AMBIVLI,VASIND,9,19,False,True,False
96514,32,5,ASANGAON,VASIND,13,7,False,False,False
96515,32,7,AMBIVLI,VASIND,12,19,False,False,False
96516,32,5,ASANGAON,VASIND,18,7,True,False,False
96517,32,7,AMBIVLI,VASIND,15,19,False,False,False
96518,32,5,ASANGAON,VASIND,19,7,True,False,False
96519,32,7,AMBIVLI,VASIND,16,19,False,False,False
96520,32,5,ASANGAON,VASIND,22,7,False,False,True
96521,32,7,AMBIVLI,VASIND,22,19,False,False,True
96522,32,5,ASANGAON,VASIND,23,6,False,False,True
96524,32,5,ASANGAON,VASIND,23,6,False,False,True
96601,10,4,AMBIVLI,TITVALA,5,8,False,True,False
96602,10,2,KALYAN JN,TITVALA,4,1425,False,True,False
96603,10,4,AMBIVLI,TITVALA,6,8,False,True,False
96604,10,2,KALYAN JN,TITVALA,4,1425,False,True,False
96605,10,4,AMBIVLI,TITVALA,7,8,False,True,False
96606,10,2,KALYAN JN,TITVALA,5,1425,False,True,False
96607,10,4,AMBIVLI,TITVALA,7,8,False,True,False
96608,10,2,KALYAN JN,TITVALA,5,1425,False,True,False
96609,10,4,AMBIVLI,TITVALA,7,8,False,True,False
96610,10,2,KALYAN JN,TITVALA,6,1425,False,True,False
96611,10,4,AMBIVLI,TITVALA,8,7,False,True,False
96612,10,2,KALYAN JN,TITVALA,6,1429,False,True,False
96613,10,4,AMBIVLI,TITVALA,8,8,False,True,False
96614,10,2,KALYAN JN,TITVALA,8,1425,False,True,False
96615,10,4,AMBIVLI,TITVALA,9,8,False,True,False
96616,10,2,KALYAN JN,TITVALA,8,1425,False,True,False
96617,10,4,AMBIVLI,TITVALA,11,8,False,True,False
96618,10,2,KALYAN JN,TITVALA,8,1423,False,True,False
96619,10,4,AMBIVLI,TITVALA,12,8,False,False,False
96620,10,2,KALYAN JN,TITVALA,10,1425,False,True,False
96621,10,4,AMBIVLI,TITVALA,13,8,False,False,False
96622,10,2,KALYAN JN,TITVALA,11,1423,False,True,False
96623,10,4,AMBIVLI,TITVALA,13,8,False,False,False
96624,10,2,KALYAN JN,TITVALA,11,1423,False,True,False
96625,10,4,AMBIVLI,TITVALA,14,8,False,False,False
96626,10,2,KALYAN JN,TITVALA,12,1425,False,False,False
96627,10,4,AMBIVLI,TITVALA,14,7,False,False,False
96628,10,2,KALYAN JN,TITVALA,12,1425,False,False,False
96629,10,4,AMBIVLI,TITVALA,15,7,False,False,False
96630,10,2,KALYAN JN,TITVALA,13,1425,False,False,False
96631,10,4,AMBIVLI,TITVALA,15,8,False,False,False
96632,10,2,KALYAN JN,TITVALA,13,1425,False,False,False
96633,10,4,AMBIVLI,TITVALA,16,8,False,False,False
96634,10,2,KALYAN JN,TITVALA,13,1425,False,False,False
96635,10,4,AMBIVLI,TITVALA,16,8,False,False,False
96636,10,2,KALYAN JN,TITVALA,14,1425,False,False,False
96637,10,4,AMBIVLI,TITVALA,17,9,True,False,False
96638,10,2,KALYAN JN,TITVALA,14,1425,False,False,False
96639,10,4,AMBIVLI,TITVALA,17,8,True,False,False
96640,10,2,KALYAN JN,TITVALA,15,1424,False,False,False
96641,10,4,AMBIVLI,TITVALA,20,8,True,False,False
96642,10,2,KALYAN JN,TITVALA,15,1425,False,False,False
96643,10,4,AMBIVLI,TITVALA,21,8,False,False,True
96644,10,2,KALYAN JN,TITVALA,19,1425,True,False,False
96645,10,4,AMBIVLI,TITVALA,22,8,False,False,True
96646,10,2,KALYAN JN,TITVALA,20,1424,True,False,False
96647,10,4,AMBIVLI,TITVALA,22,8,False,False,True
96648,10,2,KALYAN JN,TITVALA,20,1425,True,False,False
96649,10,4,AMBIVLI,TITVALA,23,8,False,False,True
96650,10,2,KALYAN JN,TITVALA,20,1424,True,False,False
96651,10,4,AMBIVLI,TITVALA,0,8,False,False,True
96652,10,2,KALYAN JN,TITVALA,21,1425,False,False,True
96653,10,4,AMBIVLI,TITVALA,0,8,False,False,True
96654,10,2,KALYAN JN,TITVALA,21,1425,False,False,True
96655,10,4,AMBIVLI,TITVALA,1,8,False,False,True
96656,10,2,KALYAN JN,TITVALA,22,1425,False,False,True
96657,64,27,AMBIVLI,VIDYAVIHAR,1,1375,False,False,True
96658,10,2,KALYAN JN,TITVALA,22,1424,False,False,True
96660,10,2,KALYAN JN,TITVALA,23,1425,False,False,True
97000,53,2,CST-MUMBAI,KALYAN JN,0,0,False,False,True
97001,35,14,BHANDUP,VIDYAVIHAR,6,1080,False,True,False
97002,53,24,BHANDUP,VIDYAVIHAR,5,12,False,True,False
97003,35,14,BHANDUP,VIDYAVIHAR,6,1063,False,True,False
97004,53,24,BHANDUP,VIDYAVIHAR,6,12,False,True,False
97005,35,14,BHANDUP,VIDYAVIHAR,6,1046,False,True,False
97006,53,24,BHANDUP,VIDYAVIHAR,6,12,False,True,False
97007,35,14,BHANDUP,VIDYAVIHAR,6,1036,False,True,False
97008,53,24,BHANDUP,VIDYAVIHAR,6,12,False,True,False
97009,35,14,BHANDUP,VIDYAVIHAR,6,1026,False,True,False
97010,53,24,BHANDUP,VIDYAVIHAR,7,12,False,True,False
97011,53,24,BHANDUP,VIDYAVIHAR,6,1426,False,True,False
97012,44,17,BHANDUP,VIDYAVIHAR,7,11,False,True,False
97013,35,13,BHANDUP,VIDYAVIHAR,7,1011,False,True,False
97014,53,24,BHANDUP,VIDYAVIHAR,7,12,False,True,False
97015,53,24,BHANDUP,VIDYAVIHAR,7,1426,False,True,False
97016,53,24,BHANDUP,VIDYAVIHAR,7,12,False,True,False
97017,53,24,BHANDUP,VIDYAVIHAR,7,1426,False,True,False
97018,53,24,BHANDUP,VIDYAVIHAR,8,12,False,True,False
97019,53,24,BHANDUP,VIDYAVIHAR,8,1426,False,True,False
97020,53,24,BHANDUP,VIDYAVIHAR,8,12,False,True,False
97021,53,24,BHANDUP,VIDYAVIHAR,8,1426,False,True,False
97022,53,24,BHANDUP,VIDYAVIHAR,8,12,False,True,False
97023,44,17,BHANDUP,VIDYAVIHAR,8,1426,False,True,False
97024,53,24,BHANDUP,VIDYAVIHAR,8,12,False,True,False
97025,53,24,BHANDUP,VIDYAVIHAR,8,1426,False,True,False
97026,44,17,BHANDUP,VIDYAVIHAR,9,12,False,True,False
97027,53,24,BHANDUP,VIDYAVIHAR,8,1426,False,True,False
97028,44,17,BHANDUP,VIDYAVIHAR,9,12,False,True,False
97029,53,23,BHANDUP,VIDYAVIHAR,9,1426,False,True,False
97030,53,24,BHANDUP,VIDYAVIHAR,10,12,False,True,False
97031,53,24,BHANDUP,VIDYAVIHAR,9,1424,False,True,False
97032,53,24,BHANDUP,VIDYAVIHAR,10,12,False,True,False
97033,20,8,DOMBIVLI,THANE,10,812,False,True,False
97034,53,24,BHANDUP,VIDYAVIHAR,10,12,False,True,False
97035,44,17,BHANDUP,VIDYAVIHAR,10,1426,False,True,False
97036,53,24,BHANDUP,VIDYAVIHAR,10,12,False,True,False
97037,53,24,BHANDUP,VIDYAVIHAR,10,1426,False,True,False
97038,53,24,BHANDUP,VIDYAVIHAR,10,12,False,True,False
97039,53,24,BHANDUP,VIDYAVIHAR,10,1426,False,True,False
97040,53,24,BHANDUP,VIDYAVIHAR,11,12,False,True,False
97041,53,24,BHANDUP,VIDYAVIHAR,10,1426,False,True,False
97042,37,15,BHANDUP,VIDYAVIHAR,11,12,False,True,False
97043,44,17,BHANDUP,VIDYAVIHAR,11,1426,False,True,False
97044,53,24,BHANDUP,VIDYAVIHAR,11,12,False,True,False
97045,44,17,BHANDUP,VIDYAVIHAR,11,1426,False,True,False
97046,20,8,DOMBIVLI,THANE,11,22,False,True,False
97047,53,24,BHANDUP,VIDYAVIHAR,11,1426,False,True,False
97048,53,24,BHANDUP,VIDYAVIHAR,12,12,False,False,False
97049,53,24,BHANDUP,VIDYAVIHAR,11,1426,False,True,False
97050,44,17,BHANDUP,VIDYAVIHAR,12,12,False,False,False
97051,37,15,BHANDUP,VIDYAVIHAR,12,1426,False,False,False
97052,53,24,BHANDUP,VIDYAVIHAR,12,12,False,False,False
97053,53,24,BHANDUP,VIDYAVIHAR,12,1426,False,False,False
97054,53,24,BHANDUP,VIDYAVIHAR,12,12,False,False,False
97055,53,24,BHANDUP,VIDYAVIHAR,12,1426,False,False,False
97056,20,8,DOMBIVLI,THANE,12,22,False,False,False
97057,53,24,BHANDUP,VIDYAVIHAR,13,1426,False,False,False
97058,53,24,BHANDUP,VIDYAVIHAR,13,12,False,False,False
97059,53,24,BHANDUP,VIDYAVIHAR,13,1426,False,False,False
97060,53,24,BHANDUP,VIDYAVIHAR,13,12,False,False,False
97061,53,24,BHANDUP,VIDYAVIHAR,13,1426,False,False,False
97062,53,24,BHANDUP,VIDYAVIHAR,13,12,False,False,False
97063,44,17,BHANDUP,VIDYAVIHAR,13,1426,False,False,False
97064,37,15,BHANDUP,VIDYAVIHAR,14,12,False,False,False
97065,53,24,BHANDUP,VIDYAVIHAR,13,1425,False,False,False
97066,53,24,BHANDUP,VIDYAVIHAR,14,12,False,False,False
97067,53,24,BHANDUP,VIDYAVIHAR,13,1425,False,False,False
97068,53,24,BHANDUP,VIDYAVIHAR,14,12,False,False,False
97069,53,24,BHANDUP,VIDYAVIHAR,14,1426,False,False,False
97070,53,24,BHANDUP,VIDYAVIHAR,14,12,False,False,False
97071,53,24,BHANDUP,VIDYAVIHAR,14,1426,False,False,False
97072,44,17,BHANDUP,VIDYAVIHAR,14,12,False,False,False
97073,20,8,DOMBIVLI,THANE,14,545,False,False,False
97074,53,24,BHANDUP,VIDYAVIHAR,14,12,False,False,False
97075,53,24,BHANDUP,VIDYAVIHAR,14,1426,False,False,False
97076,53,24,BHANDUP,VIDYAVIHAR,15,12,False,False,False
97077,37,15,BHANDUP,VIDYAVIHAR,14,1426,False,False,False
97078,53,24,BHANDUP,VIDYAVIHAR,15,12,False,False,False
97079,53,24,BHANDUP,VIDYAVIHAR,14,1426,False,False,False
97080,53,24,BHANDUP,VIDYAVIHAR,15,12,False,False,False
97081,53,24,BHANDUP,VIDYAVIHAR,15,1426,False,False,False
97082,53,24,BHANDUP,VIDYAVIHAR,15,12,False,False,False
97083,53,24,BHANDUP,VIDYAVIHAR,15,1426,False,False,False
97084,53,24,BHANDUP,VIDYAVIHAR,15,12,False,False,False
97085,53,24,BHANDUP,VIDYAVIHAR,15,1426,False,False,False
97086,20,8,DOMBIVLI,THANE,15,22,False,False,False
97087,44,17,BHANDUP,VIDYAVIHAR,15,1426,False,False,False
97088,53,24,BHANDUP,VIDYAVIHAR,16,12,False,False,False
97089,53,24,BHANDUP,VIDYAVIHAR,16,1426,False,False,False
97090,53,24,BHANDUP,VIDYAVIHAR,16,12,False,False,False
97091,53,24,BHANDUP,VIDYAVIHAR,16,1426,False,False,False
97092,44,17,BHANDUP,VIDYAVIHAR,16,12,False,False,False
97093,53,24,BHANDUP,VIDYAVIHAR,16,1426,False,False,False
97094,20,8,DOMBIVLI,THANE,16,82,False,False,False
97095,53,24,BHANDUP,VIDYAVIHAR,16,1426,False,False,False
97096,53,24,BHANDUP,VIDYAVIHAR,16,12,False,False,False
97097,37,15,BHANDUP,VIDYAVIHAR,17,1426,True,False,False
97098,44,17,BHANDUP,VIDYAVIHAR,17,12,True,False,False
97099,35,14,BHANDUP,VIDYAVIHAR,17,392,True,False,False
97100,53,24,BHANDUP,VIDYAVIHAR,17,12,True,False,False
97101,53,24,BHANDUP,VIDYAVIHAR,17,1426,True,False,False
97102,53,24,BHANDUP,VIDYAVIHAR,17,12,True,False,False
97103,53,24,BHANDUP,VIDYAVIHAR,17,1426,True,False,False
97104,53,24,BHANDUP,VIDYAVIHAR,18,12,True,False,False
97105,53,24,BHANDUP,VIDYAVIHAR,17,1426,True,False,False
97106,53,24,BHANDUP,VIDYAVIHAR,18,12,True,False,False
97107,44,17,BHANDUP,VIDYAVIHAR,18,1426,True,False,False
97108,53,24,BHANDUP,VIDYAVIHAR,19,12,True,False,False
97109,35,14,BHANDUP,VIDYAVIHAR,18,348,True,False,False
97110,44,17,BHANDUP,VIDYAVIHAR,19,12,True,False,False
97111,53,24,BHANDUP,VIDYAVIHAR,18,1426,True,False,False
97112,53,24,BHANDUP,VIDYAVIHAR,19,12,True,False,False
97113,53,24,BHANDUP,VIDYAVIHAR,18,1426,True,False,False
97114,53,24,BHANDUP,VIDYAVIHAR,19,12,True,False,False
97115,44,17,BHANDUP,VIDYAVIHAR,18,1426,True,False,False
97116,37,15,BHANDUP,VIDYAVIHAR,19,12,True,False,False
97117,53,24,BHANDUP,VIDYAVIHAR,18,1426,True,False,False
97118,20,8,DOMBIVLI,THANE,19,22,True,False,False
97119,53,24,BHANDUP,VIDYAVIHAR,18,1426,True,False,False
97120,44,17,BHANDUP,VIDYAVIHAR,19,12,True,False,False
97121,44,17,BHANDUP,VIDYAVIHAR,19,1426,True,False,False
97122,53,24,BHANDUP,VIDYAVIHAR,19,12,True,False,False
97123,44,17,BHANDUP,VIDYAVIHAR,19,1426,True,False,False
97124,53,24,BHANDUP,VIDYAVIHAR,20,12,True,False,False
97125,53,24,BHANDUP,VIDYAVIHAR,19,1426,True,False,False
97126,44,17,BHANDUP,VIDYAVIHAR,20,12,True,False,False
97127,53,24,BHANDUP,VIDYAVIHAR,19,1426,True,False,False
97128,53,24,BHANDUP,VIDYAVIHAR,20,12,True,False,False
97129,53,24,BHANDUP,VIDYAVIHAR,20,1426,True,False,False
97130,20,8,DOMBIVLI,THANE,19,23,True,False,False
97131,37,15,BHANDUP,VIDYAVIHAR,20,1426,True,False,False
97132,44,17,BHANDUP,VIDYAVIHAR,20,12,True,False,False
97133,53,24,BHANDUP,VIDYAVIHAR,20,1426,True,False,False
97134,44,17,BHANDUP,VIDYAVIHAR,21,12,False,False,True
97135,44,17,BHANDUP,VIDYAVIHAR,20,1426,True,False,False
97136,53,24,BHANDUP,VIDYAVIHAR,21,12,False,False,True
97137,44,17,BHANDUP,VIDYAVIHAR,21,1426,False,False,True
97138,44,17,BHANDUP,VIDYAVIHAR,21,12,False,False,True
97139,53,24,BHANDUP,VIDYAVIHAR,21,1426,False,False,True
97140,37,15,BHANDUP,VIDYAVIHAR,21,12,False,False,True
97141,44,17,BHANDUP,VIDYAVIHAR,21,1426,False,False,True
97142,53,24,BHANDUP,VIDYAVIHAR,21,12,False,False,True
97143,44,17,BHANDUP,VIDYAVIHAR,22,1426,False,False,True
97144,53,24,BHANDUP,VIDYAVIHAR,22,12,False,False,True
97145,44,17,BHANDUP,VIDYAVIHAR,22,1426,False,False,True
97146,53,24,BHANDUP,VIDYAVIHAR,22,12,False,False,True
97147,53,24,BHANDUP,VIDYAVIHAR,22,1426,False,False,True
97148,37,15,BHANDUP,VIDYAVIHAR,23,12,False,False,True
97149,53,24,BHANDUP,VIDYAVIHAR,22,1426,False,False,True
97150,20,8,DOMBIVLI,THANE,23,22,False,False,True
97151,53,24,BHANDUP,VIDYAVIHAR,23,1426,False,False,True
97152,20,8,DOMBIVLI,THANE,0,22,False,False,True
97153,53,24,BHANDUP,VIDYAVIHAR,23,1426,False,False,True
97155,44,17,BHANDUP,VIDYAVIHAR,23,1426,False,False,True
97201,48,22,BHANDUP,VIDYAVIHAR,7,1426,False,True,False
97202,48,22,BHANDUP,VIDYAVIHAR,6,12,False,True,False
97203,48,22,BHANDUP,VIDYAVIHAR,7,1426,False,True,False
97204,48,22,BHANDUP,VIDYAVIHAR,8,12,False,True,False
97205,48,22,BHANDUP,VIDYAVIHAR,8,1426,False,True,False
97206,48,22,BHANDUP,VIDYAVIHAR,8,12,False,True,False
97207,48,22,BHANDUP,VIDYAVIHAR,8,1426,False,True,False
97208,48,22,BHANDUP,VIDYAVIHAR,9,12,False,True,False
97209,48,22,BHANDUP,VIDYAVIHAR,9,1426,False,True,False
97210,48,22,BHANDUP,VIDYAVIHAR,9,14,False,True,False
97211,48,22,BHANDUP,VIDYAVIHAR,9,1426,False,True,False
97212,39,15,BHANDUP,VIDYAVIHAR,10,12,False,True,False
97213,48,22,BHANDUP,VIDYAVIHAR,10,1426,False,True,False
97214,48,22,BHANDUP,VIDYAVIHAR,11,12,False,True,False
97215,48,22,BHANDUP,VIDYAVIHAR,11,1426,False,True,False
97216,48,22,BHANDUP,VIDYAVIHAR,11,12,False,True,False
97217,48,22,BHANDUP,VIDYAVIHAR,11,1426,False,True,False
97218,48,22,BHANDUP,VIDYAVIHAR,12,12,False,False,False
97219,48,22,BHANDUP,VIDYAVIHAR,12,1426,False,False,False
97220,48,22,BHANDUP,VIDYAVIHAR,12,12,False,False,False
97221,48,22,BHANDUP,VIDYAVIHAR,13,1426,False,False,False
97222,48,22,BHANDUP,VIDYAVIHAR,13,12,False,False,False
97223,48,22,BHANDUP,VIDYAVIHAR,14,1426,False,False,False
97224,48,22,BHANDUP,VIDYAVIHAR,14,12,False,False,False
97225,48,22,BHANDUP,VIDYAVIHAR,15,1426,False,False,False
97226,48,22,BHANDUP,VIDYAVIHAR,16,12,False,False,False
97227,48,22,BHANDUP,VIDYAVIHAR,16,1426,False,False,False
97228,48,22,BHANDUP,VIDYAVIHAR,17,12,True,False,False
97229,48,22,BHANDUP,VIDYAVIHAR,16,1426,False,False,False
97230,48,22,BHANDUP,VIDYAVIHAR,17,12,True,False,False
97231,48,22,BHANDUP,VIDYAVIHAR,16,1426,False,False,False
97232,48,22,BHANDUP,VIDYAVIHAR,17,12,True,False,False
97233,48,22,BHANDUP,VIDYAVIHAR,17,1426,True,False,False
97234,39,15,BHANDUP,VIDYAVIHAR,18,12,True,False,False
97235,39,15,BHANDUP,VIDYAVIHAR,17,1426,True,False,False
97236,48,22,BHANDUP,VIDYAVIHAR,18,12,True,False,False
97237,39,15,BHANDUP,VIDYAVIHAR,18,1426,True,False,False
97238,48,22,BHANDUP,VIDYAVIHAR,18,12,True,False,False
97239,48,22,BHANDUP,VIDYAVIHAR,18,1426,True,False,False
97240,48,22,BHANDUP,VIDYAVIHAR,19,12,True,False,False
97241,48,22,BHANDUP,VIDYAVIHAR,19,1426,True,False,False
97242,48,22,BHANDUP,VIDYAVIHAR,19,12,True,False,False
97243,48,22,BHANDUP,VIDYAVIHAR,19,1426,True,False,False
97244,48,22,BHANDUP,VIDYAVIHAR,20,12,True,False,False
97245,48,22,BHANDUP,VIDYAVIHAR,19,1426,True,False,False
97246,48,22,BHANDUP,VIDYAVIHAR,20,12,True,False,False
97247,39,15,BHANDUP,VIDYAVIHAR,20,1426,True,False,False
97248,48,22,BHANDUP,VIDYAVIHAR,20,12,True,False,False
97249,48,22,BHANDUP,VIDYAVIHAR,20,1426,True,False,False
97250,48,22,BHANDUP,VIDYAVIHAR,21,12,False,False,True
97251,48,22,BHANDUP,VIDYAVIHAR,21,1426,False,False,True
97252,48,22,BHANDUP,VIDYAVIHAR,21,12,False,False,True
97253,48,22,BHANDUP,VIDYAVIHAR,21,1426,False,False,True
97254,39,15,BHANDUP,VIDYAVIHAR,22,12,False,False,True
97255,48,22,BHANDUP,VIDYAVIHAR,21,1426,False,False,True
97256,48,22,BHANDUP,VIDYAVIHAR,22,12,False,False,True
97258,48,22,BHANDUP,VIDYAVIHAR,22,12,False,False,True
97260,39,15,BHANDUP,VIDYAVIHAR,23,12,False,False,True
97301,33,17,BHANDUP,VIDYAVIHAR,1,1426,False,False,True
97302,33,17,BHANDUP,VIDYAVIHAR,4,12,False,True,False
97303,33,17,BHANDUP,VIDYAVIHAR,7,1426,False,True,False
97304,33,17,BHANDUP,VIDYAVIHAR,4,12,False,True,False
97305,33,17,BHANDUP,VIDYAVIHAR,7,1426,False,True,False
97306,33,17,BHANDUP,VIDYAVIHAR,4,12,False,True,False
97307,33,17,BHANDUP,VIDYAVIHAR,7,1426,False,True,False
97308,33,17,BHANDUP,VIDYAVIHAR,5,12,False,True,False
97309,33,17,BHANDUP,VIDYAVIHAR,8,1426,False,True,False
97310,33,17,BHANDUP,VIDYAVIHAR,5,12,False,True,False
97311,33,17,BHANDUP,VIDYAVIHAR,8,1426,False,True,False
97312,33,17,BHANDUP,VIDYAVIHAR,5,12,False,True,False
97313,33,17,BHANDUP,VIDYAVIHAR,8,1426,False,True,False
97314,33,17,BHANDUP,VIDYAVIHAR,5,12,False,True,False
97315,33,17,BHANDUP,VIDYAVIHAR,8,1426,False,True,False
97316,33,17,BHANDUP,VIDYAVIHAR,6,12,False,True,False
97317,33,17,BHANDUP,VIDYAVIHAR,9,1426,False,True,False
97318,33,17,BHANDUP,VIDYAVIHAR,6,12,False,True,False
97319,33,17,BHANDUP,VIDYAVIHAR,9,1426,False,True,False
97320,33,17,BHANDUP,VIDYAVIHAR,6,12,False,True,False
97321,33,17,BHANDUP,VIDYAVIHAR,9,1426,False,True,False
97322,33,17,BHANDUP,VIDYAVIHAR,7,12,False,True,False
97323,33,17,BHANDUP,VIDYAVIHAR,9,1424,False,True,False
97324,33,17,BHANDUP,VIDYAVIHAR,7,12,False,True,False
97325,33,17,BHANDUP,VIDYAVIHAR,9,1426,False,True,False
97326,33,17,BHANDUP,VIDYAVIHAR,7,12,False,True,False
97327,33,17,BHANDUP,VIDYAVIHAR,9,1426,False,True,False
97328,33,17,BHANDUP,VIDYAVIHAR,7,12,False,True,False
97329,33,17,BHANDUP,VIDYAVIHAR,10,1426,False,True,False
97330,33,17,BHANDUP,VIDYAVIHAR,8,12,False,True,False
97331,33,17,BHANDUP,VIDYAVIHAR,10,1426,False,True,False
97332,33,17,BHANDUP,VIDYAVIHAR,8,12,False,True,False
97333,33,17,BHANDUP,VIDYAVIHAR,10,1426,False,True,False
97334,33,17,BHANDUP,VIDYAVIHAR,8,12,False,True,False
97335,33,17,BHANDUP,VIDYAVIHAR,10,1426,False,True,False
97336,33,17,BHANDUP,VIDYAVIHAR,8,12,False,True,False
97337,33,17,BHANDUP,VIDYAVIHAR,10,1426,False,True,False
97338,33,17,BHANDUP,VIDYAVIHAR,8,12,False,True,False
97339,33,17,BHANDUP,VIDYAVIHAR,10,1426,False,True,False
97340,33,17,BHANDUP,VIDYAVIHAR,8,12,False,True,False
97341,33,17,BHANDUP,VIDYAVIHAR,10,1426,False,True,False
97342,33,17,BHANDUP,VIDYAVIHAR,9,12,False,True,False
97343,33,17,BHANDUP,VIDYAVIHAR,11,1426,False,True,False
97344,33,17,BHANDUP,VIDYAVIHAR,9,12,False,True,False
97345,33,17,BHANDUP,VIDYAVIHAR,11,1426,False,True,False
97346,33,17,BHANDUP,VIDYAVIHAR,9,12,False,True,False
97347,33,17,BHANDUP,VIDYAVIHAR,11,1426,False,True,False
97348,33,17,BHANDUP,VIDYAVIHAR,9,14,False,True,False
97349,33,17,BHANDUP,VIDYAVIHAR,11,1426,False,True,False
97350,33,17,BHANDUP,VIDYAVIHAR,9,12,False,True,False
97351,33,17,BHANDUP,VIDYAVIHAR,11,1426,False,True,False
97352,33,17,BHANDUP,VIDYAVIHAR,10,12,False,True,False
97353,33,17,BHANDUP,VIDYAVIHAR,12,1426,False,False,False
97354,33,17,BHANDUP,VIDYAVIHAR,10,12,False,True,False
97355,33,17,BHANDUP,VIDYAVIHAR,12,1426,False,False,False
97356,33,17,BHANDUP,VIDYAVIHAR,10,12,False,True,False
97357,33,17,BHANDUP,VIDYAVIHAR,12,1426,False,False,False
97358,33,17,BHANDUP,VIDYAVIHAR,10,12,False,True,False
97359,33,17,BHANDUP,VIDYAVIHAR,13,1426,False,False,False
97360,33,17,BHANDUP,VIDYAVIHAR,10,12,False,True,False
97361,33,17,BHANDUP,VIDYAVIHAR,13,1425,False,False,False
97362,33,17,BHANDUP,VIDYAVIHAR,10,12,False,True,False
97363,33,17,BHANDUP,VIDYAVIHAR,13,1426,False,False,False
97364,33,17,BHANDUP,VIDYAVIHAR,11,12,False,True,False
97365,33,17,BHANDUP,VIDYAVIHAR,14,1426,False,False,False
97366,33,17,BHANDUP,VIDYAVIHAR,11,12,False,True,False
97367,33,17,BHANDUP,VIDYAVIHAR,14,1426,False,False,False
97368,33,17,BHANDUP,VIDYAVIHAR,11,12,False,True,False
97369,33,17,BHANDUP,VIDYAVIHAR,15,1426,False,False,False
97370,33,17,BHANDUP,VIDYAVIHAR,12,12,False,False,False
97371,33,17,BHANDUP,VIDYAVIHAR,15,1426,False,False,False
97372,33,17,BHANDUP,VIDYAVIHAR,13,12,False,False,False
97373,33,17,BHANDUP,VIDYAVIHAR,16,1426,False,False,False
97374,33,17,BHANDUP,VIDYAVIHAR,13,12,False,False,False
97375,24,10,BHANDUP,VIDYAVIHAR,16,1426,False,False,False
97376,33,17,BHANDUP,VIDYAVIHAR,14,12,False,False,False
97377,33,17,BHANDUP,VIDYAVIHAR,16,1426,False,False,False
97378,33,17,BHANDUP,VIDYAVIHAR,14,12,False,False,False
97379,33,17,BHANDUP,VIDYAVIHAR,17,1426,True,False,False
97380,33,17,BHANDUP,VIDYAVIHAR,15,12,False,False,False
97381,33,17,BHANDUP,VIDYAVIHAR,17,1426,True,False,False
97382,33,17,BHANDUP,VIDYAVIHAR,15,12,False,False,False
97383,33,17,BHANDUP,VIDYAVIHAR,17,1426,True,False,False
97384,24,10,BHANDUP,VIDYAVIHAR,15,12,False,False,False
97385,33,17,BHANDUP,VIDYAVIHAR,17,1426,True,False,False
97386,33,17,BHANDUP,VIDYAVIHAR,15,12,False,False,False
97387,33,17,BHANDUP,VIDYAVIHAR,17,1426,True,False,False
97388,33,17,BHANDUP,VIDYAVIHAR,16,12,False,False,False
97389,33,17,BHANDUP,VIDYAVIHAR,17,1426,True,False,False
97390,33,17,BHANDUP,VIDYAVIHAR,16,12,False,False,False
97391,33,17,BHANDUP,VIDYAVIHAR,18,1426,True,False,False
97392,33,17,BHANDUP,VIDYAVIHAR,16,12,False,False,False
97393,33,17,BHANDUP,VIDYAVIHAR,18,1426,True,False,False
97394,33,17,BHANDUP,VIDYAVIHAR,16,12,False,False,False
97395,33,17,BHANDUP,VIDYAVIHAR,18,1426,True,False,False
97396,33,17,BHANDUP,VIDYAVIHAR,16,12,False,False,False
97397,33,17,BHANDUP,VIDYAVIHAR,18,1426,True,False,False
97398,33,17,BHANDUP,VIDYAVIHAR,16,12,False,False,False
97399,33,17,BHANDUP,VIDYAVIHAR,18,1426,True,False,False
97400,33,17,BHANDUP,VIDYAVIHAR,17,12,True,False,False
97401,33,17,BHANDUP,VIDYAVIHAR,19,1426,True,False,False
97402,33,17,BHANDUP,VIDYAVIHAR,17,12,True,False,False
97403,33,17,BHANDUP,VIDYAVIHAR,19,1426,True,False,False
97404,33,17,BHANDUP,VIDYAVIHAR,17,12,True,False,False
97405,33,17,BHANDUP,VIDYAVIHAR,19,1426,True,False,False
97406,24,10,BHANDUP,VIDYAVIHAR,17,12,True,False,False
97407,33,17,BHANDUP,VIDYAVIHAR,19,1426,True,False,False
97408,33,17,BHANDUP,VIDYAVIHAR,17,12,True,False,False
97409,24,10,BHANDUP,VIDYAVIHAR,19,1426,True,False,False
97410,24,10,BHANDUP,VIDYAVIHAR,17,12,True,False,False
97411,33,17,BHANDUP,VIDYAVIHAR,20,1426,True,False,False
97412,33,17,BHANDUP,VIDYAVIHAR,17,12,True,False,False
97413,33,17,BHANDUP,VIDYAVIHAR,20,1426,True,False,False
97414,33,17,BHANDUP,VIDYAVIHAR,18,12,True,False,False
97415,24,10,BHANDUP,VIDYAVIHAR,20,1426,True,False,False
97416,33,17,BHANDUP,VIDYAVIHAR,18,12,True,False,False
97417,33,17,BHANDUP,VIDYAVIHAR,20,1426,True,False,False
97418,33,17,BHANDUP,VIDYAVIHAR,18,12,True,False,False
97419,33,17,BHANDUP,VIDYAVIHAR,21,1426,False,False,True
97420,24,10,BHANDUP,VIDYAVIHAR,18,12,True,False,False
97421,33,17,BHANDUP,VIDYAVIHAR,21,1426,False,False,True
97422,33,17,BHANDUP,VIDYAVIHAR,18,12,True,False,False
97423,33,17,BHANDUP,VIDYAVIHAR,21,1426,False,False,True
97424,24,10,BHANDUP,VIDYAVIHAR,18,12,True,False,False
97425,33,17,BHANDUP,VIDYAVIHAR,22,1426,False,False,True
97426,33,17,BHANDUP,VIDYAVIHAR,18,12,True,False,False
97427,33,17,BHANDUP,VIDYAVIHAR,23,1426,False,False,True
97428,33,17,BHANDUP,VIDYAVIHAR,19,12,True,False,False
97429,24,10,BHANDUP,VIDYAVIHAR,22,1426,False,False,True
97430,24,10,BHANDUP,VIDYAVIHAR,19,12,True,False,False
97431,33,17,BHANDUP,VIDYAVIHAR,23,1426,False,False,True
97432,33,17,BHANDUP,VIDYAVIHAR,19,12,True,False,False
97433,33,17,BHANDUP,VIDYAVIHAR,23,1426,False,False,True
97434,33,17,BHANDUP,VIDYAVIHAR,19,12,True,False,False
97435,33,17,BHANDUP,VIDYAVIHAR,23,1426,False,False,True
97436,33,17,BHANDUP,VIDYAVIHAR,20,12,True,False,False
97437,33,17,BHANDUP,VIDYAVIHAR,0,1426,False,False,True
97438,33,17,BHANDUP,VIDYAVIHAR,20,12,True,False,False
97439,33,17,BHANDUP,VIDYAVIHAR,0,1426,False,False,True
97440,33,17,BHANDUP,VIDYAVIHAR,21,12,False,False,True
97441,33,17,BHANDUP,VIDYAVIHAR,0,1426,False,False,True
97442,24,10,BHANDUP,VIDYAVIHAR,21,12,False,False,True
97444,33,16,BHANDUP,VIDYAVIHAR,21,13,False,False,True
97445,33,16,BHANDUP,VIDYAVIHAR,0,1426,False,False,True
97446,33,16,BHANDUP,VIDYAVIHAR,22,13,False,False,True
97501,19,12,MUMBAI (BYCU,VIDYAVIHAR,8,22,False,True,False
97502,19,12,MUMBAI (BYCU,VIDYAVIHAR,9,1415,False,True,False
97503,19,12,MUMBAI (BYCU,VIDYAVIHAR,9,22,False,True,False
97504,19,12,MUMBAI (BYCU,VIDYAVIHAR,10,1415,False,True,False
97601,15,10,MUMBAI (BYCU,MUMBAI SANDH,8,1436,False,True,False
97602,15,10,MUMBAI (BYCU,MUMBAI SANDH,5,2,False,True,False
97603,15,10,MUMBAI (BYCU,MUMBAI SANDH,8,1436,False,True,False
97604,15,10,MUMBAI (BYCU,MUMBAI SANDH,6,2,False,True,False
97605,15,10,MUMBAI (BYCU,MUMBAI SANDH,9,1436,False,True,False
97606,15,10,MUMBAI (BYCU,MUMBAI SANDH,6,2,False,True,False
97607,15,10,MUMBAI (BYCU,MUMBAI SANDH,9,1436,False,True,False
97608,15,10,MUMBAI (BYCU,MUMBAI SANDH,7,2,False,True,False
97609,15,10,MUMBAI (BYCU,MUMBAI SANDH,9,1436,False,True,False
97610,15,10,MUMBAI (BYCU,MUMBAI SANDH,9,2,False,True,False
97611,15,10,MUMBAI (BYCU,MUMBAI SANDH,10,1436,False,True,False
97612,15,10,MUMBAI (BYCU,MUMBAI SANDH,10,2,False,True,False
97613,15,10,MUMBAI (BYCU,MUMBAI SANDH,10,1436,False,True,False
97614,15,10,MUMBAI (BYCU,MUMBAI SANDH,10,2,False,True,False
97615,15,10,MUMBAI (BYCU,MUMBAI SANDH,10,1436,False,True,False
97616,15,10,MUMBAI (BYCU,MUMBAI SANDH,11,2,False,True,False
97617,15,10,MUMBAI (BYCU,MUMBAI SANDH,10,1436,False,True,False
97618,15,10,MUMBAI (BYCU,MUMBAI SANDH,16,2,False,False,False
97619,15,10,MUMBAI (BYCU,MUMBAI SANDH,11,1436,False,True,False
97620,15,10,MUMBAI (BYCU,MUMBAI SANDH,16,2,False,False,False
97621,15,10,MUMBAI (BYCU,MUMBAI SANDH,11,1436,False,True,False
97622,15,10,MUMBAI (BYCU,MUMBAI SANDH,17,2,True,False,False
97623,15,10,MUMBAI (BYCU,MUMBAI SANDH,16,1436,False,False,False
97624,15,10,MUMBAI (BYCU,MUMBAI SANDH,17,2,True,False,False
97625,15,10,MUMBAI (BYCU,MUMBAI SANDH,17,1436,True,False,False
97626,15,10,MUMBAI (BYCU,MUMBAI SANDH,18,2,True,False,False
97627,15,10,MUMBAI (BYCU,MUMBAI SANDH,17,1436,True,False,False
97628,15,10,MUMBAI (BYCU,MUMBAI SANDH,18,2,True,False,False
97629,15,10,MUMBAI (BYCU,MUMBAI SANDH,18,1436,True,False,False
97630,15,10,MUMBAI (BYCU,MUMBAI SANDH,18,2,True,False,False
97631,15,10,MUMBAI (BYCU,MUMBAI SANDH,18,1436,True,False,False
97632,15,10,MUMBAI (BYCU,MUMBAI SANDH,19,2,True,False,False
97633,15,10,MUMBAI (BYCU,MUMBAI SANDH,20,1436,True,False,False
97634,15,10,MUMBAI (BYCU,MUMBAI SANDH,19,2,True,False,False
97635,15,10,MUMBAI (BYCU,MUMBAI SANDH,22,1436,False,False,True
97636,15,10,MUMBAI (BYCU,MUMBAI SANDH,19,2,True,False,False
97637,15,10,MUMBAI (BYCU,MUMBAI SANDH,22,1436,False,False,True
97638,15,10,MUMBAI (BYCU,MUMBAI SANDH,18,2,True,False,False
97639,15,10,MUMBAI (BYCU,MUMBAI SANDH,23,1436,False,False,True
97640,15,10,MUMBAI (BYCU,MUMBAI SANDH,18,2,True,False,False
97641,15,10,MUMBAI (BYCU,MUMBAI SANDH,23,1436,False,False,True
97642,15,10,MUMBAI (BYCU,MUMBAI SANDH,18,2,True,False,False
97643,15,10,MUMBAI (BYCU,MUMBAI SANDH,23,1436,False,False,True
97644,15,10,MUMBAI (BYCU,MUMBAI SANDH,19,2,True,False,False
97645,15,10,MUMBAI (BYCU,MUMBAI SANDH,21,1436,False,False,True
97646,15,10,MUMBAI (BYCU,MUMBAI SANDH,19,2,True,False,False
97647,15,10,MUMBAI (BYCU,MUMBAI SANDH,22,1436,False,False,True
97648,15,10,MUMBAI (BYCU,MUMBAI SANDH,20,2,True,False,False
97649,15,10,MUMBAI (BYCU,MUMBAI SANDH,22,1436,False,False,True
97651,15,10,MUMBAI (BYCU,MUMBAI SANDH,23,1436,False,False,True
97653,15,10,MUMBAI (BYCU,MUMBAI SANDH,23,1436,False,False,True
97655,15,10,MUMBAI (BYCU,MUMBAI SANDH,0,1436,False,False,True
98000,49,2,CST-MUMBAI,PANVEL,0,0,False,False,True
98001,49,2,CST-MUMBAI,PANVEL,0,77,False,False,True
98002,49,2,CST-MUMBAI,PANVEL,0,0,False,False,True
98003,49,2,CST-MUMBAI,PANVEL,0,77,False,False,True
98004,49,2,CST-MUMBAI,PANVEL,0,0,False,False,True
98005,49,2,CST-MUMBAI,PANVEL,0,77,False,False,True
98006,49,2,CST-MUMBAI,PANVEL,0,0,False,False,True
98007,49,2,CST-MUMBAI,PANVEL,4,77,False,True,False
98008,49,2,CST-MUMBAI,PANVEL,0,0,False,False,True
98009,49,2,CST-MUMBAI,PANVEL,4,77,False,True,False
98010,49,2,CST-MUMBAI,PANVEL,0,0,False,False,True
98011,49,2,CST-MUMBAI,PANVEL,4,77,False,True,False
98012,49,2,CST-MUMBAI,PANVEL,0,0,False,False,True
98013,20,2,PANVEL,VASHI,0,0,False,False,True
98014,49,2,CST-MUMBAI,PANVEL,0,0,False,False,True
98015,49,2,CST-MUMBAI,PANVEL,5,77,False,True,False
98016,49,2,CST-MUMBAI,PANVEL,0,0,False,False,True
98017,49,2,CST-MUMBAI,PANVEL,5,77,False,True,False
98018,39,2,PANVEL,MUMBAI VADAL,6,60,False,True,False
98019,49,2,CST-MUMBAI,PANVEL,5,77,False,True,False
98020,49,2,CST-MUMBAI,PANVEL,0,0,False,False,True
98021,20,2,PANVEL,VASHI,0,0,False,False,True
98022,49,2,CST-MUMBAI,PANVEL,0,0,False,False,True
98023,49,2,CST-MUMBAI,PANVEL,5,77,False,True,False
98024,49,2,CST-MUMBAI,PANVEL,0,0,False,False,True
98025,49,2,CST-MUMBAI,PANVEL,6,77,False,True,False
98026,39,2,PANVEL,MUMBAI VADAL,7,59,False,True,False
98027,49,2,CST-MUMBAI,PANVEL,6,77,False,True,False
98028,49,2,CST-MUMBAI,PANVEL,0,0,False,False,True
98029,49,2,CST-MUMBAI,PANVEL,6,77,False,True,False
98030,49,2,CST-MUMBAI,PANVEL,0,0,False,False,True
98031,39,2,PANVEL,MUMBAI VADAL,0,0,False,False,True
98032,39,2,PANVEL,MUMBAI VADAL,7,59,False,True,False
98033,49,2,CST-MUMBAI,PANVEL,6,77,False,True,False
98034,49,2,CST-MUMBAI,PANVEL,0,0,False,False,True
98035,49,2,CST-MUMBAI,PANVEL,6,78,False,True,False
98036,49,2,CST-MUMBAI,PANVEL,0,0,False,False,True
98037,49,2,CST-MUMBAI,PANVEL,6,80,False,True,False
98038,49,2,CST-MUMBAI,PANVEL,0,0,False,False,True
98039,49,2,CST-MUMBAI,PANVEL,7,77,False,True,False
98040,39,2,PANVEL,MUMBAI VADAL,8,59,False,True,False
98041,49,2,CST-MUMBAI,PANVEL,7,77,False,True,False
98042,49,2,CST-MUMBAI,PANVEL,0,0,False,False,True
98043,49,2,CST-MUMBAI,PANVEL,7,77,False,True,False
98044,49,2,CST-MUMBAI,PANVEL,0,0,False,False,True
98045,49,2,CST-MUMBAI,PANVEL,7,77,False,True,False
98046,49,2,CST-MUMBAI,PANVEL,0,0,False,False,True
98047,49,2,CST-MUMBAI,PANVEL,7,77,False,True,False
98048,49,2,CST-MUMBAI,PANVEL,0,0,False,False,True
98049,49,2,CST-MUMBAI,PANVEL,8,77,False,True,False
98050,49,2,CST-MUMBAI,PANVEL,0,0,False,False,True
98051,39,2,PANVEL,MUMBAI VADAL,0,0,False,False,True
98052,49,2,CST-MUMBAI,PANVEL,0,0,False,False,True
98053,49,2,CST-MUMBAI,PANVEL,8,77,False,True,False
98054,49,2,CST-MUMBAI,PANVEL,0,0,False,False,True
98055,49,2,CST-MUMBAI,PANVEL,8,78,False,True,False
98056,49,2,CST-MUMBAI,PANVEL,0,0,False,False,True
98057,49,2,CST-MUMBAI,PANVEL,8,78,False,True,False
98058,49,2,CST-MUMBAI,PANVEL,0,0,False,False,True
98059,49,2,CST-MUMBAI,PANVEL,9,77,False,True,False
98060,49,2,CST-MUMBAI,PANVEL,0,0,False,False,True
98061,49,2,CST-MUMBAI,PANVEL,9,77,False,True,False
98062,49,2,CST-MUMBAI,PANVEL,0,0,False,False,True
98063,49,2,CST-MUMBAI,PANVEL,9,78,False,True,False
98064,49,2,CST-MUMBAI,PANVEL,0,0,False,False,True
98065,49,2,CST-MUMBAI,PANVEL,9,77,False,True,False
98066,49,2,CST-MUMBAI,PANVEL,0,0,False,False,True
98067,49,2,CST-MUMBAI,PANVEL,10,77,False,True,False
98068,49,2,CST-MUMBAI,PANVEL,0,0,False,False,True
98069,49,2,CST-MUMBAI,PANVEL,10,77,False,True,False
98070,49,2,CST-MUMBAI,PANVEL,0,0,False,False,True
98071,49,2,CST-MUMBAI,PANVEL,10,77,False,True,False
98072,49,2,CST-MUMBAI,PANVEL,0,0,False,False,True
98073,49,2,CST-MUMBAI,PANVEL,10,77,False,True,False
98074,49,2,CST-MUMBAI,PANVEL,0,0,False,False,True
98075,49,2,CST-MUMBAI,PANVEL,10,80,False,True,False
98076,49,2,CST-MUMBAI,PANVEL,0,0,False,False,True
98077,49,2,CST-MUMBAI,PANVEL,10,77,False,True,False
98078,49,2,CST-MUMBAI,PANVEL,0,0,False,False,True
98079,49,2,CST-MUMBAI,PANVEL,11,77,False,True,False
98080,49,2,CST-MUMBAI,PANVEL,0,0,False,False,True
98081,49,2,CST-MUMBAI,PANVEL,11,77,False,True,False
98082,49,2,CST-MUMBAI,PANVEL,0,0,False,False,True
98083,39,2,PANVEL,MUMBAI VADAL,0,0,False,False,True
98084,49,2,CST-MUMBAI,PANVEL,0,0,False,False,True
98085,49,2,CST-MUMBAI,PANVEL,11,77,False,True,False
98087,49,2,CST-MUMBAI,PANVEL,11,77,False,True,False
98088,49,2,CST-MUMBAI,PANVEL,0,0,False,False,True
98089,49,2,CST-MUMBAI,PANVEL,12,77,False,False,False
98090,49,2,CST-MUMBAI,PANVEL,0,0,False,False,True
98091,49,2,CST-MUMBAI,PANVEL,12,77,False,False,False
98092,49,2,CST-MUMBAI,PANVEL,0,0,False,False,True
98093,49,2,CST-MUMBAI,PANVEL,12,78,False,False,False
98094,49,2,CST-MUMBAI,PANVEL,0,0,False,False,True
98095,49,2,CST-MUMBAI,PANVEL,12,78,False,False,False
98096,49,2,CST-MUMBAI,PANVEL,0,0,False,False,True
98097,49,2,CST-MUMBAI,PANVEL,13,77,False,False,False
98098,49,2,CST-MUMBAI,PANVEL,0,0,False,False,True
98099,49,2,CST-MUMBAI,PANVEL,13,77,False,False,False
98100,49,2,CST-MUMBAI,PANVEL,0,0,False,False,True
98101,49,2,CST-MUMBAI,PANVEL,13,77,False,False,False
98102,49,2,CST-MUMBAI,PANVEL,0,0,False,False,True
98103,39,2,PANVEL,MUMBAI VADAL,0,0,False,False,True
98104,49,2,CST-MUMBAI,PANVEL,0,0,False,False,True
98105,49,2,CST-MUMBAI,PANVEL,13,77,False,False,False
98106,49,2,CST-MUMBAI,PANVEL,0,0,False,False,True
98107,49,2,CST-MUMBAI,PANVEL,13,77,False,False,False
98108,49,2,CST-MUMBAI,PANVEL,0,0,False,False,True
98109,49,2,CST-MUMBAI,PANVEL,14,79,False,False,False
98110,49,2,CST-MUMBAI,PANVEL,0,0,False,False,True
98111,49,2,CST-MUMBAI,PANVEL,14,78,False,False,False
98112,49,2,CST-MUMBAI,PANVEL,0,0,False,False,True
98113,49,2,CST-MUMBAI,PANVEL,14,77,False,False,False
98114,49,2,CST-MUMBAI,PANVEL,0,0,False,False,True
98115,49,2,CST-MUMBAI,PANVEL,14,77,False,False,False
98116,49,2,CST-MUMBAI,PANVEL,0,0,False,False,True
98117,49,2,CST-MUMBAI,PANVEL,15,77,False,False,False
98118,49,2,CST-MUMBAI,PANVEL,0,0,False,False,True
98119,49,2,CST-MUMBAI,PANVEL,15,78,False,False,False
98120,49,2,CST-MUMBAI,PANVEL,0,0,False,False,True
98121,49,2,CST-MUMBAI,PANVEL,15,77,False,False,False
98122,49,2,CST-MUMBAI,PANVEL,0,0,False,False,True
98123,49,2,CST-MUMBAI,PANVEL,15,77,False,False,False
98124,49,2,CST-MUMBAI,PANVEL,0,0,False,False,True
98125,49,2,CST-MUMBAI,PANVEL,15,77,False,False,False
98126,49,2,CST-MUMBAI,PANVEL,0,0,False,False,True
98127,49,2,CST-MUMBAI,PANVEL,15,77,False,False,False
98128,49,2,CST-MUMBAI,PANVEL,0,0,False,False,True
98129,49,2,CST-MUMBAI,PANVEL,16,77,False,False,False
98130,49,2,CST-MUMBAI,PANVEL,0,0,False,False,True
98131,49,2,CST-MUMBAI,PANVEL,16,79,False,False,False
98132,49,2,CST-MUMBAI,PANVEL,0,0,False,False,True
98133,39,2,PANVEL,MUMBAI VADAL,0,0,False,False,True
98134,39,2,PANVEL,MUMBAI VADAL,17,61,True,False,False
98135,49,2,CST-MUMBAI,PANVEL,16,80,False,False,False
98136,49,2,CST-MUMBAI,PANVEL,0,0,False,False,True
98137,49,2,CST-MUMBAI,PANVEL,16,78,False,False,False
98138,49,2,CST-MUMBAI,PANVEL,0,0,False,False,True
98139,49,2,CST-MUMBAI,PANVEL,16,77,False,False,False
98140,49,2,CST-MUMBAI,PANVEL,0,0,False,False,True
98141,49,2,CST-MUMBAI,PANVEL,17,77,True,False,False
98142,49,2,CST-MUMBAI,PANVEL,0,0,False,False,True
98143,39,2,PANVEL,MUMBAI VADAL,0,0,False,False,True
98144,39,2,PANVEL,MUMBAI VADAL,18,59,True,False,False
98145,49,2,CST-MUMBAI,PANVEL,17,78,True,False,False
98146,49,2,CST-MUMBAI,PANVEL,0,0,False,False,True
98147,49,2,CST-MUMBAI,PANVEL,17,77,True,False,False
98148,49,2,CST-MUMBAI,PANVEL,0,0,False,False,True
98149,39,2,PANVEL,MUMBAI VADAL,0,0,False,False,True
98150,49,2,CST-MUMBAI,PANVEL,0,0,False,False,True
98151,49,2,CST-MUMBAI,PANVEL,17,79,True,False,False
98152,49,2,CST-MUMBAI,PANVEL,0,0,False,False,True
98153,49,2,CST-MUMBAI,PANVEL,17,78,True,False,False
98154,49,2,CST-MUMBAI,PANVEL,0,0,False,False,True
98155,49,2,CST-MUMBAI,PANVEL,18,78,True,False,False
98156,49,2,CST-MUMBAI,PANVEL,0,0,False,False,True
98157,49,2,CST-MUMBAI,PANVEL,18,78,True,False,False
98158,49,2,CST-MUMBAI,PANVEL,0,0,False,False,True
98159,49,2,CST-MUMBAI,PANVEL,18,77,True,False,False
98160,49,2,CST-MUMBAI,PANVEL,0,0,False,False,True
98161,49,2,CST-MUMBAI,PANVEL,18,77,True,False,False
98162,49,2,CST-MUMBAI,PANVEL,0,0,False,False,True
98163,49,2,CST-MUMBAI,PANVEL,18,79,True,False,False
98164,49,2,CST-MUMBAI,PANVEL,0,0,False,False,True
98165,49,2,CST-MUMBAI,PANVEL,19,77,True,False,False
98166,20,2,PANVEL,VASHI,20,30,True,False,False
98167,39,2,PANVEL,MUMBAI VADAL,0,0,False,False,True
98168,49,2,CST-MUMBAI,PANVEL,0,0,False,False,True
98169,49,2,CST-MUMBAI,PANVEL,19,77,True,False,False
98170,49,2,CST-MUMBAI,PANVEL,0,0,False,False,True
98171,49,2,CST-MUMBAI,PANVEL,19,78,True,False,False
98172,49,2,CST-MUMBAI,PANVEL,0,0,False,False,True
98173,39,2,PANVEL,MUMBAI VADAL,0,0,False,False,True
98174,49,2,CST-MUMBAI,PANVEL,0,0,False,False,True
98175,49,2,CST-MUMBAI,PANVEL,19,78,True,False,False
98176,49,2,CST-MUMBAI,PANVEL,0,0,False,False,True
98177,39,2,PANVEL,MUMBAI VADAL,0,0,False,False,True
98178,49,2,CST-MUMBAI,PANVEL,0,0,False,False,True
98179,49,2,CST-MUMBAI,PANVEL,20,78,True,False,False
98180,49,2,CST-MUMBAI,PANVEL,0,0,False,False,True
98181,39,2,PANVEL,MUMBAI VADAL,0,0,False,False,True
98182,49,2,CST-MUMBAI,PANVEL,0,0,False,False,True
98183,49,2,CST-MUMBAI,PANVEL,20,77,True,False,False
98184,49,2,CST-MUMBAI,PANVEL,0,0,False,False,True
98185,49,2,CST-MUMBAI,PANVEL,20,77,True,False,False
98186,49,2,CST-MUMBAI,PANVEL,0,0,False,False,True
98187,39,2,PANVEL,MUMBAI VADAL,0,0,False,False,True
98188,49,2,CST-MUMBAI,PANVEL,0,0,False,False,True
98189,49,2,CST-MUMBAI,PANVEL,20,77,True,False,False
98190,49,2,CST-MUMBAI,PANVEL,0,0,False,False,True
98191,49,2,CST-MUMBAI,PANVEL,21,77,False,False,True
98192,49,2,CST-MUMBAI,PANVEL,0,0,False,False,True
98193,49,2,CST-MUMBAI,PANVEL,21,78,False,False,True
98194,49,2,CST-MUMBAI,PANVEL,0,0,False,False,True
98195,49,2,CST-MUMBAI,PANVEL,21,79,False,False,True
98196,10,2,BELAPUR C.B.,PANVEL,0,0,False,False,True
98197,49,2,CST-MUMBAI,PANVEL,21,78,False,False,True
98198,49,2,CST-MUMBAI,PANVEL,0,0,False,False,True
98199,49,2,CST-MUMBAI,PANVEL,21,78,False,False,True
98200,20,2,PANVEL,VASHI,23,30,False,False,True
98201,49,2,CST-MUMBAI,PANVEL,22,78,False,False,True
98202,49,2,CST-MUMBAI,PANVEL,0,0,False,False,True
98203,49,2,CST-MUMBAI,PANVEL,22,77,False,False,True
98204,49,2,CST-MUMBAI,PANVEL,0,0,False,False,True
98205,49,2,CST-MUMBAI,PANVEL,22,77,False,False,True
98207,49,2,CST-MUMBAI,PANVEL,22,77,False,False,True
98208,10,2,BELAPUR C.B.,PANVEL,0,0,False,False,True
98209,49,2,CST-MUMBAI,PANVEL,23,77,False,False,True
98211,49,2,CST-MUMBAI,PANVEL,23,77,False,False,True
98213,49,2,CST-MUMBAI,PANVEL,23,77,False,False,True
98214,10,2,BELAPUR C.B.,PANVEL,0,0,False,False,True
98215,49,2,CST-MUMBAI,PANVEL,23,78,False,False,True
98300,38,2,BELAPUR C.B.,CST-MUMBAI,3,64,False,False,True
98301,38,2,BELAPUR C.B.,CST-MUMBAI,0,0,False,False,True
98302,38,2,BELAPUR C.B.,CST-MUMBAI,4,64,False,True,False
98303,38,2,BELAPUR C.B.,CST-MUMBAI,0,0,False,False,True
98304,38,2,BELAPUR C.B.,CST-MUMBAI,4,64,False,True,False
98305,38,2,BELAPUR C.B.,CST-MUMBAI,0,0,False,False,True
98306,38,2,BELAPUR C.B.,CST-MUMBAI,5,64,False,True,False
98307,38,2,BELAPUR C.B.,CST-MUMBAI,0,0,False,False,True
98308,38,2,BELAPUR C.B.,CST-MUMBAI,5,64,False,True,False
98309,28,2,BELAPUR C.B.,MUMBAI VADAL,0,0,False,False,True
98310,38,2,BELAPUR C.B.,CST-MUMBAI,5,64,False,True,False
98311,38,2,BELAPUR C.B.,CST-MUMBAI,0,0,False,False,True
98312,38,2,BELAPUR C.B.,CST-MUMBAI,5,63,False,True,False
98313,38,2,BELAPUR C.B.,CST-MUMBAI,0,0,False,False,True
98314,38,2,BELAPUR C.B.,CST-MUMBAI,6,63,False,True,False
98315,38,2,BELAPUR C.B.,CST-MUMBAI,0,0,False,False,True
98316,38,2,BELAPUR C.B.,CST-MUMBAI,6,63,False,True,False
98317,38,2,BELAPUR C.B.,CST-MUMBAI,0,0,False,False,True
98318,38,2,BELAPUR C.B.,CST-MUMBAI,6,63,False,True,False
98319,38,2,BELAPUR C.B.,CST-MUMBAI,0,0,False,False,True
98320,38,2,BELAPUR C.B.,CST-MUMBAI,7,63,False,True,False
98321,28,2,BELAPUR C.B.,MUMBAI VADAL,0,0,False,False,True
98322,38,2,BELAPUR C.B.,CST-MUMBAI,7,63,False,True,False
98323,38,2,BELAPUR C.B.,CST-MUMBAI,0,0,False,False,True
98324,38,2,BELAPUR C.B.,CST-MUMBAI,8,63,False,True,False
98325,38,2,BELAPUR C.B.,CST-MUMBAI,0,0,False,False,True
98326,38,2,BELAPUR C.B.,CST-MUMBAI,8,63,False,True,False
98327,38,2,BELAPUR C.B.,CST-MUMBAI,0,0,False,False,True
98328,38,2,BELAPUR C.B.,CST-MUMBAI,9,65,False,True,False
98329,28,2,BELAPUR C.B.,MUMBAI VADAL,0,0,False,False,True
98330,38,2,BELAPUR C.B.,CST-MUMBAI,9,63,False,True,False
98331,38,2,BELAPUR C.B.,CST-MUMBAI,0,0,False,False,True
98332,38,2,BELAPUR C.B.,CST-MUMBAI,9,63,False,True,False
98333,38,2,BELAPUR C.B.,CST-MUMBAI,0,0,False,False,True
98334,28,2,BELAPUR C.B.,MUMBAI VADAL,9,45,False,True,False
98335,38,2,BELAPUR C.B.,CST-MUMBAI,0,0,False,False,True
98336,38,2,BELAPUR C.B.,CST-MUMBAI,10,65,False,True,False
98337,38,2,BELAPUR C.B.,CST-MUMBAI,0,0,False,False,True
98338,28,2,BELAPUR C.B.,MUMBAI VADAL,10,45,False,True,False
98339,38,2,BELAPUR C.B.,CST-MUMBAI,0,0,False,False,True
98340,28,2,BELAPUR C.B.,MUMBAI VADAL,10,45,False,True,False
98341,38,2,BELAPUR C.B.,CST-MUMBAI,0,0,False,False,True
98342,38,2,BELAPUR C.B.,CST-MUMBAI,11,64,False,True,False
98343,38,2,BELAPUR C.B.,CST-MUMBAI,0,0,False,False,True
98344,38,2,BELAPUR C.B.,CST-MUMBAI,11,63,False,True,False
98345,38,2,BELAPUR C.B.,CST-MUMBAI,0,0,False,False,True
98346,38,2,BELAPUR C.B.,CST-MUMBAI,11,63,False,True,False
98347,38,2,BELAPUR C.B.,CST-MUMBAI,0,0,False,False,True
98348,38,2,BELAPUR C.B.,CST-MUMBAI,12,63,False,False,False
98349,38,2,BELAPUR C.B.,CST-MUMBAI,0,0,False,False,True
98350,38,2,BELAPUR C.B.,CST-MUMBAI,12,64,False,False,False
98351,38,2,BELAPUR C.B.,CST-MUMBAI,0,0,False,False,True
98352,38,2,BELAPUR C.B.,CST-MUMBAI,12,64,False,False,False
98353,38,2,BELAPUR C.B.,CST-MUMBAI,0,0,False,False,True
98354,38,2,BELAPUR C.B.,CST-MUMBAI,13,63,False,False,False
98355,28,2,BELAPUR C.B.,MUMBAI VADAL,0,0,False,False,True
98356,38,2,BELAPUR C.B.,CST-MUMBAI,13,63,False,False,False
98357,38,2,BELAPUR C.B.,CST-MUMBAI,0,0,False,False,True
98358,38,2,BELAPUR C.B.,CST-MUMBAI,14,63,False,False,False
98359,38,2,BELAPUR C.B.,CST-MUMBAI,0,0,False,False,True
98360,38,2,BELAPUR C.B.,CST-MUMBAI,14,64,False,False,False
98361,38,2,BELAPUR C.B.,CST-MUMBAI,0,0,False,False,True
98362,38,2,BELAPUR C.B.,CST-MUMBAI,15,64,False,False,False
98363,38,2,BELAPUR C.B.,CST-MUMBAI,0,0,False,False,True
98364,28,2,BELAPUR C.B.,MUMBAI VADAL,15,48,False,False,False
98365,38,2,BELAPUR C.B.,CST-MUMBAI,0,0,False,False,True
98366,38,2,BELAPUR C.B.,CST-MUMBAI,15,63,False,False,False
98367,28,2,BELAPUR C.B.,MUMBAI VADAL,0,0,False,False,True
98368,38,2,BELAPUR C.B.,CST-MUMBAI,16,65,False,False,False
98369,38,2,BELAPUR C.B.,CST-MUMBAI,0,0,False,False,True
98370,38,2,BELAPUR C.B.,CST-MUMBAI,16,64,False,False,False
98371,38,2,BELAPUR C.B.,CST-MUMBAI,0,0,False,False,True
98372,38,2,BELAPUR C.B.,CST-MUMBAI,16,67,False,False,False
98373,38,2,BELAPUR C.B.,CST-MUMBAI,0,0,False,False,True
98374,38,2,BELAPUR C.B.,CST-MUMBAI,17,64,True,False,False
98375,38,2,BELAPUR C.B.,CST-MUMBAI,0,0,False,False,True
98376,38,2,BELAPUR C.B.,CST-MUMBAI,17,63,True,False,False
98377,38,2,BELAPUR C.B.,CST-MUMBAI,0,0,False,False,True
98378,38,2,BELAPUR C.B.,CST-MUMBAI,17,65,True,False,False
98379,38,2,BELAPUR C.B.,CST-MUMBAI,0,0,False,False,True
98380,38,2,BELAPUR C.B.,CST-MUMBAI,18,66,True,False,False
98381,38,2,BELAPUR C.B.,CST-MUMBAI,0,0,False,False,True
98382,38,2,BELAPUR C.B.,CST-MUMBAI,18,63,True,False,False
98384,28,2,BELAPUR C.B.,MUMBAI VADAL,19,45,True,False,False
98386,38,2,BELAPUR C.B.,CST-MUMBAI,19,63,True,False,False
98388,38,2,BELAPUR C.B.,CST-MUMBAI,20,67,True,False,False
98390,38,2,BELAPUR C.B.,CST-MUMBAI,20,64,True,False,False
98392,38,2,BELAPUR C.B.,CST-MUMBAI,20,63,True,False,False
98394,38,2,BELAPUR C.B.,CST-MUMBAI,21,63,False,False,True
98500,28,2,CST-MUMBAI,VASHI,0,0,False,False,True
98501,28,2,CST-MUMBAI,VASHI,7,47,False,True,False
98502,28,2,CST-MUMBAI,VASHI,0,0,False,False,True
98503,28,2,CST-MUMBAI,VASHI,7,48,False,True,False
98504,28,2,CST-MUMBAI,VASHI,0,0,False,False,True
98505,28,2,CST-MUMBAI,VASHI,8,47,False,True,False
98506,28,2,CST-MUMBAI,VASHI,0,0,False,False,True
98507,19,2,MUMBAI VADAL,VASHI,9,29,False,True,False
98508,28,2,CST-MUMBAI,VASHI,0,0,False,False,True
98509,28,2,CST-MUMBAI,VASHI,9,48,False,True,False
98510,28,2,CST-MUMBAI,VASHI,0,0,False,False,True
98511,28,2,CST-MUMBAI,VASHI,9,47,False,True,False
98512,28,2,CST-MUMBAI,VASHI,0,0,False,False,True
98513,28,2,CST-MUMBAI,VASHI,9,48,False,True,False
98514,19,2,MUMBAI VADAL,VASHI,0,0,False,False,True
98515,28,2,CST-MUMBAI,VASHI,9,47,False,True,False
98516,28,2,CST-MUMBAI,VASHI,0,0,False,False,True
98517,28,2,CST-MUMBAI,VASHI,10,47,False,True,False
98518,28,2,CST-MUMBAI,VASHI,0,0,False,False,True
98519,28,2,CST-MUMBAI,VASHI,10,48,False,True,False
98520,28,2,CST-MUMBAI,VASHI,0,0,False,False,True
98521,28,2,CST-MUMBAI,VASHI,10,48,False,True,False
98522,28,2,CST-MUMBAI,VASHI,0,0,False,False,True
98523,28,2,CST-MUMBAI,VASHI,10,47,False,True,False
98524,28,2,CST-MUMBAI,VASHI,0,0,False,False,True
98525,28,2,CST-MUMBAI,VASHI,10,47,False,True,False
98526,28,2,CST-MUMBAI,VASHI,0,0,False,False,True
98527,19,2,MUMBAI VADAL,VASHI,11,29,False,True,False
98528,28,2,CST-MUMBAI,VASHI,0,0,False,False,True
98529,28,2,CST-MUMBAI,VASHI,12,47,False,False,False
98530,28,2,CST-MUMBAI,VASHI,0,0,False,False,True
98531,28,2,CST-MUMBAI,VASHI,13,47,False,False,False
98532,28,2,CST-MUMBAI,VASHI,0,0,False,False,True
98533,28,2,CST-MUMBAI,VASHI,13,47,False,False,False
98535,28,2,CST-MUMBAI,VASHI,15,47,False,False,False
98537,28,2,CST-MUMBAI,VASHI,16,47,False,False,False
98538,19,2,MUMBAI VADAL,VASHI,0,0,False,False,True
98539,28,2,CST-MUMBAI,VASHI,16,47,False,False,False
98540,28,2,CST-MUMBAI,VASHI,0,0,False,False,True
98541,28,2,CST-MUMBAI,VASHI,17,47,True,False,False
98543,28,2,CST-MUMBAI,VASHI,17,48,True,False,False
98544,28,2,CST-MUMBAI,VASHI,0,0,False,False,True
98545,28,2,CST-MUMBAI,VASHI,17,49,True,False,False
98546,19,2,MUMBAI VADAL,VASHI,0,0,False,False,True
98547,28,2,CST-MUMBAI,VASHI,17,49,True,False,False
98548,28,2,CST-MUMBAI,VASHI,0,0,False,False,True
98549,28,2,CST-MUMBAI,VASHI,18,47,True,False,False
98550,28,2,CST-MUMBAI,VASHI,0,0,False,False,True
98551,28,2,CST-MUMBAI,VASHI,18,48,True,False,False
98552,28,2,CST-MUMBAI,VASHI,0,0,False,False,True
98553,28,2,CST-MUMBAI,VASHI,18,49,True,False,False
98554,28,2,CST-MUMBAI,VASHI,0,0,False,False,True
98555,28,2,CST-MUMBAI,VASHI,19,48,True,False,False
98556,28,2,CST-MUMBAI,VASHI,0,0,False,False,True
98557,28,2,CST-MUMBAI,VASHI,19,47,True,False,False
98558,19,2,MUMBAI VADAL,VASHI,0,0,False,False,True
98559,28,2,CST-MUMBAI,VASHI,20,47,True,False,False
98560,28,2,CST-MUMBAI,VASHI,0,0,False,False,True
98561,28,2,CST-MUMBAI,VASHI,21,47,False,False,True
98562,19,2,MUMBAI VADAL,VASHI,0,0,False,False,True
98563,28,2,CST-MUMBAI,VASHI,21,48,False,False,True
98564,28,2,CST-MUMBAI,VASHI,0,0,False,False,True
98565,28,2,CST-MUMBAI,VASHI,21,47,False,False,True
98566,28,2,CST-MUMBAI,VASHI,0,0,False,False,True
98567,28,2,CST-MUMBAI,VASHI,22,47,False,False,True
98568,28,2,CST-MUMBAI,VASHI,0,0,False,False,True
98569,28,2,CST-MUMBAI,VASHI,22,47,False,False,True
98570,19,2,MUMBAI VADAL,VASHI,0,0,False,False,True
98571,28,2,CST-MUMBAI,VASHI,22,47,False,False,True
98572,28,2,CST-MUMBAI,VASHI,0,0,False,False,True
98573,28,2,CST-MUMBAI,VASHI,23,47,False,False,True
98574,28,2,CST-MUMBAI,VASHI,0,0,False,False,True
98575,28,2,CST-MUMBAI,VASHI,23,47,False,False,True
98576,28,2,CST-MUMBAI,VASHI,0,0,False,False,True
98577,28,2,CST-MUMBAI,VASHI,23,47,False,False,True
98578,19,2,MUMBAI VADAL,VASHI,0,0,False,False,True
98580,19,2,MUMBAI VADAL,VASHI,0,0,False,False,True
98600,21,2,CST-MUMBAI,MANKHURD,0,0,False,False,True
98601,21,2,CST-MUMBAI,MANKHURD,7,44,False,True,False
98602,21,2,CST-MUMBAI,MANKHURD,0,0,False,False,True
98603,21,2,CST-MUMBAI,MANKHURD,7,44,False,True,False
98604,17,2,CHEMBUR,CST-MUMBAI,9,36,False,True,False
98605,17,2,CHEMBUR,CST-MUMBAI,0,0,False,False,True
98700,10,2,CST-MUMBAI,RAVLI JN,0,0,False,False,True
98701,10,2,CST-MUMBAI,RAVLI JN,4,20,False,True,False
98702,10,2,CST-MUMBAI,RAVLI JN,0,0,False,False,True
98703,10,2,CST-MUMBAI,RAVLI JN,4,20,False,True,False
98704,10,2,CST-MUMBAI,RAVLI JN,0,0,False,False,True
98705,10,2,CST-MUMBAI,RAVLI JN,5,20,False,True,False
98706,10,2,CST-MUMBAI,RAVLI JN,0,0,False,False,True
98707,10,2,CST-MUMBAI,RAVLI JN,5,20,False,True,False
98708,10,2,CST-MUMBAI,RAVLI JN,0,0,False,False,True
98709,10,2,CST-MUMBAI,RAVLI JN,5,20,False,True,False
98710,10,2,CST-MUMBAI,RAVLI JN,0,0,False,False,True
98711,10,2,CST-MUMBAI,RAVLI JN,6,20,False,True,False
98712,10,2,CST-MUMBAI,RAVLI JN,0,0,False,False,True
98713,10,2,CST-MUMBAI,RAVLI JN,6,20,False,True,False
98714,10,2,CST-MUMBAI,RAVLI JN,0,0,False,False,True
98715,10,2,CST-MUMBAI,RAVLI JN,7,20,False,True,False
98716,10,2,CST-MUMBAI,RAVLI JN,0,0,False,False,True
98717,10,2,CST-MUMBAI,RAVLI JN,7,20,False,True,False
98718,10,2,CST-MUMBAI,RAVLI JN,0,0,False,False,True
98719,10,2,CST-MUMBAI,RAVLI JN,8,20,False,True,False
98720,10,2,CST-MUMBAI,RAVLI JN,0,0,False,False,True
98721,10,2,CST-MUMBAI,RAVLI JN,8,20,False,True,False
98722,10,2,CST-MUMBAI,RAVLI JN,0,0,False,False,True
98723,10,2,CST-MUMBAI,RAVLI JN,9,20,False,True,False
98724,10,2,CST-MUMBAI,RAVLI JN,0,0,False,False,True
98725,10,2,CST-MUMBAI,RAVLI JN,9,20,False,True,False
98726,10,2,CST-MUMBAI,RAVLI JN,0,0,False,False,True
98727,10,2,CST-MUMBAI,RAVLI JN,9,20,False,True,False
98728,10,2,CST-MUMBAI,RAVLI JN,0,0,False,False,True
98729,10,2,CST-MUMBAI,RAVLI JN,10,20,False,True,False
98730,10,2,CST-MUMBAI,RAVLI JN,0,0,False,False,True
98731,10,2,CST-MUMBAI,RAVLI JN,10,20,False,True,False
98732,10,2,CST-MUMBAI,RAVLI JN,0,0,False,False,True
98733,10,2,CST-MUMBAI,RAVLI JN,11,20,False,True,False
98734,10,2,CST-MUMBAI,RAVLI JN,0,0,False,False,True
98735,10,2,CST-MUMBAI,RAVLI JN,11,21,False,True,False
98736,10,2,CST-MUMBAI,RAVLI JN,0,0,False,False,True
98737,10,2,CST-MUMBAI,RAVLI JN,12,20,False,False,False
98738,10,2,CST-MUMBAI,RAVLI JN,0,0,False,False,True
98739,10,2,CST-MUMBAI,RAVLI JN,12,20,False,False,False
98740,10,2,CST-MUMBAI,RAVLI JN,0,0,False,False,True
98741,10,2,CST-MUMBAI,RAVLI JN,13,20,False,False,False
98742,10,2,CST-MUMBAI,RAVLI JN,0,0,False,False,True
98743,10,2,CST-MUMBAI,RAVLI JN,13,20,False,False,False
98744,10,2,CST-MUMBAI,RAVLI JN,0,0,False,False,True
98745,10,2,CST-MUMBAI,RAVLI JN,14,20,False,False,False
98746,10,2,CST-MUMBAI,RAVLI JN,0,0,False,False,True
98747,10,2,CST-MUMBAI,RAVLI JN,14,20,False,False,False
98748,10,2,CST-MUMBAI,RAVLI JN,0,0,False,False,True
98749,10,2,CST-MUMBAI,RAVLI JN,15,20,False,False,False
98750,10,2,CST-MUMBAI,RAVLI JN,0,0,False,False,True
98751,10,2,CST-MUMBAI,RAVLI JN,15,20,False,False,False
98752,10,2,CST-MUMBAI,RAVLI JN,0,0,False,False,True
98753,10,2,CST-MUMBAI,RAVLI JN,16,20,False,False,False
98754,10,2,CST-MUMBAI,RAVLI JN,0,0,False,False,True
98755,10,2,CST-MUMBAI,RAVLI JN,16,20,False,False,False
98756,10,2,CST-MUMBAI,RAVLI JN,0,0,False,False,True
98757,10,2,CST-MUMBAI,RAVLI JN,17,20,True,False,False
98758,10,2,CST-MUMBAI,RAVLI JN,0,0,False,False,True
98759,10,2,CST-MUMBAI,RAVLI JN,17,20,True,False,False
98760,10,2,CST-MUMBAI,RAVLI JN,0,0,False,False,True
98761,10,2,CST-MUMBAI,RAVLI JN,18,20,True,False,False
98762,10,2,CST-MUMBAI,RAVLI JN,0,0,False,False,True
98763,10,2,CST-MUMBAI,RAVLI JN,18,20,True,False,False
98764,10,2,CST-MUMBAI,RAVLI JN,0,0,False,False,True
98765,10,2,CST-MUMBAI,RAVLI JN,18,20,True,False,False
98766,10,2,CST-MUMBAI,RAVLI JN,0,0,False,False,True
98767,10,2,CST-MUMBAI,RAVLI JN,19,20,True,False,False
98768,10,2,CST-MUMBAI,RAVLI JN,0,0,False,False,True
98769,10,2,CST-MUMBAI,RAVLI JN,19,20,True,False,False
98770,10,2,CST-MUMBAI,RAVLI JN,0,0,False,False,True
98771,10,2,CST-MUMBAI,RAVLI JN,20,20,True,False,False
98772,10,2,CST-MUMBAI,RAVLI JN,0,0,False,False,True
98773,10,2,CST-MUMBAI,RAVLI JN,20,21,True,False,False
98774,10,2,CST-MUMBAI,RAVLI JN,0,0,False,False,True
98775,10,2,CST-MUMBAI,RAVLI JN,21,20,False,False,True
98776,10,2,CST-MUMBAI,RAVLI JN,0,0,False,False,True
98777,10,2,CST-MUMBAI,RAVLI JN,21,20,False,False,True
98778,10,2,CST-MUMBAI,RAVLI JN,0,0,False,False,True
98779,10,2,CST-MUMBAI,RAVLI JN,22,20,False,False,True
98780,10,2,CST-MUMBAI,RAVLI JN,0,0,False,False,True
98781,10,2,CST-MUMBAI,RAVLI JN,22,20,False,False,True
98782,10,2,CST-MUMBAI,RAVLI JN,0,0,False,False,True
98783,10,2,CST-MUMBAI,RAVLI JN,23,20,False,False,True
98784,10,2,CST-MUMBAI,RAVLI JN,0,0,False,False,True
98785,10,2,CST-MUMBAI,RAVLI JN,23,20,False,False,True
98800,10,2,CST-MUMBAI,RAVLI JN,0,0,False,False,True
98801,10,2,CST-MUMBAI,RAVLI JN,0,28,False,False,True
98802,10,2,CST-MUMBAI,RAVLI JN,0,0,False,False,True
98803,10,2,CST-MUMBAI,RAVLI JN,0,28,False,False,True
98804,10,2,CST-MUMBAI,RAVLI JN,0,0,False,False,True
98805,10,2,CST-MUMBAI,RAVLI JN,4,20,False,True,False
98806,10,2,CST-MUMBAI,RAVLI JN,0,0,False,False,True
98807,10,2,CST-MUMBAI,RAVLI JN,5,20,False,True,False
98808,10,2,CST-MUMBAI,RAVLI JN,0,0,False,False,True
98809,10,2,CST-MUMBAI,RAVLI JN,5,20,False,True,False
98810,10,2,CST-MUMBAI,RAVLI JN,0,0,False,False,True
98811,10,2,CST-MUMBAI,RAVLI JN,6,20,False,True,False
98812,10,2,CST-MUMBAI,RAVLI JN,0,0,False,False,True
98813,10,2,CST-MUMBAI,RAVLI JN,6,20,False,True,False
98814,10,2,CST-MUMBAI,RAVLI JN,0,0,False,False,True
98815,10,2,CST-MUMBAI,RAVLI JN,6,21,False,True,False
98816,10,2,CST-MUMBAI,RAVLI JN,0,0,False,False,True
98817,10,2,CST-MUMBAI,RAVLI JN,7,20,False,True,False
98818,10,2,CST-MUMBAI,RAVLI JN,0,0,False,False,True
98819,10,2,CST-MUMBAI,RAVLI JN,7,20,False,True,False
98820,10,2,CST-MUMBAI,RAVLI JN,0,0,False,False,True
98821,10,2,CST-MUMBAI,RAVLI JN,8,20,False,True,False
98822,10,2,CST-MUMBAI,RAVLI JN,0,0,False,False,True
98823,10,2,CST-MUMBAI,RAVLI JN,8,20,False,True,False
98824,10,2,CST-MUMBAI,RAVLI JN,0,0,False,False,True
98825,10,2,CST-MUMBAI,RAVLI JN,9,20,False,True,False
98826,10,2,CST-MUMBAI,RAVLI JN,0,0,False,False,True
98827,10,2,CST-MUMBAI,RAVLI JN,9,20,False,True,False
98828,10,2,CST-MUMBAI,RAVLI JN,0,0,False,False,True
98829,10,2,CST-MUMBAI,RAVLI JN,10,20,False,True,False
98830,10,2,CST-MUMBAI,RAVLI JN,0,0,False,False,True
98831,10,2,CST-MUMBAI,RAVLI JN,10,20,False,True,False
98832,10,2,CST-MUMBAI,RAVLI JN,0,0,False,False,True
98833,10,2,CST-MUMBAI,RAVLI JN,11,20,False,True,False
98834,10,2,CST-MUMBAI,RAVLI JN,0,0,False,False,True
98835,10,2,CST-MUMBAI,RAVLI JN,11,22,False,True,False
98836,10,2,CST-MUMBAI,RAVLI JN,0,0,False,False,True
98837,10,2,CST-MUMBAI,RAVLI JN,11,20,False,True,False
98838,10,2,CST-MUMBAI,RAVLI JN,0,0,False,False,True
98839,10,2,CST-MUMBAI,RAVLI JN,12,20,False,False,False
98840,10,2,CST-MUMBAI,RAVLI JN,0,0,False,False,True
98841,10,2,CST-MUMBAI,RAVLI JN,12,20,False,False,False
98842,10,2,CST-MUMBAI,RAVLI JN,0,0,False,False,True
98843,10,2,CST-MUMBAI,RAVLI JN,13,20,False,False,False
98844,10,2,CST-MUMBAI,RAVLI JN,0,0,False,False,True
98845,10,2,CST-MUMBAI,RAVLI JN,13,20,False,False,False
98846,10,2,CST-MUMBAI,RAVLI JN,0,0,False,False,True
98847,10,2,CST-MUMBAI,RAVLI JN,14,20,False,False,False
98848,10,2,CST-MUMBAI,RAVLI JN,0,0,False,False,True
98849,10,2,CST-MUMBAI,RAVLI JN,14,20,False,False,False
98850,10,2,CST-MUMBAI,RAVLI JN,0,0,False,False,True
98851,10,2,CST-MUMBAI,RAVLI JN,15,20,False,False,False
98852,10,2,CST-MUMBAI,RAVLI JN,0,0,False,False,True
98853,10,2,CST-MUMBAI,RAVLI JN,15,20,False,False,False
98854,10,2,CST-MUMBAI,RAVLI JN,0,0,False,False,True
98855,10,2,CST-MUMBAI,RAVLI JN,16,20,False,False,False
98856,10,2,CST-MUMBAI,RAVLI JN,0,0,False,False,True
98857,10,2,CST-MUMBAI,RAVLI JN,16,20,False,False,False
98858,10,2,CST-MUMBAI,RAVLI JN,0,0,False,False,True
98859,10,2,CST-MUMBAI,RAVLI JN,16,20,False,False,False
98860,10,2,CST-MUMBAI,RAVLI JN,0,0,False,False,True
98861,10,2,CST-MUMBAI,RAVLI JN,17,20,True,False,False
98862,10,2,CST-MUMBAI,RAVLI JN,0,0,False,False,True
98863,10,2,CST-MUMBAI,RAVLI JN,17,20,True,False,False
98864,10,2,CST-MUMBAI,RAVLI JN,0,0,False,False,True
98865,10,2,CST-MUMBAI,RAVLI JN,18,22,True,False,False
98866,10,2,CST-MUMBAI,RAVLI JN,0,0,False,False,True
98867,10,2,CST-MUMBAI,RAVLI JN,18,20,True,False,False
98868,10,2,CST-MUMBAI,RAVLI JN,0,0,False,False,True
98869,10,2,CST-MUMBAI,RAVLI JN,19,20,True,False,False
98870,10,2,CST-MUMBAI,RAVLI JN,0,0,False,False,True
98871,10,2,CST-MUMBAI,RAVLI JN,19,20,True,False,False
98872,10,2,CST-MUMBAI,RAVLI JN,0,0,False,False,True
98873,10,2,CST-MUMBAI,RAVLI JN,20,22,True,False,False
98874,10,2,CST-MUMBAI,RAVLI JN,0,0,False,False,True
98875,10,2,CST-MUMBAI,RAVLI JN,20,20,True,False,False
98876,10,2,CST-MUMBAI,RAVLI JN,0,0,False,False,True
98877,10,2,CST-MUMBAI,RAVLI JN,21,20,False,False,True
98878,10,2,CST-MUMBAI,RAVLI JN,0,0,False,False,True
98879,10,2,CST-MUMBAI,RAVLI JN,21,21,False,False,True
98880,10,2,CST-MUMBAI,RAVLI JN,0,0,False,False,True
98881,10,2,CST-MUMBAI,RAVLI JN,22,20,False,False,True
98882,10,2,CST-MUMBAI,RAVLI JN,0,0,False,False,True
98883,10,2,CST-MUMBAI,RAVLI JN,22,20,False,False,True
98884,10,2,CST-MUMBAI,RAVLI JN,0,0,False,False,True
98885,10,2,CST-MUMBAI,RAVLI JN,22,20,False,False,True
98886,10,2,CST-MUMBAI,RAVLI JN,0,0,False,False,True
98887,10,2,CST-MUMBAI,RAVLI JN,23,20,False,False,True
98900,40,2,PANVEL,RAVLI JN,0,0,False,False,True
98901,39,2,PANVEL,MUMBAI VADAL,5,60,False,True,False
98902,40,2,PANVEL,RAVLI JN,0,0,False,False,True
98903,39,2,PANVEL,MUMBAI VADAL,6,59,False,True,False
98904,40,2,PANVEL,RAVLI JN,0,0,False,False,True
98905,39,2,PANVEL,MUMBAI VADAL,7,59,False,True,False
98906,40,2,PANVEL,RAVLI JN,0,0,False,False,True
98907,39,2,PANVEL,MUMBAI VADAL,10,59,False,True,False
98908,40,2,PANVEL,RAVLI JN,0,0,False,False,True
98909,39,2,PANVEL,MUMBAI VADAL,16,60,False,False,False
98910,40,2,PANVEL,RAVLI JN,0,0,False,False,True
98911,39,2,PANVEL,MUMBAI VADAL,17,59,True,False,False
98912,40,2,PANVEL,RAVLI JN,0,0,False,False,True
98913,40,3,PANVEL,MUMBAI VADAL,17,60,True,False,False
98914,40,2,PANVEL,RAVLI JN,0,0,False,False,True
98915,40,2,PANVEL,RAVLI JN,18,72,True,False,False
98916,40,2,PANVEL,RAVLI JN,0,0,False,False,True
98917,40,3,PANVEL,MUMBAI VADAL,19,59,True,False,False
99000,34,2,PANVEL,THANE,4,54,False,True,False
99001,34,2,PANVEL,THANE,0,0,False,False,True
99002,34,2,PANVEL,THANE,5,53,False,True,False
99003,34,2,PANVEL,THANE,0,0,False,False,True
99004,34,2,PANVEL,THANE,6,53,False,True,False
99005,34,2,PANVEL,THANE,0,0,False,False,True
99006,34,2,PANVEL,THANE,6,56,False,True,False
99007,34,2,PANVEL,THANE,0,0,False,False,True
99008,34,2,PANVEL,THANE,7,53,False,True,False
99009,34,2,PANVEL,THANE,0,0,False,False,True
99010,34,2,PANVEL,THANE,8,46,False,True,False
99011,34,2,PANVEL,THANE,0,0,False,False,True
99012,34,2,PANVEL,THANE,9,54,False,True,False
99013,34,2,PANVEL,THANE,0,0,False,False,True
99014,34,2,PANVEL,THANE,10,54,False,True,False
99015,34,2,PANVEL,THANE,0,0,False,False,True
99016,34,2,PANVEL,THANE,10,53,False,True,False
99017,34,2,PANVEL,THANE,0,0,False,False,True
99018,34,2,PANVEL,THANE,11,53,False,True,False
99019,34,2,PANVEL,THANE,0,0,False,False,True
99020,34,2,PANVEL,THANE,12,53,False,False,False
99021,34,2,PANVEL,THANE,0,0,False,False,True
99022,34,2,PANVEL,THANE,13,53,False,False,False
99023,34,2,PANVEL,THANE,0,0,False,False,True
99024,34,2,PANVEL,THANE,13,53,False,False,False
99025,34,2,PANVEL,THANE,0,0,False,False,True
99026,34,2,PANVEL,THANE,14,53,False,False,False
99027,34,2,PANVEL,THANE,0,0,False,False,True
99028,34,2,PANVEL,THANE,15,53,False,False,False
99029,34,2,PANVEL,THANE,0,0,False,False,True
99030,34,2,PANVEL,THANE,16,53,False,False,False
99031,34,2,PANVEL,THANE,0,0,False,False,True
99032,34,2,PANVEL,THANE,17,53,True,False,False
99033,34,2,PANVEL,THANE,0,0,False,False,True
99034,34,2,PANVEL,THANE,18,46,True,False,False
99035,34,2,PANVEL,THANE,0,0,False,False,True
99036,34,2,PANVEL,THANE,18,53,True,False,False
99037,34,2,PANVEL,THANE,0,0,False,False,True
99038,34,2,PANVEL,THANE,19,53,True,False,False
99039,34,2,PANVEL,THANE,0,0,False,False,True
99040,34,2,PANVEL,THANE,20,53,True,False,False
99041,34,2,PANVEL,THANE,0,0,False,False,True
99042,34,2,PANVEL,THANE,21,53,False,False,True
99100,23,2,BELAPUR C.B.,THANE,5,40,False,True,False
99101,23,2,BELAPUR C.B.,THANE,0,0,False,False,True
99102,23,2,BELAPUR C.B.,THANE,7,39,False,True,False
99103,23,2,BELAPUR C.B.,THANE,0,0,False,False,True
99104,23,2,BELAPUR C.B.,THANE,15,39,False,False,False
99105,23,2,BELAPUR C.B.,THANE,0,0,False,False,True
99107,23,2,BELAPUR C.B.,THANE,0,0,False,False,True
99200,20,2,NERUL,THANE,6,32,False,True,False
99201,20,2,NERUL,THANE,0,0,False,False,True
99202,20,2,NERUL,THANE,6,32,False,True,False
99203,20,2,NERUL,THANE,0,0,False,False,True
99204,20,2,NERUL,THANE,7,32,False,True,False
99205,20,2,NERUL,THANE,0,0,False,False,True
99206,20,2,NERUL,THANE,8,32,False,True,False
99207,20,2,NERUL,THANE,0,0,False,False,True
99208,20,2,NERUL,THANE,8,32,False,True,False
99209,20,2,NERUL,THANE,0,0,False,False,True
99210,20,2,NERUL,THANE,8,32,False,True,False
99211,20,2,NERUL,THANE,0,0,False,False,True
99212,20,2,NERUL,THANE,9,32,False,True,False
99213,20,2,NERUL,THANE,0,0,False,False,True
99214,20,2,NERUL,THANE,9,32,False,True,False
99215,20,2,NERUL,THANE,0,0,False,False,True
99216,20,2,NERUL,THANE,10,32,False,True,False
99217,20,2,NERUL,THANE,0,0,False,False,True
99218,20,2,NERUL,THANE,11,32,False,True,False
99219,20,2,NERUL,THANE,0,0,False,False,True
99220,20,2,NERUL,THANE,11,33,False,True,False
99221,20,2,NERUL,THANE,0,0,False,False,True
99222,20,2,NERUL,THANE,12,32,False,False,False
99223,20,2,NERUL,THANE,0,0,False,False,True
99224,20,2,NERUL,THANE,13,32,False,False,False
99225,20,2,NERUL,THANE,0,0,False,False,True
99226,20,2,NERUL,THANE,14,32,False,False,False
99227,20,2,NERUL,THANE,0,0,False,False,True
99228,20,2,NERUL,THANE,15,32,False,False,False
99229,20,2,NERUL,THANE,0,0,False,False,True
99230,20,2,NERUL,THANE,15,34,False,False,False
99231,20,2,NERUL,THANE,0,0,False,False,True
99232,20,2,NERUL,THANE,16,32,False,False,False
99233,20,2,NERUL,THANE,0,0,False,False,True
99234,20,2,NERUL,THANE,16,32,False,False,False
99235,20,2,NERUL,THANE,0,0,False,False,True
99236,20,2,NERUL,THANE,17,32,True,False,False
99237,20,2,NERUL,THANE,0,0,False,False,True
99238,20,2,NERUL,THANE,17,32,True,False,False
99239,20,2,NERUL,THANE,0,0,False,False,True
99240,20,2,NERUL,THANE,18,32,True,False,False
99241,20,2,NERUL,THANE,0,0,False,False,True
99242,20,2,NERUL,THANE,18,32,True,False,False
99243,20,2,NERUL,THANE,0,0,False,False,True
99244,20,2,NERUL,THANE,19,32,True,False,False
99245,20,2,NERUL,THANE,0,0,False,False,True
99246,20,2,NERUL,THANE,20,32,True,False,False
99247,20,2,NERUL,THANE,0,0,False,False,True
99248,20,2,NERUL,THANE,20,33,True,False,False
99249,20,2,NERUL,THANE,0,0,False,False,True
99250,20,2,NERUL,THANE,21,32,False,False,True
99251,20,2,NERUL,THANE,0,0,False,False,True
99252,20,2,NERUL,THANE,21,32,False,False,True
99253,20,2,NERUL,THANE,0,0,False,False,True
99254,20,2,NERUL,THANE,23,32,False,False,True
99255,20,2,NERUL,THANE,0,0,False,False,True
99400,18,2,THANE,VASHI,0,0,False,False,True
99401,18,2,THANE,VASHI,5,28,False,True,False
99402,18,2,THANE,VASHI,0,0,False,False,True
99403,18,2,THANE,VASHI,5,28,False,True,False
99404,18,2,THANE,VASHI,0,0,False,False,True
99405,18,2,THANE,VASHI,6,28,False,True,False
99406,18,2,THANE,VASHI,0,0,False,False,True
99407,18,2,THANE,VASHI,6,28,False,True,False
99408,18,2,THANE,VASHI,0,0,False,False,True
99409,18,2,THANE,VASHI,6,28,False,True,False
99410,18,2,THANE,VASHI,0,0,False,False,True
99411,18,2,THANE,VASHI,7,28,False,True,False
99412,18,2,THANE,VASHI,0,0,False,False,True
99413,18,2,THANE,VASHI,7,28,False,True,False
99414,18,2,THANE,VASHI,0,0,False,False,True
99415,18,2,THANE,VASHI,7,28,False,True,False
99416,18,2,THANE,VASHI,0,0,False,False,True
99417,18,2,THANE,VASHI,8,28,False,True,False
99418,18,2,THANE,VASHI,0,0,False,False,True
99419,18,2,THANE,VASHI,8,28,False,True,False
99420,18,2,THANE,VASHI,0,0,False,False,True
99421,18,2,THANE,VASHI,8,28,False,True,False
99422,18,2,THANE,VASHI,0,0,False,False,True
99423,18,2,THANE,VASHI,9,28,False,True,False
99424,18,2,THANE,VASHI,0,0,False,False,True
99425,18,2,THANE,VASHI,9,28,False,True,False
99426,18,2,THANE,VASHI,0,0,False,False,True
99427,18,2,THANE,VASHI,9,28,False,True,False
99428,18,2,THANE,VASHI,0,0,False,False,True
99429,18,2,THANE,VASHI,9,29,False,True,False
99430,18,2,THANE,VASHI,0,0,False,False,True
99431,18,2,THANE,VASHI,10,28,False,True,False
99432,18,2,THANE,VASHI,0,0,False,False,True
99433,18,2,THANE,VASHI,10,28,False,True,False
99434,18,2,THANE,VASHI,0,0,False,False,True
99435,18,2,THANE,VASHI,10,28,False,True,False
99436,18,2,THANE,VASHI,0,0,False,False,True
99437,18,2,THANE,VASHI,11,28,False,True,False
99438,18,2,THANE,VASHI,0,0,False,False,True
99439,18,2,THANE,VASHI,11,28,False,True,False
99440,18,2,THANE,VASHI,0,0,False,False,True
99441,18,2,THANE,VASHI,11,28,False,True,False
99442,18,2,THANE,VASHI,0,0,False,False,True
99443,18,2,THANE,VASHI,12,28,False,False,False
99444,18,2,THANE,VASHI,0,0,False,False,True
99445,18,2,THANE,VASHI,12,28,False,False,False
99446,18,2,THANE,VASHI,0,0,False,False,True
99447,18,2,THANE,VASHI,12,29,False,False,False
99448,18,2,THANE,VASHI,0,0,False,False,True
99449,18,2,THANE,VASHI,13,29,False,False,False
99450,18,2,THANE,VASHI,0,0,False,False,True
99451,18,2,THANE,VASHI,13,29,False,False,False
99452,18,2,THANE,VASHI,0,0,False,False,True
99453,18,2,THANE,VASHI,14,29,False,False,False
99454,18,2,THANE,VASHI,0,0,False,False,True
99455,18,2,THANE,VASHI,14,28,False,False,False
99456,18,2,THANE,VASHI,0,0,False,False,True
99457,18,2,THANE,VASHI,14,28,False,False,False
99458,18,2,THANE,VASHI,0,0,False,False,True
99459,18,2,THANE,VASHI,15,28,False,False,False
99460,18,2,THANE,VASHI,0,0,False,False,True
99461,18,2,THANE,VASHI,15,28,False,False,False
99462,18,2,THANE,VASHI,0,0,False,False,True
99463,18,2,THANE,VASHI,16,28,False,False,False
99464,18,2,THANE,VASHI,0,0,False,False,True
99465,18,2,THANE,VASHI,16,28,False,False,False
99466,18,2,THANE,VASHI,0,0,False,False,True
99467,18,2,THANE,VASHI,16,29,False,False,False
99468,18,2,THANE,VASHI,0,0,False,False,True
99469,18,2,THANE,VASHI,17,28,True,False,False
99470,18,2,THANE,VASHI,0,0,False,False,True
99471,18,2,THANE,VASHI,17,28,True,False,False
99472,18,2,THANE,VASHI,0,0,False,False,True
99473,18,2,THANE,VASHI,17,28,True,False,False
99474,18,2,THANE,VASHI,0,0,False,False,True
99475,18,2,THANE,VASHI,18,28,True,False,False
99476,18,2,THANE,VASHI,0,0,False,False,True
99477,18,2,THANE,VASHI,18,28,True,False,False
99478,18,2,THANE,VASHI,0,0,False,False,True
99479,18,2,THANE,VASHI,18,28,True,False,False
99480,18,2,THANE,VASHI,0,0,False,False,True
99481,18,2,THANE,VASHI,18,28,True,False,False
99482,18,2,THANE,VASHI,0,0,False,False,True
99483,18,2,THANE,VASHI,19,28,True,False,False
99484,18,2,THANE,VASHI,0,0,False,False,True
99485,18,2,THANE,VASHI,19,28,True,False,False
99486,18,2,THANE,VASHI,0,0,False,False,True
99487,18,2,THANE,VASHI,19,28,True,False,False
99488,18,2,THANE,VASHI,0,0,False,False,True
99489,18,2,THANE,VASHI,20,30,True,False,False
99490,18,2,THANE,VASHI,0,0,False,False,True
99491,18,2,THANE,VASHI,20,28,True,False,False
99492,18,2,THANE,VASHI,0,0,False,False,True
99493,18,2,THANE,VASHI,20,28,True,False,False
99494,18,2,THANE,VASHI,0,0,False,False,True
99495,18,2,THANE,VASHI,21,89,False,False,True
99496,18,2,THANE,VASHI,0,0,False,False,True
99497,18,2,THANE,VASHI,21,29,False,False,True
99498,18,2,THANE,VASHI,0,0,False,False,True
99499,18,2,THANE,VASHI,22,29,False,False,True
99500,18,2,THANE,VASHI,0,0,False,False,True
99501,18,2,THANE,VASHI,22,29,False,False,True
99502,18,2,THANE,VASHI,0,0,False,False,True
99503,18,2,THANE,VASHI,23,29,False,False,True
99801,63,17,AKURDI,VADGAON,6,1418,False,True,False
99802,63,17,AKURDI,VADGAON,0,21,False,False,True
99803,63,17,AKURDI,VADGAON,7,1418,False,True,False
99804,63,17,AKURDI,VADGAON,5,20,False,True,False
99805,63,17,AKURDI,VADGAON,8,1418,False,True,False
99806,63,17,AKURDI,VADGAON,6,20,False,True,False
99807,63,17,AKURDI,VADGAON,9,1418,False,True,False
99808,63,17,AKURDI,VADGAON,7,20,False,True,False
99809,63,17,AKURDI,VADGAON,10,1417,False,True,False
99810,63,17,AKURDI,VADGAON,8,20,False,True,False
99811,63,17,AKURDI,VADGAON,12,1418,False,False,False
99812,63,17,AKURDI,VADGAON,10,20,False,True,False
99813,63,17,AKURDI,VADGAON,14,1418,False,False,False
99814,61,16,AKURDI,VADGAON,11,20,False,True,False
99815,63,17,AKURDI,VADGAON,15,1418,False,False,False
99816,63,17,AKURDI,VADGAON,12,23,False,False,False
99817,63,17,AKURDI,VADGAON,16,1418,False,False,False
99818,63,17,AKURDI,VADGAON,13,21,False,False,False
99819,63,17,AKURDI,VADGAON,18,1417,True,False,False
99820,63,17,AKURDI,VADGAON,15,21,False,False,False
99821,63,17,AKURDI,VADGAON,19,1417,True,False,False
99822,63,17,AKURDI,VADGAON,16,20,False,False,False
99823,61,12,AKURDI,TALEGAON,19,1423,True,False,False
99824,63,17,AKURDI,VADGAON,17,20,True,False,False
99825,63,17,AKURDI,VADGAON,20,1418,True,False,False
99826,63,17,AKURDI,VADGAON,18,20,True,False,False
99827,63,17,AKURDI,VADGAON,21,1418,False,False,True
99828,63,17,AKURDI,VADGAON,19,22,True,False,False
99829,63,17,AKURDI,VADGAON,22,1418,False,False,True
99830,63,17,AKURDI,VADGAON,20,20,True,False,False
99831,63,17,AKURDI,VADGAON,22,1418,False,False,True
99832,61,16,AKURDI,VADGAON,21,20,False,False,True
99833,63,17,AKURDI,VADGAON,23,1418,False,False,True
99834,63,17,AKURDI,VADGAON,21,20,False,False,True
99835,63,17,AKURDI,VADGAON,0,1418,False,False,True
99836,63,17,AKURDI,VADGAON,22,19,False,False,True
99901,34,12,AKURDI,TALEGAON,0,1424,False,False,True
99902,34,12,AKURDI,TALEGAON,7,20,False,True,False
99903,34,12,AKURDI,TALEGAON,8,1425,False,True,False
99904,34,12,AKURDI,TALEGAON,9,20,False,True,False
99905,31,11,AKURDI,TALEGAON,10,1425,False,True,False
99906,34,12,AKURDI,TALEGAON,16,20,False,False,False
99907,34,12,AKURDI,TALEGAON,16,1425,False,False,False
99908,34,12,AKURDI,TALEGAON,23,19,False,False,True
